{
  "attribution": {
    "episode_reward_mean": 126.19726849919171,
    "episode_reward_std": 36.792699056077616,
    "component_stats": {
      "r_progress_guidance": {
        "sum": 204.69908968469218,
        "abs_sum": 204.69908968469218,
        "mean": 0.24872307373595648,
        "std": 0.047297589177210206,
        "min": 0.10470002293586732,
        "max": 0.3693353787995875,
        "ratio": 0.44616989063848955,
        "trigger_rate": 1.0
      },
      "r_attitude_control": {
        "sum": 209.4927158128827,
        "abs_sum": 209.4927158128827,
        "mean": 0.2545476498333933,
        "std": 0.07049169347088814,
        "min": 0.0,
        "max": 0.29974169124034233,
        "ratio": 0.456618259747854,
        "trigger_rate": 0.9611178614823815
      },
      "r_control_cost": {
        "sum": -40.1,
        "abs_sum": 40.1,
        "mean": -0.04872417982989065,
        "std": 0.007884370069892075,
        "min": -0.05,
        "max": -0.0,
        "ratio": 0.0874034791369245,
        "trigger_rate": 0.9744835965978129
      },
      "r_contact_stability": {
        "sum": 4.5,
        "abs_sum": 4.5,
        "mean": 0.0054678007290400975,
        "std": 0.0401303298503705,
        "min": 0.0,
        "max": 0.3,
        "ratio": 0.009808370476712226,
        "trigger_rate": 0.018226002430133656
      },
      "r_primitive_terminal_success": {
        "sum": 0.0,
        "abs_sum": 0.0,
        "mean": 0.0,
        "std": 0.0,
        "min": 0.0,
        "max": 0.0,
        "ratio": 0.0,
        "trigger_rate": 0.0
      },
      "r_crash_safety": {
        "sum": 0.0,
        "abs_sum": 0.0,
        "mean": 0.0,
        "std": 0.0,
        "min": 0.0,
        "max": 0.0,
        "ratio": 0.0,
        "trigger_rate": 0.0
      }
    },
    "dominant_component": "r_attitude_control",
    "dominant_component_ratio": 0.456618259747854
  },
  "diagnostics": {
    "hack_flags": {
      "high_reward_low_progress": false,
      "component_dominance": false,
      "repeated_event_exploitation": true,
      "shaping_goal_mismatch": true,
      "terminal_success_dominance": false,
      "unstable_contact_behavior": true,
      "reward_repetition_risk": false
    },
    "failure_modes": [
      "repeated_event_exploitation",
      "shaping_goal_mismatch"
    ],
    "hack_score": 0.4,
    "suspected_components": [],
    "dominant_component": "r_attitude_control",
    "dominant_component_ratio": 0.456618259747854,
    "raw_component_dominance": false,
    "benign_terminal_dominance": false,
    "repeated_event_details": {
      "flag": true,
      "event_toggle_counts": {
        "left_contact": 7,
        "contact": 7,
        "safe_contact": 8,
        "right_contact": 6,
        "both_contact": 6
      },
      "max_event": "safe_contact",
      "max_toggle_count": 8
    },
    "semantic_notes": []
  },
  "semantic_outcome": {
    "episode_count": 3,
    "semantic_score": 0.6443738556257848,
    "success_episode_rate": 0.0,
    "terminal_reward_paid_episode_rate": 0.0,
    "terminal_reward_payment_count_mean": 0.0,
    "terminal_reward_payment_count_max": 0,
    "safe_contact_episode_rate": 1.0,
    "stable_landing_episode_rate": 0.0,
    "progress_score_mean": 0.6718071889591181,
    "progress_score_std": 0.10791578671849376,
    "episode_length_mean": 274.3333333333333,
    "episode_length_std": 81.24995726494602,
    "contact_toggle_mean": 7.333333333333333,
    "contact_toggle_max": 12.0,
    "reward_repetition_risk": false,
    "one_time_repeat_violations": [],
    "terminal_goal_evidence": false,
    "unstable_contact_behavior": true,
    "event_rule_payment_stats": {
      "r_primitive_terminal_success": {
        "episode_payment_counts": [
          0,
          0,
          0
        ],
        "episode_paid_rate": 0.0,
        "payment_count_mean": 0.0,
        "payment_count_max": 0,
        "one_time": true
      }
    },
    "terminal_rule_names": [
      "r_primitive_terminal_success"
    ],
    "one_time_rule_names": [
      "r_crash_safety",
      "r_primitive_terminal_success"
    ],
    "semantic_risks": [
      "unstable_contact_behavior"
    ]
  },
  "experiment_mode": {
    "use_memory": true,
    "use_attribution": true,
    "use_hack_detector": true,
    "use_llm_edit": true,
    "use_operator_constraints": true,
    "free_rewrite": false,
    "one_shot": false
  }
}