{
  "memory_id": "iter_002_to_003",
  "env_family": "landing_control",
  "failure_modes": [
    "repeated_event_exploitation",
    "shaping_goal_mismatch"
  ],
  "reward_attribution": {
    "episode_reward_mean": 126.19726849919171,
    "episode_reward_std": 36.792699056077616,
    "component_stats": {
      "r_progress_guidance": {
        "sum": 204.69908968469218,
        "abs_sum": 204.69908968469218,
        "mean": 0.24872307373595648,
        "std": 0.047297589177210206,
        "min": 0.10470002293586732,
        "max": 0.3693353787995875,
        "ratio": 0.44616989063848955,
        "trigger_rate": 1.0
      },
      "r_attitude_control": {
        "sum": 209.4927158128827,
        "abs_sum": 209.4927158128827,
        "mean": 0.2545476498333933,
        "std": 0.07049169347088814,
        "min": 0.0,
        "max": 0.29974169124034233,
        "ratio": 0.456618259747854,
        "trigger_rate": 0.9611178614823815
      },
      "r_control_cost": {
        "sum": -40.1,
        "abs_sum": 40.1,
        "mean": -0.04872417982989065,
        "std": 0.007884370069892075,
        "min": -0.05,
        "max": -0.0,
        "ratio": 0.0874034791369245,
        "trigger_rate": 0.9744835965978129
      },
      "r_contact_stability": {
        "sum": 4.5,
        "abs_sum": 4.5,
        "mean": 0.0054678007290400975,
        "std": 0.0401303298503705,
        "min": 0.0,
        "max": 0.3,
        "ratio": 0.009808370476712226,
        "trigger_rate": 0.018226002430133656
      },
      "r_primitive_terminal_success": {
        "sum": 0.0,
        "abs_sum": 0.0,
        "mean": 0.0,
        "std": 0.0,
        "min": 0.0,
        "max": 0.0,
        "ratio": 0.0,
        "trigger_rate": 0.0
      },
      "r_crash_safety": {
        "sum": 0.0,
        "abs_sum": 0.0,
        "mean": 0.0,
        "std": 0.0,
        "min": 0.0,
        "max": 0.0,
        "ratio": 0.0,
        "trigger_rate": 0.0
      }
    },
    "dominant_component": "r_attitude_control",
    "dominant_component_ratio": 0.456618259747854
  },
  "edit_plan": [],
  "outcome": {
    "status": "not_applicable",
    "before": {
      "task_score": 0.6443738556257848,
      "semantic_score": 0.6443738556257848,
      "selection_score": 0.8887477112515695,
      "hack_score": 0.4,
      "true_hack_risk": true,
      "terminal_goal_evidence": false,
      "reward_repetition_risk": false,
      "high_reward_low_progress": false,
      "shaping_goal_mismatch": true,
      "unstable_contact_behavior": true,
      "benign_terminal_dominance": false,
      "success_episode_rate": 0.0,
      "terminal_reward_paid_episode_rate": 0.0,
      "safe_contact_episode_rate": 1.0,
      "stable_landing_episode_rate": 0.0
    },
    "after": {},
    "delta": {},
    "note": "No schema transition was committed for this iteration."
  },
  "lesson": "Final iteration; edit generation skipped.",
  "metadata": {
    "config_path": "/tmp/eg_rsa_ast_smoke_3x100k.yml",
    "iteration": 2,
    "schema_snapshot": {
      "version": 2,
      "components": [
        {
          "name": "r_progress_guidance",
          "type": "formula_component",
          "weight": 0.8,
          "inputs": [],
          "params": {
            "formula_ast": {
              "op": "sub",
              "left": {
                "const": 1.0
              },
              "right": {
                "op": "min",
                "args": [
                  {
                    "op": "add",
                    "args": [
                      {
                        "op": "abs",
                        "arg": {
                          "var": "x"
                        }
                      },
                      {
                        "op": "mul",
                        "args": [
                          {
                            "const": 0.5
                          },
                          {
                            "op": "abs",
                            "arg": {
                              "var": "vx"
                            }
                          }
                        ]
                      },
                      {
                        "op": "mul",
                        "args": [
                          {
                            "const": 0.5
                          },
                          {
                            "op": "abs",
                            "arg": {
                              "var": "vy"
                            }
                          }
                        ]
                      }
                    ]
                  },
                  {
                    "const": 1.0
                  }
                ]
              }
            }
          },
          "clip": [
            0.0,
            1.0
          ],
          "enabled": true,
          "semantic_role": "dense_guidance",
          "reward_timing": "dense",
          "behavior_channel": "progress",
          "formula_ast": {
            "op": "sub",
            "left": {
              "const": 1.0
            },
            "right": {
              "op": "min",
              "args": [
                {
                  "op": "add",
                  "args": [
                    {
                      "op": "abs",
                      "arg": {
                        "var": "x"
                      }
                    },
                    {
                      "op": "mul",
                      "args": [
                        {
                          "const": 0.5
                        },
                        {
                          "op": "abs",
                          "arg": {
                            "var": "vx"
                          }
                        }
                      ]
                    },
                    {
                      "op": "mul",
                      "args": [
                        {
                          "const": 0.5
                        },
                        {
                          "op": "abs",
                          "arg": {
                            "var": "vy"
                          }
                        }
                      ]
                    }
                  ]
                },
                {
                  "const": 1.0
                }
              ]
            }
          }
        },
        {
          "name": "r_attitude_control",
          "type": "formula_component",
          "weight": 0.3,
          "inputs": [],
          "params": {
            "formula_ast": {
              "op": "sub",
              "left": {
                "const": 1.0
              },
              "right": {
                "op": "min",
                "args": [
                  {
                    "op": "add",
                    "args": [
                      {
                        "op": "abs",
                        "arg": {
                          "var": "angle"
                        }
                      },
                      {
                        "op": "abs",
                        "arg": {
                          "var": "angular_velocity"
                        }
                      }
                    ]
                  },
                  {
                    "const": 1.0
                  }
                ]
              }
            }
          },
          "clip": [
            0.0,
            1.0
          ],
          "enabled": true,
          "semantic_role": "stability_quality",
          "reward_timing": "dense",
          "behavior_channel": "attitude",
          "formula_ast": {
            "op": "sub",
            "left": {
              "const": 1.0
            },
            "right": {
              "op": "min",
              "args": [
                {
                  "op": "add",
                  "args": [
                    {
                      "op": "abs",