{
  "note": "Post-hoc oracle reward evaluation only. Not used by EG-RSA reward search.",
  "env_id": "LunarLander-v3",
  "num_episodes": 3,
  "return_mean": 22.287385255321727,
  "return_std": 145.6611643337351,
  "episode_length_mean": 344.0,
  "episode_returns": [
    201.3778383374299,
    20.893842780557506,
    -155.4095253520222
  ],
  "episode_lengths": [
    364,
    156,
    512
  ]
}