{
  "tool": "trajectory_inspector",
  "num_episodes": 3,
  "success_count": 0,
  "success_rate": 0.0,
  "episode_length_mean": 274.3333333333333,
  "safe_contact_rate_mean": 0.034719291913586636,
  "stable_landing_rate_mean": 0.0,
  "contact_toggle_mean": 7.333333333333333,
  "contact_toggle_max": 12,
  "worst_episodes": [
    {
      "episode": 0,
      "success": 0.0,
      "progress_score": 0.5838568394058188,
      "episode_length": 258,
      "safe_contact_rate": 0.015503875968992248,
      "stable_landing_rate": 0.0,
      "contact_rate": 0.046511627906976744,
      "both_contact_rate": 0.027131782945736434,
      "contact_toggle_count": 12,
      "episode_reward": 121.78694993150353,
      "oracle_reward_posthoc": -85.21137760932258
    },
    {
      "episode": 1,
      "success": 0.0,
      "progress_score": 0.6077671909835266,
      "episode_length": 184,
      "safe_contact_rate": 0.059782608695652176,
      "stable_landing_rate": 0.0,
      "contact_rate": 0.08152173913043478,
      "both_contact_rate": 0.021739130434782608,
      "contact_toggle_count": 4,
      "episode_reward": 83.502919173862,
      "oracle_reward_posthoc": -56.70207391353999
    },
    {
      "episode": 2,
      "success": 0.0,
      "progress_score": 0.8237975364880089,
      "episode_length": 381,
      "safe_contact_rate": 0.028871391076115485,
      "stable_landing_rate": 0.0,
      "contact_rate": 0.2440944881889764,
      "both_contact_rate": 0.010498687664041995,
      "contact_toggle_count": 6,
      "episode_reward": 173.30193639220957,
      "oracle_reward_posthoc": 196.16715843694345
    }
  ],
  "best_episodes": []
}