{
  "memory_id": "iter_003_to_004",
  "env_family": "landing_control",
  "failure_modes": [
    "repeated_event_exploitation",
    "shaping_goal_mismatch"
  ],
  "reward_attribution": {
    "episode_reward_mean": -52.605101571907525,
    "episode_reward_std": 11.897174673158434,
    "component_stats": {
      "r_distance": {
        "sum": -318.4930981427761,
        "abs_sum": 318.4930981427761,
        "mean": -0.41416527716875956,
        "std": 0.12811265447232992,
        "min": -0.5,
        "max": -0.035270814595260984,
        "ratio": 0.3439260826202629,
        "trigger_rate": 1.0
      },
      "r_velocity": {
        "sum": -390.0720142062936,
        "abs_sum": 390.0720142062936,
        "mean": -0.5072457922058434,
        "std": 0.24591178713177325,
        "min": -1.0,
        "max": -3.5854560050348814e-08,
        "ratio": 0.42122086967682365,
        "trigger_rate": 1.0
      },
      "r_angle": {
        "sum": -14.425903370005642,
        "abs_sum": 14.425903370005642,
        "mean": -0.01875930217165883,
        "std": 0.04460201203026083,
        "min": -0.6,
        "max": -8.794483937037966e-05,
        "ratio": 0.015577871116316443,
        "trigger_rate": 1.0
      },
      "r_energy": {
        "sum": -3.0599999999999996,
        "abs_sum": 3.0599999999999996,
        "mean": -0.003979193758127437,
        "std": 0.01017555058849902,
        "min": -0.03,
        "max": -0.0,
        "ratio": 0.003304353591820133,
        "trigger_rate": 0.13263979193758127
      },
      "r_contact_one_time": {
        "sum": 200.0,
        "abs_sum": 200.0,
        "mean": 0.26007802340702213,
        "std": 2.2658155021716,
        "min": 0.0,
        "max": 20.0,
        "ratio": 0.21597082299477996,
        "trigger_rate": 0.013003901170351105
      }
    },
    "dominant_component": "r_velocity",
    "dominant_component_ratio": 0.42122086967682365
  },
  "edit_plan": [
    {
      "operator": "decrease_weight",
      "target": "r_velocity",
      "factor": 0.5
    }
  ],
  "outcome": {
    "status": "pending",
    "before": {
      "task_score": 0.47347671637517186,
      "hack_score": 0.5
    },
    "after": {},
    "delta": {},
    "note": "Pending until the edited schema is trained in the next iteration."
  },
  "lesson": "The dense r_velocity penalty is too strong relative to the landing bonus, causing negative total rewards and likely hindering learning of fast, fuel‑efficient landings. A modest weight reduction is the minimal‑risk edit.",
  "metadata": {
    "config_path": "configs/eg_rsa_deepseek_memory_10iter_500k.yml",
    "iteration": 3,
    "validation_errors": [],
    "experiment_mode": {
      "use_memory": true,
      "use_attribution": true,
      "use_hack_detector": true,
      "use_llm_edit": true,
      "use_operator_constraints": true,
      "free_rewrite": false,
      "one_shot": false
    },
    "edit_generated": true
  }
}