{
  "note": "Post-hoc oracle reward evaluation only. Not used by EG-RSA reward search.",
  "env_id": "LunarLander-v3",
  "num_episodes": 10,
  "return_mean": -105.86063147004056,
  "return_std": 19.481697873909187,
  "episode_length_mean": 67.3,
  "episode_returns": [
    -93.54712994842586,
    -100.56029195156611,
    -107.02220671306358,
    -72.6746097337283,
    -86.43391998039365,
    -119.58392296839116,
    -120.39279492804343,
    -121.75551176900069,
    -94.0995692352461,
    -142.53635747254663
  ],
  "episode_lengths": [
    54,
    54,
    62,
    72,
    51,
    81,
    70,
    86,
    54,
    89
  ]
}