{
  "note": "Post-hoc oracle reward evaluation only. Not used by EG-RSA reward search.",
  "env_id": "LunarLander-v3",
  "num_episodes": 10,
  "return_mean": 2.8261895768163514,
  "return_std": 79.89220142807376,
  "episode_length_mean": 931.4,
  "episode_returns": [
    -34.87882994827258,
    238.69547568708018,
    -43.87888874699382,
    -20.154538705047372,
    6.884989236345272,
    -20.961245282538723,
    -35.40893425052521,
    -20.913439527705368,
    -33.98534314252203,
    -7.137349551656835
  ],
  "episode_lengths": [
    1000,
    314,
    1000,
    1000,
    1000,
    1000,
    1000,
    1000,
    1000,
    1000
  ]
}