{
  "attribution": {
    "episode_reward_mean": 257.1437368371043,
    "episode_reward_std": 73.66372706595145,
    "component_stats": {
      "r_approach_region": {
        "sum": 772.148139763075,
        "abs_sum": 772.148139763075,
        "mean": 0.24700836204832854,
        "std": 0.036016222373743925,
        "min": 0.1375818425249282,
        "max": 0.26249999999999996,
        "ratio": 0.2904868494336914,
        "trigger_rate": 1.0
      },
      "r_approach_progress": {
        "sum": 14.521053057814102,
        "abs_sum": 14.521053057814102,
        "mean": 0.004645250498341044,
        "std": 0.00922043988547944,
        "min": 0.0,
        "max": 0.05060454501537581,
        "ratio": 0.005462908910870638,
        "trigger_rate": 0.30070377479206656
      },
      "r_stability": {
        "sum": 561.197581231282,
        "abs_sum": 561.197581231282,
        "mean": 0.17952577774513181,
        "std": 0.07357464995604712,
        "min": 0.057904962738011996,
        "max": 0.3496414342183001,
        "ratio": 0.21112596001552789,
        "trigger_rate": 1.0
      },
      "r_landing_quality": {
        "sum": 856.9105943188722,
        "abs_sum": 856.9105943188722,
        "mean": 0.27412367060744475,
        "std": 0.19174167700602396,
        "min": 0.02396620367309374,
        "max": 0.6992828684366001,
        "ratio": 0.32237500289312354,
        "trigger_rate": 1.0
      },
      "r_energy": {
        "sum": -43.34,
        "abs_sum": 43.34,
        "mean": -0.013864363403710814,
        "std": 0.009223160818507969,
        "min": -0.02,
        "max": -0.0,
        "ratio": 0.016304772887647173,
        "trigger_rate": 0.6932181701855407
      },
      "r_safe_contact_once": {
        "sum": 90.0,
        "abs_sum": 90.0,
        "mean": 0.028790786948176585,
        "std": 0.5357974991250619,
        "min": 0.0,
        "max": 10.0,
        "ratio": 0.03385855006664157,
        "trigger_rate": 0.0028790786948176585
      },
      "r_stable_landing_once": {
        "sum": 320.0,
        "abs_sum": 320.0,
        "mean": 0.10236724248240563,
        "std": 2.0209430093307366,
        "min": 0.0,
        "max": 40.0,
        "ratio": 0.12038595579250336,
        "trigger_rate": 0.0025591810620601407
      }
    },
    "dominant_component": "r_landing_quality",
    "dominant_component_ratio": 0.32237500289312354
  },
  "diagnostics": {
    "hack_flags": {
      "high_reward_low_progress": true,
      "component_dominance": false,
      "repeated_event_exploitation": false,
      "shaping_goal_mismatch": false,
      "terminal_success_dominance": false,
      "unstable_contact_behavior": true,
      "reward_repetition_risk": false
    },
    "failure_modes": [
      "high_reward_low_progress"
    ],
    "hack_score": 0.2,
    "suspected_components": [],
    "dominant_component": "r_landing_quality",
    "dominant_component_ratio": 0.32237500289312354,
    "raw_component_dominance": false,
    "benign_terminal_dominance": false,
    "repeated_event_details": {
      "flag": true,
      "event_toggle_counts": {
        "landing_region": 11,
        "left_contact": 17,
        "contact": 19,
        "safe_contact": 18,
        "right_contact": 16,
        "both_contact": 14,
        "stable_both_contact": 8,
        "stable_landing_condition": 8
      },
      "max_event": "contact",
      "max_toggle_count": 19
    },
    "semantic_notes": [
      "contact_or_landing_toggles_observed_but_not_repeated_reward_exploitation"
    ]
  },
  "semantic_outcome": {
    "episode_count": 10,
    "semantic_score": 3.668253406047245,
    "success_episode_rate": 0.8,
    "terminal_reward_paid_episode_rate": 0.8,
    "terminal_reward_payment_count_mean": 0.8,
    "terminal_reward_payment_count_max": 1,
    "safe_contact_episode_rate": 0.9,
    "stable_landing_episode_rate": 0.8,
    "progress_score_mean": 0.8995134060472451,
    "progress_score_std": 0.20584572148340463,
    "episode_length_mean": 312.6,
    "episode_length_std": 70.66144634806169,
    "contact_toggle_mean": 88.3,
    "contact_toggle_max": 185.0,
    "reward_repetition_risk": false,
    "one_time_repeat_violations": [],
    "terminal_goal_evidence": true,
    "unstable_contact_behavior": true,
    "event_rule_payment_stats": {
      "r_stable_landing_once": {
        "episode_payment_counts": [
          1,
          0,
          1,
          1,
          1,
          1,
          1,
          0,
          1,
          1
        ],
        "episode_paid_rate": 0.8,
        "payment_count_mean": 0.8,
        "payment_count_max": 1,
        "one_time": true
      }
    },
    "terminal_rule_names": [
      "r_stable_landing_once"
    ],
    "one_time_rule_names": [
      "r_safe_contact_once",
      "r_stable_landing_once"
    ],
    "semantic_risks": [
      "unstable_contact_behavior",
      "terminal_goal_evidence_present"
    ]
  },
  "experiment_mode": {
    "use_memory": true,
    "use_attribution": true,
    "use_hack_detector": true,
    "use_llm_edit": true,
    "use_operator_constraints": true,
    "free_rewrite": false,
    "one_shot": false
  }
}