{
  "note": "Post-hoc oracle reward evaluation only. Not used by EG-RSA reward search.",
  "env_id": "LunarLander-v3",
  "num_episodes": 10,
  "return_mean": 184.4687982344117,
  "return_std": 97.37214803845126,
  "episode_length_mean": 454.7,
  "episode_returns": [
    258.51073755888405,
    16.59848874190118,
    177.9529272678983,
    272.44705329766964,
    260.6821047479799,
    84.50093615375923,
    251.43253534919373,
    247.24902014662968,
    248.91773077849675,
    26.39644830170468
  ],
  "episode_lengths": [
    280,
    154,
    880,
    256,
    328,
    1000,
    381,
    471,
    387,
    410
  ]
}