{
  "attribution": {
    "episode_reward_mean": 1008.3187371471674,
    "episode_reward_std": 74.80742815893613,
    "component_stats": {
      "horizontal_approach": {
        "sum": 3628.997577052927,
        "abs_sum": 3628.997577052927,
        "mean": 0.939667938128671,
        "std": 0.06450387977410782,
        "min": 0.7215126156806946,
        "max": 0.9999219894380076,
        "ratio": 0.34413779947336914,
        "trigger_rate": 1.0
      },
      "vertical_approach": {
        "sum": 2418.0771231927292,
        "abs_sum": 2418.0771231927292,
        "mean": 0.6261204358344715,
        "std": 0.38809316802889726,
        "min": 0.0,
        "max": 1.0,
        "ratio": 0.229306226434084,
        "trigger_rate": 0.8368720870015536
      },
      "descent_rate": {
        "sum": 769.5757356579657,
        "abs_sum": 769.5757356579657,
        "mean": 0.199268704209727,
        "std": 0.24680091208426785,
        "min": 5.051847914685909e-11,
        "max": 0.9678639617979587,
        "ratio": 0.07297885836906662,
        "trigger_rate": 0.9974106680476437
      },
      "attitude_stability": {
        "sum": 3397.5369355680527,
        "abs_sum": 3397.5369355680527,
        "mean": 0.8797350946577039,
        "std": 0.17377467078285358,
        "min": 0.19491415483512398,
        "max": 0.9999999972383493,
        "ratio": 0.3221883894409751,
        "trigger_rate": 1.0
      },
      "control_cost": {
        "sum": -230.99999999999997,
        "abs_sum": 230.99999999999997,
        "mean": -0.059813568099430336,
        "std": 0.04902748087713506,
        "min": -0.1,
        "max": -0.0,
        "ratio": 0.021905727405557,
        "trigger_rate": 0.5981356809943035
      },
      "landing_bonus": {
        "sum": 100.0,
        "abs_sum": 100.0,
        "mean": 0.02589331952356292,
        "std": 0.5081955639708791,
        "min": 0.0,
        "max": 10.0,
        "ratio": 0.009482998876864502,
        "trigger_rate": 0.002589331952356292
      }
    },
    "dominant_component": "horizontal_approach",
    "dominant_component_ratio": 0.34413779947336914
  },
  "diagnostics": {
    "hack_flags": {
      "high_reward_low_progress": false,
      "component_dominance": false,
      "repeated_event_exploitation": false,
      "shaping_goal_mismatch": true,
      "terminal_success_dominance": false,
      "unstable_contact_behavior": true,
      "reward_repetition_risk": false
    },
    "failure_modes": [
      "shaping_goal_mismatch"
    ],
    "hack_score": 0.2,
    "suspected_components": [],
    "dominant_component": "horizontal_approach",
    "dominant_component_ratio": 0.34413779947336914,
    "raw_component_dominance": false,
    "benign_terminal_dominance": false,
    "repeated_event_details": {
      "flag": false,
      "event_toggle_counts": {},
      "max_event": null,
      "max_toggle_count": 0
    },
    "semantic_notes": [
      "contact_or_landing_toggles_observed_but_not_repeated_reward_exploitation"
    ]
  },
  "semantic_outcome": {
    "episode_count": 10,
    "semantic_score": 1.9594568809575998,
    "success_episode_rate": 0.0,
    "terminal_reward_paid_episode_rate": 1.0,
    "terminal_reward_payment_count_mean": 1.0,
    "terminal_reward_payment_count_max": 1,
    "safe_contact_episode_rate": 0.0,
    "stable_landing_episode_rate": 0.0,
    "progress_score_mean": 0.9980768809575998,
    "progress_score_std": 0.0012054967554920727,
    "episode_length_mean": 386.2,
    "episode_length_std": 26.003076741032014,
    "contact_toggle_mean": 203.6,
    "contact_toggle_max": 239.0,
    "reward_repetition_risk": false,
    "one_time_repeat_violations": [],
    "terminal_goal_evidence": true,
    "unstable_contact_behavior": true,
    "event_rule_payment_stats": {
      "landing_bonus": {
        "episode_payment_counts": [
          1,
          1,
          1,
          1,
          1,
          1,
          1,
          1,
          1,
          1
        ],
        "episode_paid_rate": 1.0,
        "payment_count_mean": 1.0,
        "payment_count_max": 1,
        "one_time": true
      }
    },
    "terminal_rule_names": [
      "landing_bonus"
    ],
    "one_time_rule_names": [
      "landing_bonus"
    ],
    "semantic_risks": [
      "unstable_contact_behavior",
      "terminal_goal_evidence_present"
    ]
  },
  "experiment_mode": {
    "use_memory": true,
    "use_attribution": true,
    "use_hack_detector": true,
    "use_llm_edit": true,
    "use_operator_constraints": true,
    "free_rewrite": false,
    "one_shot": false
  }
}