{
  "note": "Post-hoc oracle reward evaluation only. Not used by EG-RSA reward search.",
  "env_id": "LunarLander-v3",
  "num_episodes": 10,
  "return_mean": 251.24204436854794,
  "return_std": 17.575134928440466,
  "episode_length_mean": 379.9,
  "episode_returns": [
    245.43513066276597,
    273.1385482552351,
    270.30534346983893,
    235.7947560428081,
    236.56014909393463,
    224.56985633453263,
    261.11872551686355,
    279.5564730946959,
    245.27288485920002,
    240.6685763556049
  ],
  "episode_lengths": [
    391,
    335,
    353,
    396,
    351,
    366,
    444,
    390,
    396,
    377
  ]
}