{
  "eval_generated_return": -45.34612964722747,
  "eval_hidden_return": -118.75248903842775,
  "eval_episode_length": 71.1,
  "component_returns": {
    "distance_reward": -17.41952356867861,
    "velocity_penalty": -17.928693954820552,
    "angle_penalty": -3.5029121237283105,
    "fuel_efficiency": 0.0,
    "terminal": -6.4950000000000045
  },
  "diagnostics": {
    "generated_private_gap": 73.40635939120028,
    "action_mean": 0.2672292545710267,
    "action_std": 0.758659749502686,
    "episode_length_mean": 71.1,
    "component_returns": {
      "distance_reward": -17.41952356867861,
      "velocity_penalty": -17.928693954820552,
      "angle_penalty": -3.5029121237283105,
      "fuel_efficiency": 0.0,
      "terminal": -6.4950000000000045
    },
    "ppo_n_envs": 1,
    "ppo_vec_env_type": "dummy",
    "ppo_total_timesteps": 2000000,
    "ppo_n_steps": 1024,
    "ppo_batch_size": 64,
    "ppo_n_epochs": 4,
    "ppo_gae_lambda": 0.98,
    "ppo_gamma": 0.999,
    "ppo_ent_coef": 0.01,
    "ppo_learning_rate": 0.0003,
    "ppo_clip_range": 0.2,
    "ppo_vf_coef": 0.5,
    "ppo_max_grad_norm": 0.5
  }
}