{
  "attribution": {
    "episode_reward_mean": 3296.4882070021863,
    "episode_reward_std": 79.99363274411002,
    "component_stats": {
      "r_approach_region": {
        "sum": 13455.183381910445,
        "abs_sum": 13455.183381910445,
        "mean": 1.3455183381910445,
        "std": 0.31002239066931264,
        "min": 0.39761147055338314,
        "max": 1.5,
        "ratio": 0.40329847660111234,
        "trigger_rate": 1.0
      },
      "r_approach_progress": {
        "sum": 14.341185220550386,
        "abs_sum": 14.341185220550386,
        "mean": 0.0014341185220550386,
        "std": 0.00262584788100913,
        "min": 0.0,
        "max": 0.012878176879982828,
        "ratio": 0.00042985502225694253,
        "trigger_rate": 0.2516
      },
      "r_stability": {
        "sum": 7318.515509916062,
        "abs_sum": 7318.515509916062,
        "mean": 0.7318515509916061,
        "std": 0.14060948683265362,
        "min": 0.23608166499583264,
        "max": 0.9797852689326095,
        "ratio": 0.21936127307628586,
        "trigger_rate": 1.0
      },
      "r_landing_quality": {
        "sum": 12375.82199297482,
        "abs_sum": 12375.82199297482,
        "mean": 1.237582199297482,
        "std": 0.5229100143964294,
        "min": 0.09231135630251146,
        "max": 1.959570537865219,
        "ratio": 0.3709462751108647,
        "trigger_rate": 1.0
      },
      "r_energy": {
        "sum": -198.98000000000002,
        "abs_sum": 198.98000000000002,
        "mean": -0.019898000000000002,
        "std": 0.0014246389016168272,
        "min": -0.02,
        "max": -0.0,
        "ratio": 0.005964120190437361,
        "trigger_rate": 0.9949
      },
      "r_safe_contact_once": {
        "sum": 0.0,
        "abs_sum": 0.0,
        "mean": 0.0,
        "std": 0.0,
        "min": 0.0,
        "max": 0.0,
        "ratio": 0.0,
        "trigger_rate": 0.0
      },
      "r_stable_landing_once": {
        "sum": 0.0,
        "abs_sum": 0.0,
        "mean": 0.0,
        "std": 0.0,
        "min": 0.0,
        "max": 0.0,
        "ratio": 0.0,
        "trigger_rate": 0.0
      }
    },
    "dominant_component": "r_approach_region",
    "dominant_component_ratio": 0.40329847660111234
  },
  "diagnostics": {
    "hack_flags": {
      "high_reward_low_progress": false,
      "component_dominance": false,
      "repeated_event_exploitation": true,
      "shaping_goal_mismatch": true,
      "terminal_success_dominance": false,
      "unstable_contact_behavior": true,
      "reward_repetition_risk": false
    },
    "failure_modes": [
      "repeated_event_exploitation",
      "shaping_goal_mismatch"
    ],
    "hack_score": 0.4,
    "suspected_components": [],
    "dominant_component": "r_approach_region",
    "dominant_component_ratio": 0.40329847660111234,
    "raw_component_dominance": false,
    "benign_terminal_dominance": false,
    "repeated_event_details": {
      "flag": true,
      "event_toggle_counts": {
        "landing_region": 19
      },
      "max_event": "landing_region",
      "max_toggle_count": 19
    },
    "semantic_notes": []
  },
  "semantic_outcome": {
    "episode_count": 10,
    "semantic_score": 0.6750753195642295,
    "success_episode_rate": 0.0,
    "terminal_reward_paid_episode_rate": 0.0,
    "terminal_reward_payment_count_mean": 0.0,
    "terminal_reward_payment_count_max": 0,
    "safe_contact_episode_rate": 0.0,
    "stable_landing_episode_rate": 0.0,
    "progress_score_mean": 0.7750753195642295,
    "progress_score_std": 0.061813051889287464,
    "episode_length_mean": 1000.0,
    "episode_length_std": 0.0,
    "contact_toggle_mean": 13.8,
    "contact_toggle_max": 31.0,
    "reward_repetition_risk": false,
    "one_time_repeat_violations": [],
    "terminal_goal_evidence": false,
    "unstable_contact_behavior": true,
    "event_rule_payment_stats": {
      "r_stable_landing_once": {
        "episode_payment_counts": [
          0,
          0,
          0,
          0,
          0,
          0,
          0,
          0,
          0,
          0
        ],
        "episode_paid_rate": 0.0,
        "payment_count_mean": 0.0,
        "payment_count_max": 0,
        "one_time": true
      }
    },
    "terminal_rule_names": [
      "r_stable_landing_once"
    ],
    "one_time_rule_names": [
      "r_safe_contact_once",
      "r_stable_landing_once"
    ],
    "semantic_risks": [
      "unstable_contact_behavior"
    ]
  },
  "experiment_mode": {
    "use_memory": true,
    "use_attribution": true,
    "use_hack_detector": true,
    "use_llm_edit": true,
    "use_operator_constraints": true,
    "free_rewrite": false,
    "one_shot": false
  }
}