{
  "note": "Post-hoc oracle reward evaluation only. Not used by EG-RSA reward search.",
  "env_id": "LunarLander-v3",
  "num_episodes": 10,
  "return_mean": -15.24434856693397,
  "return_std": 25.19560635856046,
  "episode_length_mean": 1000.0,
  "episode_returns": [
    10.857326315073244,
    1.8224157602624806,
    -54.23176586448052,
    -23.673124949148107,
    2.106365502065491,
    -47.38091613149485,
    1.8405796850121634,
    -52.43724203337956,
    6.506715050697011,
    2.1461609960529007
  ],
  "episode_lengths": [
    1000,
    1000,
    1000,
    1000,
    1000,
    1000,
    1000,
    1000,
    1000,
    1000
  ]
}