{
  "attribution": {
    "episode_reward_mean": -156.5784765555191,
    "episode_reward_std": 106.42777866913214,
    "component_stats": {
      "r_approach_region": {
        "sum": 207.49478276028202,
        "abs_sum": 207.49478276028202,
        "mean": 0.058997663565619,
        "std": 0.022546627143286892,
        "min": 0.023856688233202993,
        "max": 0.09000000000000001,
        "ratio": 0.07767223158903952,
        "trigger_rate": 1.0
      },
      "r_approach_progress": {
        "sum": 41.396345322343386,
        "abs_sum": 41.396345322343386,
        "mean": 0.011770356929867326,
        "std": 0.01789920085869781,
        "min": 0.0,
        "max": 0.1703077764370855,
        "ratio": 0.015496035505295505,
        "trigger_rate": 0.6147284617571794
      },
      "r_stability": {
        "sum": 159.6584376263654,
        "abs_sum": 159.6584376263654,
        "mean": 0.04539620063302969,
        "std": 0.012498980155607839,
        "min": 0.011065496301164577,
        "max": 0.08412365912444127,
        "ratio": 0.05976548893176816,
        "trigger_rate": 1.0
      },
      "r_landing_quality": {
        "sum": 134.26566873581783,
        "abs_sum": 134.26566873581783,
        "mean": 0.03817619241848673,
        "std": 0.025000567530007067,
        "min": 0.005910736775666513,
        "max": 0.15698851523826649,
        "ratio": 0.05026012691872817,
        "trigger_rate": 1.0
      },
      "r_energy": {
        "sum": -48.599999999999994,
        "abs_sum": 48.599999999999994,
        "mean": -0.013818595393801534,
        "std": 0.009242203699250396,
        "min": -0.02,
        "max": -0.0,
        "ratio": 0.018192604194720473,
        "trigger_rate": 0.6909297696900768
      },
      "r_approach_stagnation_penalty": {
        "sum": -2070.0,
        "abs_sum": 2070.0,
        "mean": -0.5885698038100654,
        "std": 0.49209286710238603,
        "min": -1.0,
        "max": 0.0,
        "ratio": 0.7748701786640202,
        "trigger_rate": 0.5885698038100654
      },
      "r_safe_contact_once": {
        "sum": 10.0,
        "abs_sum": 10.0,
        "mean": 0.0028433323855558716,
        "std": 0.16859786272816152,
        "min": 0.0,
        "max": 10.0,
        "ratio": 0.003743334196444542,
        "trigger_rate": 0.0002843332385555871
      },
      "r_stable_landing_once": {
        "sum": 0.0,
        "abs_sum": 0.0,
        "mean": 0.0,
        "std": 0.0,
        "min": 0.0,
        "max": 0.0,
        "ratio": 0.0,
        "trigger_rate": 0.0
      }
    },
    "dominant_component": "r_approach_stagnation_penalty",
    "dominant_component_ratio": 0.7748701786640202
  },
  "diagnostics": {
    "hack_flags": {
      "high_reward_low_progress": false,
      "component_dominance": true,
      "repeated_event_exploitation": true,
      "shaping_goal_mismatch": true,
      "terminal_success_dominance": false,
      "unstable_contact_behavior": true,
      "reward_repetition_risk": false
    },
    "failure_modes": [
      "single_component_dominance",
      "repeated_event_exploitation",
      "shaping_goal_mismatch"
    ],
    "hack_score": 0.6,
    "suspected_components": [
      "r_approach_stagnation_penalty"
    ],
    "dominant_component": "r_approach_stagnation_penalty",
    "dominant_component_ratio": 0.7748701786640202,
    "raw_component_dominance": true,
    "benign_terminal_dominance": false,
    "repeated_event_details": {
      "flag": true,
      "event_toggle_counts": {
        "landing_region": 7,
        "left_contact": 25,
        "contact": 32,
        "right_contact": 29,
        "both_contact": 16,
        "safe_contact": 3
      },
      "max_event": "contact",
      "max_toggle_count": 32
    },
    "semantic_notes": []
  },
  "semantic_outcome": {
    "episode_count": 10,
    "semantic_score": 0.13687751145427318,
    "success_episode_rate": 0.0,
    "terminal_reward_paid_episode_rate": 0.0,
    "terminal_reward_payment_count_mean": 0.0,
    "terminal_reward_payment_count_max": 0,
    "safe_contact_episode_rate": 0.1,
    "stable_landing_episode_rate": 0.0,
    "progress_score_mean": 0.1720475114542732,
    "progress_score_std": 0.11563793445607352,
    "episode_length_mean": 351.7,
    "episode_length_std": 138.00728241654497,
    "contact_toggle_mean": 137.5,
    "contact_toggle_max": 414.0,
    "reward_repetition_risk": false,
    "one_time_repeat_violations": [],
    "terminal_goal_evidence": false,
    "unstable_contact_behavior": true,
    "event_rule_payment_stats": {
      "r_stable_landing_once": {
        "episode_payment_counts": [
          0,
          0,
          0,
          0,
          0,
          0,
          0,
          0,
          0,
          0
        ],
        "episode_paid_rate": 0.0,
        "payment_count_mean": 0.0,
        "payment_count_max": 0,
        "one_time": true
      }
    },
    "terminal_rule_names": [
      "r_stable_landing_once"
    ],
    "one_time_rule_names": [
      "r_safe_contact_once",
      "r_stable_landing_once"
    ],
    "semantic_risks": [
      "unstable_contact_behavior"
    ]
  },
  "experiment_mode": {
    "use_memory": true,
    "use_attribution": true,
    "use_hack_detector": true,
    "use_llm_edit": true,
    "use_operator_constraints": true,
    "free_rewrite": false,
    "one_shot": false
  }
}