{
  "note": "Post-hoc oracle reward evaluation only. Not used by EG-RSA reward search.",
  "env_id": "LunarLander-v3",
  "num_episodes": 10,
  "return_mean": -12.494042617737588,
  "return_std": 81.81203534263238,
  "episode_length_mean": 339.0,
  "episode_returns": [
    -74.91853987502255,
    -74.19526507878935,
    -56.680058463823826,
    27.87654215627576,
    -33.2060388244666,
    -21.36140139433673,
    25.354972113686642,
    -59.48674453387841,
    -66.29160932517506,
    207.96771704815424
  ],
  "episode_lengths": [
    256,
    204,
    120,
    250,
    269,
    1000,
    192,
    487,
    245,
    367
  ]
}