{
  "eval_generated_return": 2822.5199320027255,
  "eval_hidden_return": -11.745809754890525,
  "eval_episode_length": 1000.0,
  "component_returns": {
    "shaping": 1127.9177008983484,
    "velocity_penalty": -62.27554940080372,
    "angle_penalty": -18.564636124114003,
    "fuel_efficiency": -28.635000000000268,
    "terminal": 1805.0410318341553
  },
  "diagnostics": {
    "generated_private_gap": 2834.265741757616,
    "action_mean": 1.9983,
    "action_std": 0.6536796692570452,
    "episode_length_mean": 1000.0,
    "component_returns": {
      "shaping": 1127.9177008983484,
      "velocity_penalty": -62.27554940080372,
      "angle_penalty": -18.564636124114003,
      "fuel_efficiency": -28.635000000000268,
      "terminal": 1805.0410318341553
    },
    "ppo_n_envs": 1,
    "ppo_vec_env_type": "dummy",
    "ppo_total_timesteps": 2000000,
    "ppo_n_steps": 1024,
    "ppo_batch_size": 64,
    "ppo_n_epochs": 4,
    "ppo_gae_lambda": 0.98,
    "ppo_gamma": 0.999,
    "ppo_ent_coef": 0.01,
    "ppo_learning_rate": 0.0003,
    "ppo_clip_range": 0.2,
    "ppo_vf_coef": 0.5,
    "ppo_max_grad_norm": 0.5
  }
}