{
  "memory_id": "iter_007_to_008",
  "env_family": "landing_control",
  "failure_modes": [
    "repeated_event_exploitation"
  ],
  "reward_attribution": {
    "episode_reward_mean": -16.678890720405555,
    "episode_reward_std": 5.903969830220177,
    "component_stats": {
      "r_distance": {
        "sum": -158.62569835364187,
        "abs_sum": 158.62569835364187,
        "mean": -0.2073538540570482,
        "std": 0.0642023819106719,
        "min": -0.25,
        "max": -0.018825432467421653,
        "ratio": 0.2798673303896073,
        "trigger_rate": 1.0
      },
      "r_velocity": {
        "sum": -195.3514143428761,
        "abs_sum": 195.3514143428761,
        "mean": -0.2553613259384001,
        "std": 0.12650023654864104,
        "min": -0.5,
        "max": -2.834584303363389e-08,
        "ratio": 0.3446634397037443,
        "trigger_rate": 1.0
      },
      "r_angle": {
        "sum": -11.341794507537593,
        "abs_sum": 11.341794507537593,
        "mean": -0.014825875173251755,
        "std": 0.044160787574325226,
        "min": -0.6,
        "max": -4.283570805796444e-06,
        "ratio": 0.0200106148221675,
        "trigger_rate": 1.0
      },
      "r_energy": {
        "sum": -1.4699999999999998,
        "abs_sum": 1.4699999999999998,
        "mean": -0.00192156862745098,
        "std": 0.007345381735044515,
        "min": -0.03,
        "max": -0.0,
        "ratio": 0.0025935581683336826,
        "trigger_rate": 0.06405228758169934
      },
      "r_contact_one_time": {
        "sum": 200.0,
        "abs_sum": 200.0,
        "mean": 0.26143790849673204,
        "std": 2.2716532283637605,
        "min": 0.0,
        "max": 20.0,
        "ratio": 0.35286505691614733,
        "trigger_rate": 0.013071895424836602
      }
    },
    "dominant_component": "r_contact_one_time",
    "dominant_component_ratio": 0.35286505691614733
  },
  "edit_plan": [
    {
      "operator": "clip_component",
      "target": "r_distance",
      "clip": [
        -1.0,
        1.0
      ]
    }
  ],
  "outcome": {
    "status": "pending",
    "before": {
      "task_score": 1.3239393222545148,
      "hack_score": 0.25
    },
    "after": {},
    "delta": {},
    "note": "Pending until the edited schema is trained in the next iteration."
  },
  "lesson": "The current schema is likely healthy; the exploitation flag is a false positive. Further edits should wait for stronger diagnostic evidence.",
  "metadata": {
    "config_path": "configs/eg_rsa_deepseek_memory_10iter_500k.yml",
    "iteration": 7,
    "validation_errors": [
      "No valid edit remained; used safe fallback edit plan."
    ],
    "experiment_mode": {
      "use_memory": true,
      "use_attribution": true,
      "use_hack_detector": true,
      "use_llm_edit": true,
      "use_operator_constraints": true,
      "free_rewrite": false,
      "one_shot": false
    },
    "edit_generated": true
  }
}