{
  "memory_id": "iter_005_to_006",
  "env_family": "landing_control",
  "failure_modes": [
    "repeated_event_exploitation",
    "shaping_goal_mismatch"
  ],
  "reward_attribution": {
    "episode_reward_mean": 2170.787376507247,
    "episode_reward_std": 669.9235582157828,
    "component_stats": {
      "r_approach_region": {
        "sum": 5663.747422989028,
        "abs_sum": 5663.747422989028,
        "mean": 0.613557298558014,
        "std": 0.15403772562726953,
        "min": 0.18478419215033276,
        "max": 0.705,
        "ratio": 0.2580836545299395,
        "trigger_rate": 1.0
      },
      "r_approach_progress": {
        "sum": 53.25213018129508,
        "abs_sum": 53.25213018129508,
        "mean": 0.005768836548726582,
        "std": 0.010959214959084996,
        "min": 0.0,
        "max": 0.04972371550187399,
        "ratio": 0.0024265743759879083,
        "trigger_rate": 0.26800996641750624
      },
      "r_stability": {
        "sum": 6471.172328150862,
        "abs_sum": 6471.172328150862,
        "mean": 0.7010261432294294,
        "std": 0.1545958513310656,
        "min": 0.1905219764950413,
        "max": 0.9850795430598702,
        "ratio": 0.29487610919287754,
        "trigger_rate": 1.0
      },
      "r_landing_quality": {
        "sum": 9638.461883751279,
        "abs_sum": 9638.461883751279,
        "mean": 1.0441406005580414,
        "std": 0.5525749116719685,
        "min": 0.09436229102249544,
        "max": 1.9701590861197404,
        "ratio": 0.439202047907226,
        "trigger_rate": 1.0
      },
      "r_energy": {
        "sum": -118.75999999999999,
        "abs_sum": 118.75999999999999,
        "mean": -0.01286534503304084,
        "std": 0.009580699235527028,
        "min": -0.02,
        "max": -0.0,
        "ratio": 0.005411613993867005,
        "trigger_rate": 0.643267251652042
      },
      "r_safe_contact_once": {
        "sum": 0.0,
        "abs_sum": 0.0,
        "mean": 0.0,
        "std": 0.0,
        "min": 0.0,
        "max": 0.0,
        "ratio": 0.0,
        "trigger_rate": 0.0
      },
      "r_stable_landing_once": {
        "sum": 0.0,
        "abs_sum": 0.0,
        "mean": 0.0,
        "std": 0.0,
        "min": 0.0,
        "max": 0.0,
        "ratio": 0.0,
        "trigger_rate": 0.0
      }
    },
    "dominant_component": "r_landing_quality",
    "dominant_component_ratio": 0.439202047907226
  },
  "edit_plan": [],
  "outcome": {
    "status": "not_applicable",
    "before": {
      "task_score": 0.6289773406044704,
      "semantic_score": 0.6289773406044704,
      "selection_score": 0.8579546812089408,
      "hack_score": 0.4,
      "true_hack_risk": true,
      "terminal_goal_evidence": false,
      "reward_repetition_risk": false,
      "high_reward_low_progress": false,
      "shaping_goal_mismatch": true,
      "unstable_contact_behavior": true,
      "benign_terminal_dominance": false,
      "success_episode_rate": 0.0,
      "terminal_reward_paid_episode_rate": 0.0,
      "safe_contact_episode_rate": 0.0,
      "stable_landing_episode_rate": 0.0
    },
    "after": {},
    "delta": {},
    "note": "No edit was generated for this iteration."
  },
  "lesson": "Rollback/final iteration; edit generation skipped.",
  "metadata": {
    "config_path": "configs/eg_rsa_deepseek_aligned_balanced_10x500k.yml",
    "iteration": 5,
    "validation_errors": [],
    "validation_warnings": [],
    "candidate_evaluation": {},
    "gate_result": {},
    "reflection_report": {},
    "semantic_outcome": {
      "episode_count": 10,
      "semantic_score": 0.6289773406044704,
      "success_episode_rate": 0.0,
      "terminal_reward_paid_episode_rate": 0.0,
      "terminal_reward_payment_count_mean": 0.0,
      "terminal_reward_payment_count_max": 0,
      "safe_contact_episode_rate": 0.0,
      "stable_landing_episode_rate": 0.0,
      "progress_score_mean": 0.7212873406044704,
      "progress_score_std": 0.24778063705918116,
      "episode_length_mean": 923.1,
      "episode_length_std": 230.70000000000002,
      "contact_toggle_mean": 545.4,
      "contact_toggle_max": 621.0,
      "reward_repetition_risk": false,
      "one_time_repeat_violations": [],
      "terminal_goal_evidence": false,
      "unstable_contact_behavior": true,
      "event_rule_payment_stats": {
        "r_stable_landing_once": {
          "episode_payment_counts": [
            0,
            0,
            0,
            0,
            0,
            0,
            0,
            0,
            0,
            0
          ],
          "episode_paid_rate": 0.0,
          "payment_count_mean": 0.0,
          "payment_count_max": 0,
          "one_time": true
        }
      },
      "terminal_rule_names": [
        "r_stable_landing_once"
      ],
      "one_time_rule_names": [
        "r_safe_contact_once",
        "r_stable_landing_once"
      ],
      "semantic_risks": [
        "unstable_contact_behavior"
      ]
    },
    "structural_response": {},
    "outcome_decision": {
      "decision": "reject",
      "continuation": "rollback_to_best_schema",
      "reason": "True semantic hack risk increased: repeated reward payment, high-reward/low-progress, or shaping-goal mismatch.",
      "task_delta": -0.9963403147894111,
      "hack_delta": 0.4,
      "semantic_delta": -1.746340314789411,
      "accepted_for_best": false,
      "rollback_recommended": true
    },
    "rollback_applied": true,
    "experiment_mode": {
      "use_memory": true,
      "use_attribution": true,
      "use_hack_detector": true,
      "use_llm_edit": true,
      "use_operator_constraints": true,
      "free_rewrite": false,
      "one_shot": false
    },
    "edit_generated": false,
    "edit_decision": "rollback",
    "next_action": "rollback_to_best_schema",
    "agent_analysis": {
      "reflection_report": {},
      "diagnostic_analysis": {},
      "memory_reflection": {},
      "reward_editor": {},
      "auditor_check": {},
      "distilled_lessons": {}
    }
  }
}