{
  "note": "Post-hoc oracle reward evaluation only. Not used by EG-RSA reward search.",
  "env_id": "LunarLander-v3",
  "num_episodes": 10,
  "return_mean": 1.4970444575060786,
  "return_std": 22.96350534585333,
  "episode_length_mean": 1000.0,
  "episode_returns": [
    -11.15106487511423,
    30.36521771174523,
    -50.002842273981855,
    5.5136622975745935,
    10.790290667232723,
    -23.576641702311115,
    -1.6668614810715414,
    20.154577387213347,
    12.764375831655578,
    21.77973101211806
  ],
  "episode_lengths": [
    1000,
    1000,
    1000,
    1000,
    1000,
    1000,
    1000,
    1000,
    1000,
    1000
  ]
}