{
  "eval_generated_return": -150.1392788764225,
  "eval_hidden_return": -195.78630440617198,
  "eval_episode_length": 70.0,
  "component_returns": {
    "progress": -110.26819063456382,
    "stability": -23.72442157519205,
    "effort": -1.1466666666666672,
    "terminal": -15.0
  },
  "diagnostics": {
    "generated_private_gap": 45.64702552974947,
    "action_mean": 0.9428571428571428,
    "action_std": 1.2860317068487883,
    "episode_length_mean": 70.0,
    "component_returns": {
      "progress": -110.26819063456382,
      "stability": -23.72442157519205,
      "effort": -1.1466666666666672,
      "terminal": -15.0
    }
  }
}