{
  "attribution": {
    "episode_reward_mean": 745.6697214356134,
    "episode_reward_std": 64.0604839440473,
    "component_stats": {
      "horizontal_approach": {
        "sum": 2529.9299445063225,
        "abs_sum": 2529.9299445063225,
        "mean": 0.886140085641444,
        "std": 0.08969399138628237,
        "min": 0.6382521092891693,
        "max": 0.9997682571411133,
        "ratio": 0.3223950712453889,
        "trigger_rate": 1.0
      },
      "vertical_approach": {
        "sum": 1735.3557076300067,
        "abs_sum": 1735.3557076300067,
        "mean": 0.6078303704483385,
        "std": 0.38431298589687735,
        "min": 0.0,
        "max": 1.0,
        "ratio": 0.221140560912504,
        "trigger_rate": 0.8266199649737302
      },
      "descent_rate": {
        "sum": 905.8781888721269,
        "abs_sum": 905.8781888721269,
        "mean": 0.31729533760845074,
        "std": 0.37002538166508087,
        "min": 5.051847914685909e-11,
        "max": 0.9999998874899828,
        "ratio": 0.11543824123480323,
        "trigger_rate": 0.9964973730297724
      },
      "attitude_stability": {
        "sum": 2471.8333733476775,
        "abs_sum": 2471.8333733476775,
        "mean": 0.8657910239396418,
        "std": 0.1545806002382676,
        "min": 0.010057996293320088,
        "max": 0.9999999972355565,
        "ratio": 0.31499168514037995,
        "trigger_rate": 1.0
      },
      "control_cost": {
        "sum": -195.3,
        "abs_sum": 195.3,
        "mean": -0.06840630472854642,
        "std": 0.04648879377054098,
        "min": -0.1,
        "max": -0.0,
        "ratio": 0.024887549772256986,
        "trigger_rate": 0.6840630472854641
      },
      "landing_bonus": {
        "sum": 9.0,
        "abs_sum": 9.0,
        "mean": 0.0031523642732049035,
        "std": 0.056057353422133,
        "min": 0.0,
        "max": 1.0,
        "ratio": 0.0011468916945740547,
        "trigger_rate": 0.0031523642732049035
      }
    },
    "dominant_component": "horizontal_approach",
    "dominant_component_ratio": 0.3223950712453889
  },
  "diagnostics": {
    "hack_flags": {
      "high_reward_low_progress": false,
      "component_dominance": false,
      "repeated_event_exploitation": false,
      "shaping_goal_mismatch": true,
      "terminal_success_dominance": false,
      "unstable_contact_behavior": true,
      "reward_repetition_risk": false
    },
    "failure_modes": [
      "shaping_goal_mismatch"
    ],
    "hack_score": 0.2,
    "suspected_components": [],
    "dominant_component": "horizontal_approach",
    "dominant_component_ratio": 0.3223950712453889,
    "raw_component_dominance": false,
    "benign_terminal_dominance": false,
    "repeated_event_details": {
      "flag": false,
      "event_toggle_counts": {},
      "max_event": null,
      "max_toggle_count": 0
    },
    "semantic_notes": [
      "contact_or_landing_toggles_observed_but_not_repeated_reward_exploitation"
    ]
  },
  "semantic_outcome": {
    "episode_count": 10,
    "semantic_score": 1.8685469392209626,
    "success_episode_rate": 0.0,
    "terminal_reward_paid_episode_rate": 0.9,
    "terminal_reward_payment_count_mean": 0.9,
    "terminal_reward_payment_count_max": 1,
    "safe_contact_episode_rate": 0.0,
    "stable_landing_episode_rate": 0.0,
    "progress_score_mean": 0.9970969392209625,
    "progress_score_std": 0.0035435886757820075,
    "episode_length_mean": 285.5,
    "episode_length_std": 25.83118270617898,
    "contact_toggle_mean": 86.1,
    "contact_toggle_max": 117.0,
    "reward_repetition_risk": false,
    "one_time_repeat_violations": [],
    "terminal_goal_evidence": true,
    "unstable_contact_behavior": true,
    "event_rule_payment_stats": {
      "landing_bonus": {
        "episode_payment_counts": [
          1,
          1,
          1,
          1,
          0,
          1,
          1,
          1,
          1,
          1
        ],
        "episode_paid_rate": 0.9,
        "payment_count_mean": 0.9,
        "payment_count_max": 1,
        "one_time": true
      }
    },
    "terminal_rule_names": [
      "landing_bonus"
    ],
    "one_time_rule_names": [
      "landing_bonus"
    ],
    "semantic_risks": [
      "unstable_contact_behavior",
      "terminal_goal_evidence_present"
    ]
  },
  "experiment_mode": {
    "use_memory": true,
    "use_attribution": true,
    "use_hack_detector": true,
    "use_llm_edit": true,
    "use_operator_constraints": true,
    "free_rewrite": false,
    "one_shot": false
  }
}