{
  "memory_id": "iter_000_to_001",
  "env_family": "landing_control",
  "failure_modes": [
    "shaping_goal_mismatch"
  ],
  "reward_attribution": {
    "episode_reward_mean": 745.6697214356134,
    "episode_reward_std": 64.0604839440473,
    "component_stats": {
      "horizontal_approach": {
        "sum": 2529.9299445063225,
        "abs_sum": 2529.9299445063225,
        "mean": 0.886140085641444,
        "std": 0.08969399138628237,
        "min": 0.6382521092891693,
        "max": 0.9997682571411133,
        "ratio": 0.3223950712453889,
        "trigger_rate": 1.0
      },
      "vertical_approach": {
        "sum": 1735.3557076300067,
        "abs_sum": 1735.3557076300067,
        "mean": 0.6078303704483385,
        "std": 0.38431298589687735,
        "min": 0.0,
        "max": 1.0,
        "ratio": 0.221140560912504,
        "trigger_rate": 0.8266199649737302
      },
      "descent_rate": {
        "sum": 905.8781888721269,
        "abs_sum": 905.8781888721269,
        "mean": 0.31729533760845074,
        "std": 0.37002538166508087,
        "min": 5.051847914685909e-11,
        "max": 0.9999998874899828,
        "ratio": 0.11543824123480323,
        "trigger_rate": 0.9964973730297724
      },
      "attitude_stability": {
        "sum": 2471.8333733476775,
        "abs_sum": 2471.8333733476775,
        "mean": 0.8657910239396418,
        "std": 0.1545806002382676,
        "min": 0.010057996293320088,
        "max": 0.9999999972355565,
        "ratio": 0.31499168514037995,
        "trigger_rate": 1.0
      },
      "control_cost": {
        "sum": -195.3,
        "abs_sum": 195.3,
        "mean": -0.06840630472854642,
        "std": 0.04648879377054098,
        "min": -0.1,
        "max": -0.0,
        "ratio": 0.024887549772256986,
        "trigger_rate": 0.6840630472854641
      },
      "landing_bonus": {
        "sum": 9.0,
        "abs_sum": 9.0,
        "mean": 0.0031523642732049035,
        "std": 0.056057353422133,
        "min": 0.0,
        "max": 1.0,
        "ratio": 0.0011468916945740547,
        "trigger_rate": 0.0031523642732049035
      }
    },
    "dominant_component": "horizontal_approach",
    "dominant_component_ratio": 0.3223950712453889
  },
  "edit_plan": [],
  "outcome": {
    "status": "not_applicable",
    "before": {
      "task_score": 0.9685469392209626,
      "semantic_score": 1.8685469392209626,
      "selection_score": 2.637093878441925,
      "hack_score": 0.2,
      "true_hack_risk": true,
      "terminal_goal_evidence": true,
      "reward_repetition_risk": false,
      "high_reward_low_progress": false,
      "shaping_goal_mismatch": true,
      "unstable_contact_behavior": true,
      "benign_terminal_dominance": false,
      "success_episode_rate": 0.0,
      "terminal_reward_paid_episode_rate": 0.9,
      "safe_contact_episode_rate": 0.0,
      "stable_landing_episode_rate": 0.0
    },
    "after": {},
    "delta": {},
    "note": "No schema transition was committed for this iteration."
  },
  "lesson": "Final iteration; edit generation skipped.",
  "metadata": {
    "config_path": "configs/generated_landing_1M_3seeds/eg_rsa_landing_v2_1_1M_seed0.yml",
    "iteration": 0,
    "schema_snapshot": {
      "version": 2,
      "components": [
        {
          "name": "horizontal_approach",
          "type": "formula_component",
          "weight": 1.0,
          "inputs": [],
          "params": {
            "formula_ast": {
              "op": "sub",
              "left": {
                "const": 1.0
              },
              "right": {
                "op": "min",
                "args": [
                  {
                    "op": "abs",
                    "arg": {
                      "var": "x_pos"
                    }
                  },
                  {
                    "const": 1.0
                  }
                ]
              }
            }
          },
          "clip": [
            0.0,
            1.0
          ],
          "enabled": true,
          "semantic_role": "dense_guidance",
          "reward_timing": "dense",
          "behavior_channel": "progress",
          "formula_ast": {
            "op": "sub",
            "left": {
              "const": 1.0
            },
            "right": {
              "op": "min",
              "args": [
                {
                  "op": "abs",
                  "arg": {
                    "var": "x_pos"
                  }
                },
                {
                  "const": 1.0
                }
              ]
            }
          }
        },
        {
          "name": "vertical_approach",
          "type": "formula_component",
          "weight": 1.0,
          "inputs": [],
          "params": {
            "formula_ast": {
              "op": "sub",
              "left": {
                "const": 1.0
              },
              "right": {
                "op": "min",
                "args": [
                  {
                    "var": "y_pos"
                  },
                  {
                    "const": 1.0
                  }
                ]
              }
            }
          },
          "clip": [
            0.0,
            1.0
          ],
          "enabled": true,
          "semantic_role": "dense_guidance",
          "reward_timing": "dense",
          "behavior_channel": "progress",
          "formula_ast": {
            "op": "sub",
            "left": {
              "const": 1.0
            },
            "right": {
              "op": "min",
              "args": [
                {
                  "var": "y_pos"
                },
                {
                  "const": 1.0
                }
              ]
            }
          }
        },
        {
          "name": "descent_rate",
          "type": "formula_component",
          "weight": 1.0,
          "inputs": [],
          "params": {
            "formula_ast": {
              "op": "exp",
              "arg": {
                "op": "mul",
                "args": [
                  {
                    "const": -25.0
                  },
                  {
                    "op": "add",
                    "args": [
                      {
                        "var": "y_vel"
                      },
                      {
                        "const": 0.5
                      }
                    ]
                  },
                  {
                    "op": "add",
                    "args": [
                      {
                        "var": "y_vel"
                      },
                      {
                        "const": 0.5
                      }
                    ]
                  }
                ]
              }
            }
          },
          "clip": [
            0.0,
            1.0
          ],
          "enabled": true,
          "semantic_role": "dense_guidance",
          "reward_timing": "dense",
          "behavior_channel": "progress",
          "formula_ast": {
            "op": "exp",
            "arg": {
              "op": "mul",
              "args": [
                {
                  "const": -25.0
                },
                {
                  "op": "add",
                  "args": [
                    {
                      "var": "y_vel"
                    },
                    {
                      "const": 0.5
                    }
                  ]
                },
                {
                  "op": "add",
                  "args": [
                    {
                      "var": "y_vel"
                    },
                    {
                      "const": 0.5
                    }
                  ]
                }
              ]
            }
          }
        },
        {
          "name": "attitude_stability",
          "type": "formula_component",
          "weight": 1.0,
          "inputs": [],