{
  "note": "Post-hoc oracle reward evaluation only. Not used by EG-RSA reward search.",
  "env_id": "LunarLander-v3",
  "num_episodes": 10,
  "return_mean": 251.83877062255047,
  "return_std": 40.745356994569896,
  "episode_length_mean": 356.5,
  "episode_returns": [
    262.3595224206209,
    137.72719419583038,
    274.183622148228,
    262.42794433429606,
    256.32501355024306,
    244.54130662860814,
    269.6269316868777,
    300.6432857719461,
    260.8874219351448,
    249.66546355370988
  ],
  "episode_lengths": [
    301,
    1000,
    278,
    298,
    268,
    275,
    280,
    264,
    312,
    289
  ]
}