{
  "attribution": {
    "episode_reward_mean": 2890.0088288050956,
    "episode_reward_std": 152.86400891693233,
    "component_stats": {
      "r_approach_region": {
        "sum": 6855.695549837463,
        "abs_sum": 6855.695549837463,
        "mean": 1.3711391099674926,
        "std": 0.2531647039132901,
        "min": 0.4168350115369164,
        "max": 1.5,
        "ratio": 0.467984600768381,
        "trigger_rate": 1.0
      },
      "r_approach_progress": {
        "sum": 8.56699248156758,
        "abs_sum": 8.56699248156758,
        "mean": 0.001713398496313516,
        "std": 0.00328945242216002,
        "min": 0.0,
        "max": 0.014449324758339932,
        "ratio": 0.0005848014292827192,
        "trigger_rate": 0.357
      },
      "r_stability": {
        "sum": 3639.8457127694023,
        "abs_sum": 3639.8457127694023,
        "mean": 0.7279691425538805,
        "std": 0.16268595947905395,
        "min": 0.24362647490045972,
        "max": 0.9771627428112297,
        "ratio": 0.24846373797758226,
        "trigger_rate": 1.0
      },
      "r_landing_quality": {
        "sum": 4045.615888937059,
        "abs_sum": 4045.615888937059,
        "mean": 0.8091231777874118,
        "std": 0.28815094715280537,
        "min": 0.10269139968572209,
        "max": 1.2507887323063018,
        "ratio": 0.2761624875088444,
        "trigger_rate": 1.0
      },
      "r_energy": {
        "sum": -99.68,
        "abs_sum": 99.68,
        "mean": -0.019936000000000002,
        "std": 0.0011295592060622587,
        "min": -0.02,
        "max": -0.0,
        "ratio": 0.006804372315759878,
        "trigger_rate": 0.9968
      },
      "r_safe_contact_once": {
        "sum": 0.0,
        "abs_sum": 0.0,
        "mean": 0.0,
        "std": 0.0,
        "min": 0.0,
        "max": 0.0,
        "ratio": 0.0,
        "trigger_rate": 0.0
      },
      "r_stable_landing_once": {
        "sum": 0.0,
        "abs_sum": 0.0,
        "mean": 0.0,
        "std": 0.0,
        "min": 0.0,
        "max": 0.0,
        "ratio": 0.0,
        "trigger_rate": 0.0
      }
    },
    "dominant_component": "r_approach_region",
    "dominant_component_ratio": 0.467984600768381
  },
  "diagnostics": {
    "hack_flags": {
      "high_reward_low_progress": true,
      "component_dominance": false,
      "repeated_event_exploitation": true,
      "shaping_goal_mismatch": true
    },
    "failure_modes": [
      "high_reward_low_progress",
      "repeated_event_exploitation",
      "shaping_goal_mismatch"
    ],
    "hack_score": 0.75,
    "suspected_components": [],
    "dominant_component": "r_approach_region",
    "dominant_component_ratio": 0.467984600768381,
    "repeated_event_details": {
      "flag": true,
      "event_toggle_counts": {
        "engine_on": 2,
        "low_angular_velocity": 16,
        "stable_motion": 34,
        "low_vy": 30,
        "low_angle": 6,
        "low_vx": 34,
        "within_pad_x": 14,
        "near_pad_x": 4
      },
      "max_event": "stable_motion",
      "max_toggle_count": 34
    }
  },
  "experiment_mode": {
    "use_memory": true,
    "use_attribution": true,
    "use_hack_detector": true,
    "use_llm_edit": true,
    "use_operator_constraints": true,
    "free_rewrite": false,
    "one_shot": false
  }
}