{
  "attribution": {
    "episode_reward_mean": -83.7222487350912,
    "episode_reward_std": 10.448391786196094,
    "component_stats": {
      "r_distance": {
        "sum": -325.86503615639964,
        "abs_sum": 325.86503615639964,
        "mean": -0.9500438371906695,
        "std": 0.4014445593388929,
        "min": -1.4394692717462547,
        "max": -0.09559983490623476,
        "ratio": 0.5233883009844541,
        "trigger_rate": 1.0
      },
      "r_velocity": {
        "sum": -178.35199979165515,
        "abs_sum": 178.35199979165515,
        "mean": -0.5199766757774202,
        "std": 0.24757382240177728,
        "min": -0.9809856506666133,
        "max": -0.028397165790219635,
        "ratio": 0.2864601592400721,
        "trigger_rate": 1.0
      },
      "r_angle": {
        "sum": -16.2419103463646,
        "abs_sum": 16.2419103463646,
        "mean": -0.047352508298439074,
        "std": 0.05347701276109861,
        "min": -0.6,
        "max": -0.006041929987259209,
        "ratio": 0.02608695293362374,
        "trigger_rate": 1.0
      },
      "r_energy": {
        "sum": -0.15,
        "abs_sum": 0.15,
        "mean": -0.00043731778425655976,
        "std": 0.0035955926748270197,
        "min": -0.03,
        "max": -0.0,
        "ratio": 0.00024092257970869852,
        "trigger_rate": 0.014577259475218658
      },
      "r_progress_delta": {
        "sum": 1.9977026189632996,
        "abs_sum": 1.9977026189632996,
        "mean": 0.005824205886190378,
        "std": 0.005277339061911339,
        "min": 0.0,
        "max": 0.023742472203475584,
        "ratio": 0.0032086111230097423,
        "trigger_rate": 0.9183673469387755
      },
      "r_contact_one_time": {
        "sum": 100.0,
        "abs_sum": 100.0,
        "mean": 0.2915451895043732,
        "std": 2.3970617832180143,
        "min": 0.0,
        "max": 20.0,
        "ratio": 0.16061505313913235,
        "trigger_rate": 0.014577259475218658
      }
    },
    "dominant_component": "r_distance",
    "dominant_component_ratio": 0.5233883009844541
  },
  "diagnostics": {
    "hack_flags": {
      "high_reward_low_progress": true,
      "component_dominance": false,
      "repeated_event_exploitation": true,
      "shaping_goal_mismatch": true
    },
    "failure_modes": [
      "high_reward_low_progress",
      "repeated_event_exploitation",
      "shaping_goal_mismatch"
    ],
    "hack_score": 0.75,
    "suspected_components": [],
    "dominant_component": "r_distance",
    "dominant_component_ratio": 0.5233883009844541,
    "repeated_event_details": {
      "flag": true,
      "event_toggle_counts": {
        "low_vy": 7,
        "near_y": 5,
        "near_goal": 3,
        "low_angle": 7,
        "left_contact": 4,
        "contact": 5,
        "right_contact": 5,
        "both_contact": 4,
        "low_vx": 2,
        "engine_on": 4,
        "near_x": 2,
        "stable_motion": 1,
        "stable_landing_condition": 1
      },
      "max_event": "low_vy",
      "max_toggle_count": 7
    }
  },
  "experiment_mode": {
    "use_memory": true,
    "use_attribution": true,
    "use_hack_detector": true,
    "use_llm_edit": true,
    "use_operator_constraints": true,
    "free_rewrite": false,
    "one_shot": false
  }
}