{
  "attribution": {
    "episode_reward_mean": 13.839851614449003,
    "episode_reward_std": 16.907986959680994,
    "component_stats": {
      "r_distance": {
        "sum": -169.88615451526707,
        "abs_sum": 169.88615451526707,
        "mean": -0.4412627390006937,
        "std": 0.21374560670602666,
        "min": -0.7195925147238994,
        "max": -0.09351634158682459,
        "ratio": 0.26104173454388324,
        "trigger_rate": 1.0
      },
      "r_velocity": {
        "sum": -74.40680317321574,
        "abs_sum": 74.40680317321574,
        "mean": -0.1932644238265344,
        "std": 0.08749609922151468,
        "min": -0.357988728839022,
        "max": -0.02965278836120416,
        "ratio": 0.11433115910841368,
        "trigger_rate": 1.0
      },
      "r_angle": {
        "sum": -46.5077842392722,
        "abs_sum": 46.5077842392722,
        "mean": -0.12079943958252519,
        "std": 0.05073912382526767,
        "min": -0.1998,
        "max": -0.002484987856540829,
        "ratio": 0.07146240199651625,
        "trigger_rate": 1.0
      },
      "r_contact": {
        "sum": 360.0,
        "abs_sum": 360.0,
        "mean": 0.935064935064935,
        "std": 4.222197563889059,
        "min": 0.0,
        "max": 20.0,
        "ratio": 0.553164704351188,
        "trigger_rate": 0.046753246753246755
      }
    },
    "dominant_component": "r_contact",
    "dominant_component_ratio": 0.553164704351188
  },
  "diagnostics": {
    "hack_flags": {
      "high_reward_low_progress": true,
      "component_dominance": false,
      "repeated_event_exploitation": true,
      "shaping_goal_mismatch": true
    },
    "failure_modes": [
      "high_reward_low_progress",
      "repeated_event_exploitation",
      "shaping_goal_mismatch"
    ],
    "hack_score": 0.75,
    "suspected_components": [],
    "dominant_component": "r_contact",
    "dominant_component_ratio": 0.553164704351188,
    "repeated_event_details": {
      "flag": true,
      "event_toggle_counts": {
        "low_vy": 10,
        "low_angle": 5,
        "engine_on": 6,
        "near_y": 5,
        "near_goal": 6,
        "left_contact": 9,
        "contact": 9,
        "near_x": 5,
        "low_vx": 2
      },
      "max_event": "low_vy",
      "max_toggle_count": 10
    }
  },
  "experiment_mode": {
    "use_memory": true,
    "use_attribution": true,
    "use_hack_detector": true,
    "use_llm_edit": true,
    "use_operator_constraints": true,
    "free_rewrite": false,
    "one_shot": false
  }
}