{
  "attribution": {
    "episode_reward_mean": -82.7533487976111,
    "episode_reward_std": 16.99878752449893,
    "component_stats": {
      "r_distance": {
        "sum": -330.4894079910559,
        "abs_sum": 330.4894079910559,
        "mean": -0.9335858982798189,
        "std": 0.40593180157210096,
        "min": -1.4394692717462547,
        "max": -0.09559983490623476,
        "ratio": 0.4905101222937697,
        "trigger_rate": 1.0
      },
      "r_velocity": {
        "sum": -180.75228366489847,
        "abs_sum": 180.75228366489847,
        "mean": -0.5105996713697697,
        "std": 0.2413686348226339,
        "min": -0.9829799796264966,
        "max": -0.061283385973201786,
        "ratio": 0.26827130498459717,
        "trigger_rate": 1.0
      },
      "r_angle": {
        "sum": -32.075052332101166,
        "abs_sum": 32.075052332101166,
        "mean": -0.09060749246356262,
        "std": 0.11495455594425186,
        "min": -0.6,
        "max": -0.009057891718111931,
        "ratio": 0.047605573617729366,
        "trigger_rate": 1.0
      },
      "r_energy": {
        "sum": -0.44999999999999996,
        "abs_sum": 0.44999999999999996,
        "mean": -0.001271186440677966,
        "std": 0.006043151351188835,
        "min": -0.03,
        "max": -0.0,
        "ratio": 0.0006678869267670146,
        "trigger_rate": 0.0423728813559322
      },
      "r_contact_one_time": {
        "sum": 100.0,
        "abs_sum": 100.0,
        "mean": 0.2824858757062147,
        "std": 2.3600676355034373,
        "min": 0.0,
        "max": 20.0,
        "ratio": 0.14841931705933661,
        "trigger_rate": 0.014124293785310734
      },
      "r_stable_contact_bonus": {
        "sum": 30.0,
        "abs_sum": 30.0,
        "mean": 0.0847457627118644,
        "std": 1.59222832441152,
        "min": 0.0,
        "max": 30.0,
        "ratio": 0.044525795117800984,
        "trigger_rate": 0.002824858757062147
      }
    },
    "dominant_component": "r_distance",
    "dominant_component_ratio": 0.4905101222937697
  },
  "diagnostics": {
    "hack_flags": {
      "high_reward_low_progress": false,
      "component_dominance": false,
      "repeated_event_exploitation": true,
      "shaping_goal_mismatch": true
    },
    "failure_modes": [
      "repeated_event_exploitation",
      "shaping_goal_mismatch"
    ],
    "hack_score": 0.5,
    "suspected_components": [],
    "dominant_component": "r_distance",
    "dominant_component_ratio": 0.4905101222937697,
    "repeated_event_details": {
      "flag": true,
      "event_toggle_counts": {
        "low_vy": 6,
        "near_y": 5,
        "near_goal": 3,
        "low_angle": 9,
        "left_contact": 4,
        "contact": 7,
        "right_contact": 7,
        "both_contact": 4,
        "low_vx": 1,
        "near_x": 2,
        "engine_on": 4
      },
      "max_event": "low_angle",
      "max_toggle_count": 9
    }
  },
  "experiment_mode": {
    "use_memory": true,
    "use_attribution": true,
    "use_hack_detector": true,
    "use_llm_edit": true,
    "use_operator_constraints": true,
    "free_rewrite": false,
    "one_shot": false
  }
}