{
  "attribution": {
    "episode_reward_mean": -53.841087063605855,
    "episode_reward_std": 6.370875681283116,
    "component_stats": {
      "r_distance": {
        "sum": -163.8256374660542,
        "abs_sum": 163.8256374660542,
        "mean": -0.4721199926975625,
        "std": 0.20141369738132864,
        "min": -0.7197346358731274,
        "max": -0.04779991745311738,
        "ratio": 0.3491554554456779,
        "trigger_rate": 1.0
      },
      "r_velocity": {
        "sum": -179.04052552395808,
        "abs_sum": 179.04052552395808,
        "mean": -0.5159669323457006,
        "std": 0.24267535167356316,
        "min": -0.9829799796264966,
        "max": -0.061283385973201786,
        "ratio": 0.38158237745605733,
        "trigger_rate": 1.0
      },
      "r_angle": {
        "sum": -26.159272328017025,
        "abs_sum": 26.159272328017025,
        "mean": -0.07538695195393955,
        "std": 0.08794422585532195,
        "min": -0.6,
        "max": -0.009057891718111931,
        "ratio": 0.05575227897836722,
        "trigger_rate": 1.0
      },
      "r_energy": {
        "sum": -0.18,
        "abs_sum": 0.18,
        "mean": -0.0005187319884726225,
        "std": 0.0039106107935096175,
        "min": -0.03,
        "max": -0.0,
        "ratio": 0.0003836272695306591,
        "trigger_rate": 0.01729106628242075
      },
      "r_contact_one_time": {
        "sum": 100.0,
        "abs_sum": 100.0,
        "mean": 0.2881844380403458,
        "std": 2.38340900612511,
        "min": 0.0,
        "max": 20.0,
        "ratio": 0.21312626085036618,
        "trigger_rate": 0.01440922190201729
      }
    },
    "dominant_component": "r_velocity",
    "dominant_component_ratio": 0.38158237745605733
  },
  "diagnostics": {
    "hack_flags": {
      "high_reward_low_progress": false,
      "component_dominance": false,
      "repeated_event_exploitation": true,
      "shaping_goal_mismatch": true
    },
    "failure_modes": [
      "repeated_event_exploitation",
      "shaping_goal_mismatch"
    ],
    "hack_score": 0.5,
    "suspected_components": [],
    "dominant_component": "r_velocity",
    "dominant_component_ratio": 0.38158237745605733,
    "repeated_event_details": {
      "flag": true,
      "event_toggle_counts": {
        "low_vy": 6,
        "near_y": 5,
        "near_goal": 3,
        "low_angle": 8,
        "left_contact": 4,
        "contact": 5,
        "right_contact": 5,
        "both_contact": 4,
        "low_vx": 1,
        "near_x": 2,
        "engine_on": 2
      },
      "max_event": "low_angle",
      "max_toggle_count": 8
    }
  },
  "experiment_mode": {
    "use_memory": true,
    "use_attribution": true,
    "use_hack_detector": true,
    "use_llm_edit": true,
    "use_operator_constraints": true,
    "free_rewrite": false,
    "one_shot": false
  }
}