{
  "memory_id": "iter_002_to_003",
  "env_family": "landing_control",
  "failure_modes": [
    "high_reward_low_progress",
    "repeated_event_exploitation",
    "shaping_goal_mismatch"
  ],
  "reward_attribution": {
    "episode_reward_mean": -83.7222487350912,
    "episode_reward_std": 10.448391786196094,
    "component_stats": {
      "r_distance": {
        "sum": -325.86503615639964,
        "abs_sum": 325.86503615639964,
        "mean": -0.9500438371906695,
        "std": 0.4014445593388929,
        "min": -1.4394692717462547,
        "max": -0.09559983490623476,
        "ratio": 0.5233883009844541,
        "trigger_rate": 1.0
      },
      "r_velocity": {
        "sum": -178.35199979165515,
        "abs_sum": 178.35199979165515,
        "mean": -0.5199766757774202,
        "std": 0.24757382240177728,
        "min": -0.9809856506666133,
        "max": -0.028397165790219635,
        "ratio": 0.2864601592400721,
        "trigger_rate": 1.0
      },
      "r_angle": {
        "sum": -16.2419103463646,
        "abs_sum": 16.2419103463646,
        "mean": -0.047352508298439074,
        "std": 0.05347701276109861,
        "min": -0.6,
        "max": -0.006041929987259209,
        "ratio": 0.02608695293362374,
        "trigger_rate": 1.0
      },
      "r_energy": {
        "sum": -0.15,
        "abs_sum": 0.15,
        "mean": -0.00043731778425655976,
        "std": 0.0035955926748270197,
        "min": -0.03,
        "max": -0.0,
        "ratio": 0.00024092257970869852,
        "trigger_rate": 0.014577259475218658
      },
      "r_progress_delta": {
        "sum": 1.9977026189632996,
        "abs_sum": 1.9977026189632996,
        "mean": 0.005824205886190378,
        "std": 0.005277339061911339,
        "min": 0.0,
        "max": 0.023742472203475584,
        "ratio": 0.0032086111230097423,
        "trigger_rate": 0.9183673469387755
      },
      "r_contact_one_time": {
        "sum": 100.0,
        "abs_sum": 100.0,
        "mean": 0.2915451895043732,
        "std": 2.3970617832180143,
        "min": 0.0,
        "max": 20.0,
        "ratio": 0.16061505313913235,
        "trigger_rate": 0.014577259475218658
      }
    },
    "dominant_component": "r_distance",
    "dominant_component_ratio": 0.5233883009844541
  },
  "edit_plan": [],
  "outcome": {
    "status": "not_applicable",
    "before": {
      "task_score": 0.4502431118164748,
      "hack_score": 0.75
    },
    "after": {},
    "delta": {},
    "note": "No edit was generated for this iteration."
  },
  "lesson": "Rollback applied after mixed/rejected previous edit; edit generation skipped to rebase on best accepted schema.",
  "metadata": {
    "config_path": "configs/eg_rsa_deepseek_memory_test.yml",
    "iteration": 2,
    "validation_errors": [],
    "validation_warnings": [],
    "candidate_evaluation": {},
    "gate_result": {},
    "structural_response": {},
    "outcome_decision": {
      "decision": "uncertain",
      "continuation": "rollback_to_best_schema",
      "reason": "Outcome change is too small or ambiguous; keep lesson as evidence but continue from best accepted schema.",
      "task_delta": -0.00820087957588389,
      "hack_delta": 0.0,
      "accepted_for_best": false,
      "rollback_recommended": true
    },
    "rollback_applied": true,
    "experiment_mode": {
      "use_memory": true,
      "use_attribution": true,
      "use_hack_detector": true,
      "use_llm_edit": true,
      "use_operator_constraints": true,
      "free_rewrite": false,
      "one_shot": false
    },
    "edit_generated": false,
    "edit_decision": "rollback",
    "next_action": "rollback_to_best_schema",
    "agent_analysis": {
      "diagnostic_analysis": {},
      "memory_reflection": {},
      "reward_editor": {},
      "auditor_check": {},
      "distilled_lessons": {}
    }
  }
}