{
  "memory_id": "iter_002_to_003",
  "env_family": "landing_control",
  "failure_modes": [
    "repeated_event_exploitation",
    "shaping_goal_mismatch"
  ],
  "reward_attribution": {
    "episode_reward_mean": -84.72039561210914,
    "episode_reward_std": 15.570741041491575,
    "component_stats": {
      "r_distance": {
        "sum": -330.48077795117416,
        "abs_sum": 330.48077795117416,
        "mean": -0.9335615196360852,
        "std": 0.4059650631467756,
        "min": -1.4394692717462547,
        "max": -0.09559983490623476,
        "ratio": 0.4980105377579539,
        "trigger_rate": 1.0
      },
      "r_velocity": {
        "sum": -180.87728472072808,
        "abs_sum": 180.87728472072808,
        "mean": -0.510952781696972,
        "std": 0.24109869388457245,
        "min": -0.9829799796264966,
        "max": -0.061283385973201786,
        "ratio": 0.2725689354473643,
        "trigger_rate": 1.0
      },
      "r_angle": {
        "sum": -32.123915388643525,
        "abs_sum": 32.123915388643525,
        "mean": -0.09074552369673312,
        "std": 0.115483417626287,
        "min": -0.6,
        "max": -0.009057891718111931,
        "ratio": 0.04840840812821178,
        "trigger_rate": 1.0
      },
      "r_energy": {
        "sum": -0.12,
        "abs_sum": 0.12,
        "mean": -0.0003389830508474576,
        "std": 0.0031708960904863913,
        "min": -0.03,
        "max": -0.0,
        "ratio": 0.0001808312873790914,
        "trigger_rate": 0.011299435028248588
      },
      "r_contact_one_time": {
        "sum": 100.0,
        "abs_sum": 100.0,
        "mean": 0.2824858757062147,
        "std": 2.3600676355034373,
        "min": 0.0,
        "max": 20.0,
        "ratio": 0.15069273948257617,
        "trigger_rate": 0.014124293785310734
      },
      "r_stable_approach": {
        "sum": 20.0,
        "abs_sum": 20.0,
        "mean": 0.05649717514124294,
        "std": 0.7495197266339886,
        "min": 0.0,
        "max": 10.0,
        "ratio": 0.030138547896515235,
        "trigger_rate": 0.005649717514124294
      }
    },
    "dominant_component": "r_distance",
    "dominant_component_ratio": 0.4980105377579539
  },
  "edit_plan": [],
  "outcome": {
    "status": "not_applicable",
    "before": {
      "task_score": 0.3084407277984508,
      "hack_score": 0.5
    },
    "after": {},
    "delta": {},
    "note": "No edit was generated for this iteration."
  },
  "lesson": "Final iteration; edit generation skipped.",
  "metadata": {
    "config_path": "configs/eg_rsa_deepseek_memory_test.yml",
    "iteration": 2,
    "validation_errors": [],
    "gate_result": {},
    "structural_response": {},
    "experiment_mode": {
      "use_memory": true,
      "use_attribution": true,
      "use_hack_detector": true,
      "use_llm_edit": true,
      "use_operator_constraints": true,
      "free_rewrite": false,
      "one_shot": false
    },
    "edit_generated": false,
    "edit_decision": "final",
    "next_action": "final_iteration",
    "agent_analysis": {
      "diagnostic_analysis": {},
      "memory_reflection": {},
      "reward_editor": {},
      "auditor_check": {},
      "distilled_lessons": {}
    }
  }
}