{
  "memory_id": "iter_002_to_003",
  "env_family": "landing_control",
  "failure_modes": [
    "repeated_event_exploitation",
    "shaping_goal_mismatch"
  ],
  "reward_attribution": {
    "episode_reward_mean": -53.841087063605855,
    "episode_reward_std": 6.370875681283116,
    "component_stats": {
      "r_distance": {
        "sum": -163.8256374660542,
        "abs_sum": 163.8256374660542,
        "mean": -0.4721199926975625,
        "std": 0.20141369738132864,
        "min": -0.7197346358731274,
        "max": -0.04779991745311738,
        "ratio": 0.3491554554456779,
        "trigger_rate": 1.0
      },
      "r_velocity": {
        "sum": -179.04052552395808,
        "abs_sum": 179.04052552395808,
        "mean": -0.5159669323457006,
        "std": 0.24267535167356316,
        "min": -0.9829799796264966,
        "max": -0.061283385973201786,
        "ratio": 0.38158237745605733,
        "trigger_rate": 1.0
      },
      "r_angle": {
        "sum": -26.159272328017025,
        "abs_sum": 26.159272328017025,
        "mean": -0.07538695195393955,
        "std": 0.08794422585532195,
        "min": -0.6,
        "max": -0.009057891718111931,
        "ratio": 0.05575227897836722,
        "trigger_rate": 1.0
      },
      "r_energy": {
        "sum": -0.18,
        "abs_sum": 0.18,
        "mean": -0.0005187319884726225,
        "std": 0.0039106107935096175,
        "min": -0.03,
        "max": -0.0,
        "ratio": 0.0003836272695306591,
        "trigger_rate": 0.01729106628242075
      },
      "r_contact_one_time": {
        "sum": 100.0,
        "abs_sum": 100.0,
        "mean": 0.2881844380403458,
        "std": 2.38340900612511,
        "min": 0.0,
        "max": 20.0,
        "ratio": 0.21312626085036618,
        "trigger_rate": 0.01440922190201729
      }
    },
    "dominant_component": "r_velocity",
    "dominant_component_ratio": 0.38158237745605733
  },
  "edit_plan": [],
  "outcome": {
    "status": "not_applicable",
    "before": {
      "task_score": 0.3034748579462913,
      "hack_score": 0.5
    },
    "after": {},
    "delta": {},
    "note": "No edit was generated for this iteration."
  },
  "lesson": "Final iteration; edit generation skipped.",
  "metadata": {
    "config_path": "configs/eg_rsa_deepseek_memory_test.yml",
    "iteration": 2,
    "validation_errors": [],
    "experiment_mode": {
      "use_memory": true,
      "use_attribution": true,
      "use_hack_detector": true,
      "use_llm_edit": true,
      "use_operator_constraints": true,
      "free_rewrite": false,
      "one_shot": false
    },
    "edit_generated": false
  }
}