{
  "memory_id": "iter_002_to_003",
  "env_family": "landing_control",
  "failure_modes": [
    "repeated_event_exploitation",
    "shaping_goal_mismatch"
  ],
  "reward_attribution": {
    "episode_reward_mean": -82.7533487976111,
    "episode_reward_std": 16.99878752449893,
    "component_stats": {
      "r_distance": {
        "sum": -330.4894079910559,
        "abs_sum": 330.4894079910559,
        "mean": -0.9335858982798189,
        "std": 0.40593180157210096,
        "min": -1.4394692717462547,
        "max": -0.09559983490623476,
        "ratio": 0.4905101222937697,
        "trigger_rate": 1.0
      },
      "r_velocity": {
        "sum": -180.75228366489847,
        "abs_sum": 180.75228366489847,
        "mean": -0.5105996713697697,
        "std": 0.2413686348226339,
        "min": -0.9829799796264966,
        "max": -0.061283385973201786,
        "ratio": 0.26827130498459717,
        "trigger_rate": 1.0
      },
      "r_angle": {
        "sum": -32.075052332101166,
        "abs_sum": 32.075052332101166,
        "mean": -0.09060749246356262,
        "std": 0.11495455594425186,
        "min": -0.6,
        "max": -0.009057891718111931,
        "ratio": 0.047605573617729366,
        "trigger_rate": 1.0
      },
      "r_energy": {
        "sum": -0.44999999999999996,
        "abs_sum": 0.44999999999999996,
        "mean": -0.001271186440677966,
        "std": 0.006043151351188835,
        "min": -0.03,
        "max": -0.0,
        "ratio": 0.0006678869267670146,
        "trigger_rate": 0.0423728813559322
      },
      "r_contact_one_time": {
        "sum": 100.0,
        "abs_sum": 100.0,
        "mean": 0.2824858757062147,
        "std": 2.3600676355034373,
        "min": 0.0,
        "max": 20.0,
        "ratio": 0.14841931705933661,
        "trigger_rate": 0.014124293785310734
      },
      "r_stable_contact_bonus": {
        "sum": 30.0,
        "abs_sum": 30.0,
        "mean": 0.0847457627118644,
        "std": 1.59222832441152,
        "min": 0.0,
        "max": 30.0,
        "ratio": 0.044525795117800984,
        "trigger_rate": 0.002824858757062147
      }
    },
    "dominant_component": "r_distance",
    "dominant_component_ratio": 0.4905101222937697
  },
  "edit_plan": [],
  "outcome": {
    "status": "not_applicable",
    "before": {
      "task_score": 0.308132398254212,
      "hack_score": 0.5
    },
    "after": {},
    "delta": {},
    "note": "No edit was generated for this iteration."
  },
  "lesson": "Final iteration; edit generation skipped.",
  "metadata": {
    "config_path": "configs/eg_rsa_deepseek_memory_test.yml",
    "iteration": 2,
    "validation_errors": [],
    "validation_warnings": [],
    "candidate_evaluation": {},
    "gate_result": {},
    "structural_response": {},
    "experiment_mode": {
      "use_memory": true,
      "use_attribution": true,
      "use_hack_detector": true,
      "use_llm_edit": true,
      "use_operator_constraints": true,
      "free_rewrite": false,
      "one_shot": false
    },
    "edit_generated": false,
    "edit_decision": "final",
    "next_action": "final_iteration",
    "agent_analysis": {
      "diagnostic_analysis": {},
      "memory_reflection": {},
      "reward_editor": {},
      "auditor_check": {},
      "distilled_lessons": {}
    }
  }
}