{
  "memory_id": "iter_002_to_003",
  "env_family": "landing_control",
  "failure_modes": [
    "high_reward_low_progress",
    "repeated_event_exploitation",
    "shaping_goal_mismatch"
  ],
  "reward_attribution": {
    "episode_reward_mean": 13.839851614449003,
    "episode_reward_std": 16.907986959680994,
    "component_stats": {
      "r_distance": {
        "sum": -169.88615451526707,
        "abs_sum": 169.88615451526707,
        "mean": -0.4412627390006937,
        "std": 0.21374560670602666,
        "min": -0.7195925147238994,
        "max": -0.09351634158682459,
        "ratio": 0.26104173454388324,
        "trigger_rate": 1.0
      },
      "r_velocity": {
        "sum": -74.40680317321574,
        "abs_sum": 74.40680317321574,
        "mean": -0.1932644238265344,
        "std": 0.08749609922151468,
        "min": -0.357988728839022,
        "max": -0.02965278836120416,
        "ratio": 0.11433115910841368,
        "trigger_rate": 1.0
      },
      "r_angle": {
        "sum": -46.5077842392722,
        "abs_sum": 46.5077842392722,
        "mean": -0.12079943958252519,
        "std": 0.05073912382526767,
        "min": -0.1998,
        "max": -0.002484987856540829,
        "ratio": 0.07146240199651625,
        "trigger_rate": 1.0
      },
      "r_contact": {
        "sum": 360.0,
        "abs_sum": 360.0,
        "mean": 0.935064935064935,
        "std": 4.222197563889059,
        "min": 0.0,
        "max": 20.0,
        "ratio": 0.553164704351188,
        "trigger_rate": 0.046753246753246755
      }
    },
    "dominant_component": "r_contact",
    "dominant_component_ratio": 0.553164704351188
  },
  "edit_plan": [],
  "outcome": {
    "status": "not_applicable",
    "before": {
      "task_score": 0.04302898343408794,
      "hack_score": 0.75
    },
    "after": {},
    "delta": {},
    "note": "No edit was generated for this iteration."
  },
  "lesson": "Final iteration; edit generation skipped.",
  "metadata": {
    "config_path": "configs/eg_rsa_deepseek_memory_test.yml",
    "iteration": 2,
    "validation_errors": [],
    "experiment_mode": {
      "use_memory": true,
      "use_attribution": true,
      "use_hack_detector": true,
      "use_llm_edit": true,
      "use_operator_constraints": true,
      "free_rewrite": false,
      "one_shot": false
    },
    "edit_generated": false,
    "edit_decision": "final",
    "next_action": "final_iteration",
    "agent_analysis": {
      "diagnostic_analysis": {},
      "memory_reflection": {},
      "reward_editor": {},
      "auditor_check": {},
      "distilled_lessons": {}
    }
  }
}