{
  "note": "Post-hoc oracle reward evaluation only. Not used by EG-RSA reward search.",
  "env_id": "LunarLander-v3",
  "num_episodes": 5,
  "return_mean": -191.46316369263357,
  "return_std": 37.53778545673765,
  "episode_length_mean": 61.4,
  "episode_returns": [
    -158.12964490933555,
    -177.67218518238883,
    -259.51756625135823,
    -202.13680074105156,
    -159.85962137903368
  ],
  "episode_lengths": [
    58,
    54,
    71,
    70,
    54
  ]
}