{
  "note": "Post-hoc oracle reward evaluation only. Not used by EG-RSA reward search.",
  "env_id": "LunarLander-v3",
  "num_episodes": 5,
  "return_mean": -119.44286598703707,
  "return_std": 15.307504118761884,
  "episode_length_mean": 57.4,
  "episode_returns": [
    -127.1460591443464,
    -139.25228819583754,
    -107.02220671306358,
    -126.92502276403656,
    -96.86875311790126
  ],
  "episode_lengths": [
    53,
    53,
    62,
    69,
    50
  ]
}