{
  "note": "Post-hoc oracle reward evaluation only. Not used by EG-RSA reward search.",
  "env_id": "LunarLander-v3",
  "num_episodes": 5,
  "return_mean": -114.41541911236475,
  "return_std": 15.5755987787885,
  "episode_length_mean": 57.6,
  "episode_returns": [
    -127.1460591443464,
    -99.32143301888755,
    -107.02220671306358,
    -138.27848131089786,
    -100.30891537462833
  ],
  "episode_lengths": [
    53,
    54,
    62,
    69,
    50
  ]
}