{
  "attribution": {
    "episode_reward_mean": 1099.6266436878389,
    "episode_reward_std": 26.261560006771095,
    "component_stats": {
      "r_center_guidance": {
        "sum": 917.915313964045,
        "abs_sum": 917.915313964045,
        "mean": 0.15298588566067417,
        "std": 0.04571440797252999,
        "min": 0.0,
        "max": 0.19998693466204714,
        "ratio": 0.12681767609969807,
        "trigger_rate": 0.9611666666666666
      },
      "r_stability": {
        "sum": -138.80545183703123,
        "abs_sum": 138.80545183703123,
        "mean": -0.02313424197283854,
        "std": 0.01778769287611019,
        "min": -0.13319649919867516,
        "max": -6.591957026103046e-05,
        "ratio": 0.019177133842469458,
        "trigger_rate": 1.0
      },
      "r_vertical_safety": {
        "sum": 0.0,
        "abs_sum": 0.0,
        "mean": 0.0,
        "std": 0.0,
        "min": 0.0,
        "max": 0.0,
        "ratio": 0.0,
        "trigger_rate": 0.0
      },
      "r_fuel_penalty": {
        "sum": -181.34999999999997,
        "abs_sum": 181.34999999999997,
        "mean": -0.030224999999999995,
        "std": 0.024447891013336918,
        "min": -0.05,
        "max": -0.0,
        "ratio": 0.025055018922563798,
        "trigger_rate": 0.6045
      },
      "r_descent_guidance": {
        "sum": 6000.0,
        "abs_sum": 6000.0,
        "mean": 1.0,
        "std": 0.0,
        "min": 1.0,
        "max": 1.0,
        "ratio": 0.8289501711352789,
        "trigger_rate": 1.0
      },
      "r_landing_success": {
        "sum": 0.0,
        "abs_sum": 0.0,
        "mean": 0.0,
        "std": 0.0,
        "min": 0.0,
        "max": 0.0,
        "ratio": 0.0,
        "trigger_rate": 0.0
      },
      "r_crash": {
        "sum": 0.0,
        "abs_sum": 0.0,
        "mean": 0.0,
        "std": 0.0,
        "min": 0.0,
        "max": 0.0,
        "ratio": 0.0,
        "trigger_rate": 0.0
      }
    },
    "dominant_component": "r_descent_guidance",
    "dominant_component_ratio": 0.8289501711352789
  },
  "diagnostics": {
    "hack_flags": {
      "high_reward_low_progress": false,
      "component_dominance": true,
      "repeated_event_exploitation": false,
      "shaping_goal_mismatch": true,
      "terminal_success_dominance": false,
      "unstable_contact_behavior": true,
      "reward_repetition_risk": false
    },
    "failure_modes": [
      "single_component_dominance",
      "shaping_goal_mismatch"
    ],
    "hack_score": 0.4,
    "suspected_components": [
      "r_descent_guidance"
    ],
    "dominant_component": "r_descent_guidance",
    "dominant_component_ratio": 0.8289501711352789,
    "raw_component_dominance": true,
    "benign_terminal_dominance": false,
    "repeated_event_details": {
      "flag": false,
      "event_toggle_counts": {},
      "max_event": null,
      "max_toggle_count": 0
    },
    "semantic_notes": [
      "contact_or_landing_toggles_observed_but_not_repeated_reward_exploitation"
    ]
  },
  "semantic_outcome": {
    "episode_count": 6,
    "semantic_score": 0.8455232789377207,
    "success_episode_rate": 0.0,
    "terminal_reward_paid_episode_rate": 0.0,
    "terminal_reward_payment_count_mean": 0.0,
    "terminal_reward_payment_count_max": 0,
    "safe_contact_episode_rate": 0.0,
    "stable_landing_episode_rate": 0.0,
    "progress_score_mean": 0.9455232789377207,
    "progress_score_std": 0.006351261505512605,
    "episode_length_mean": 1000.0,
    "episode_length_std": 0.0,
    "contact_toggle_mean": 646.5,
    "contact_toggle_max": 660.0,
    "reward_repetition_risk": false,
    "one_time_repeat_violations": [],
    "terminal_goal_evidence": false,
    "unstable_contact_behavior": true,
    "event_rule_payment_stats": {
      "r_landing_success": {
        "episode_payment_counts": [
          0,
          0,
          0,
          0,
          0,
          0
        ],
        "episode_paid_rate": 0.0,
        "payment_count_mean": 0.0,
        "payment_count_max": 0,
        "one_time": true
      }
    },
    "terminal_rule_names": [
      "r_landing_success"
    ],
    "one_time_rule_names": [
      "r_crash",
      "r_landing_success"
    ],
    "semantic_risks": [
      "unstable_contact_behavior"
    ]
  },
  "experiment_mode": {
    "use_memory": true,
    "use_attribution": true,
    "use_hack_detector": true,
    "use_llm_edit": true,
    "use_operator_constraints": true,
    "free_rewrite": false,
    "one_shot": false
  }
}