{
  "note": "Post-hoc oracle reward evaluation only. Not used by EG-RSA reward search.",
  "env_id": "LunarLander-v3",
  "num_episodes": 10,
  "return_mean": -32.01879731831317,
  "return_std": 23.694194802607843,
  "episode_length_mean": 1000.0,
  "episode_returns": [
    -49.05016687416857,
    -9.659824288889727,
    -80.21206026253257,
    -34.01192750659102,
    -10.060333468659923,
    -62.91315393646743,
    -26.0911227708769,
    -20.949391021497437,
    -24.256209679789784,
    -2.9837833736583086
  ],
  "episode_lengths": [
    1000,
    1000,
    1000,
    1000,
    1000,
    1000,
    1000,
    1000,
    1000,
    1000
  ]
}