{
  "attribution": {
    "episode_reward_mean": 1816.9823985129576,
    "episode_reward_std": 40.23813099587792,
    "component_stats": {
      "r_approach_region": {
        "sum": 4625.833543890811,
        "abs_sum": 4625.833543890811,
        "mean": 0.7709722573151351,
        "std": 0.10947083479889916,
        "min": 0.3996931524393905,
        "max": 0.9111194844387498,
        "ratio": 0.4186936125969188,
        "trigger_rate": 1.0
      },
      "r_approach_progress": {
        "sum": 4.984265152111885,
        "abs_sum": 4.984265152111885,
        "mean": 0.0008307108586853141,
        "std": 0.0010452873359622595,
        "min": 0.0,
        "max": 0.005977783853020058,
        "ratio": 0.0004511359872502829,
        "trigger_rate": 0.6206666666666667
      },
      "r_stability": {
        "sum": 3847.835848037721,
        "abs_sum": 3847.835848037721,
        "mean": 0.6413059746729535,
        "std": 0.11578112659606563,
        "min": 0.25805866785299697,
        "max": 0.9618181932865268,
        "ratio": 0.3482754570843827,
        "trigger_rate": 1.0
      },
      "r_landing_quality": {
        "sum": 2496.420733997098,
        "abs_sum": 2496.420733997098,
        "mean": 0.4160701223328497,
        "std": 0.10436433792047922,
        "min": 0.10481384682940946,
        "max": 0.6475127793781432,
        "ratio": 0.22595612353140232,
        "trigger_rate": 1.0
      },
      "r_energy": {
        "sum": -73.18,
        "abs_sum": 73.18,
        "mean": -0.012196666666666668,
        "std": 0.00975574987151452,
        "min": -0.02,
        "max": -0.0,
        "ratio": 0.0066236707998946,
        "trigger_rate": 0.6098333333333333
      },
      "r_safe_contact_once": {
        "sum": 0.0,
        "abs_sum": 0.0,
        "mean": 0.0,
        "std": 0.0,
        "min": 0.0,
        "max": 0.0,
        "ratio": 0.0,
        "trigger_rate": 0.0
      },
      "r_stable_landing_once": {
        "sum": 0.0,
        "abs_sum": 0.0,
        "mean": 0.0,
        "std": 0.0,
        "min": 0.0,
        "max": 0.0,
        "ratio": 0.0,
        "trigger_rate": 0.0
      }
    },
    "dominant_component": "r_approach_region",
    "dominant_component_ratio": 0.4186936125969188
  },
  "diagnostics": {
    "hack_flags": {
      "high_reward_low_progress": false,
      "component_dominance": false,
      "repeated_event_exploitation": false,
      "shaping_goal_mismatch": true,
      "terminal_success_dominance": false,
      "unstable_contact_behavior": true,
      "reward_repetition_risk": false
    },
    "failure_modes": [
      "shaping_goal_mismatch"
    ],
    "hack_score": 0.2,
    "suspected_components": [],
    "dominant_component": "r_approach_region",
    "dominant_component_ratio": 0.4186936125969188,
    "raw_component_dominance": false,
    "benign_terminal_dominance": false,
    "repeated_event_details": {
      "flag": false,
      "event_toggle_counts": {},
      "max_event": null,
      "max_toggle_count": 0
    },
    "semantic_notes": [
      "contact_or_landing_toggles_observed_but_not_repeated_reward_exploitation"
    ]
  },
  "semantic_outcome": {
    "episode_count": 6,
    "semantic_score": 0.1505434606766384,
    "success_episode_rate": 0.0,
    "terminal_reward_paid_episode_rate": 0.0,
    "terminal_reward_payment_count_mean": 0.0,
    "terminal_reward_payment_count_max": 0,
    "safe_contact_episode_rate": 0.0,
    "stable_landing_episode_rate": 0.0,
    "progress_score_mean": 0.2505434606766384,
    "progress_score_std": 0.024021121796986174,
    "episode_length_mean": 1000.0,
    "episode_length_std": 0.0,
    "contact_toggle_mean": 664.5,
    "contact_toggle_max": 690.0,
    "reward_repetition_risk": false,
    "one_time_repeat_violations": [],
    "terminal_goal_evidence": false,
    "unstable_contact_behavior": true,
    "event_rule_payment_stats": {
      "r_stable_landing_once": {
        "episode_payment_counts": [
          0,
          0,
          0,
          0,
          0,
          0
        ],
        "episode_paid_rate": 0.0,
        "payment_count_mean": 0.0,
        "payment_count_max": 0,
        "one_time": true
      }
    },
    "terminal_rule_names": [
      "r_stable_landing_once"
    ],
    "one_time_rule_names": [
      "r_safe_contact_once",
      "r_stable_landing_once"
    ],
    "semantic_risks": [
      "unstable_contact_behavior"
    ]
  },
  "experiment_mode": {
    "use_memory": true,
    "use_attribution": true,
    "use_hack_detector": true,
    "use_llm_edit": true,
    "use_operator_constraints": true,
    "free_rewrite": false,
    "one_shot": false
  }
}