{
  "note": "Post-hoc oracle reward evaluation only. Not used by EG-RSA reward search.",
  "env_id": "LunarLander-v2",
  "num_episodes": 6,
  "return_mean": -63.72022648352347,
  "return_std": 23.025078818706668,
  "episode_length_mean": 1000.0,
  "episode_returns": [
    -71.36934654499746,
    -45.87178569616196,
    -102.74424729650866,
    -44.05152051491004,
    -38.50002336060924,
    -79.78443548795343
  ],
  "episode_lengths": [
    1000,
    1000,
    1000,
    1000,
    1000,
    1000
  ]
}