{
  "attribution": {
    "episode_reward_mean": 3426.45090049483,
    "episode_reward_std": 330.1023032769473,
    "component_stats": {
      "r_approach_region": {
        "sum": 8519.174795951092,
        "abs_sum": 8519.174795951092,
        "mean": 1.4198624659918486,
        "std": 0.2372674003680295,
        "min": 0.399705309378695,
        "max": 1.5,
        "ratio": 0.4110335881385314,
        "trigger_rate": 1.0
      },
      "r_approach_progress": {
        "sum": 9.044325469569511,
        "abs_sum": 9.044325469569511,
        "mean": 0.001507387578261585,
        "std": 0.004933820788783578,
        "min": 0.0,
        "max": 0.03191985286260701,
        "ratio": 0.00043637108512161187,
        "trigger_rate": 0.13666666666666666
      },
      "r_stability": {
        "sum": 4489.772299954566,
        "abs_sum": 4489.772299954566,
        "mean": 0.748295383325761,
        "std": 0.15180478352072665,
        "min": 0.2236729754508627,
        "max": 0.9806341539688472,
        "ratio": 0.21662276717838888,
        "trigger_rate": 1.0
      },
      "r_landing_quality": {
        "sum": 7624.473981593757,
        "abs_sum": 7624.473981593757,
        "mean": 1.2707456635989596,
        "std": 0.512775103372614,
        "min": 0.10035165123285138,
        "max": 1.9612683079376945,
        "ratio": 0.3678660167664142,
        "trigger_rate": 1.0
      },
      "r_energy": {
        "sum": -83.75999999999999,
        "abs_sum": 83.75999999999999,
        "mean": -0.013959999999999998,
        "std": 0.00918250510481753,
        "min": -0.02,
        "max": -0.0,
        "ratio": 0.004041256831453449,
        "trigger_rate": 0.698
      },
      "r_safe_contact_once": {
        "sum": 0.0,
        "abs_sum": 0.0,
        "mean": 0.0,
        "std": 0.0,
        "min": 0.0,
        "max": 0.0,
        "ratio": 0.0,
        "trigger_rate": 0.0
      },
      "r_stable_landing_once": {
        "sum": 0.0,
        "abs_sum": 0.0,
        "mean": 0.0,
        "std": 0.0,
        "min": 0.0,
        "max": 0.0,
        "ratio": 0.0,
        "trigger_rate": 0.0
      }
    },
    "dominant_component": "r_approach_region",
    "dominant_component_ratio": 0.4110335881385314
  },
  "diagnostics": {
    "hack_flags": {
      "high_reward_low_progress": false,
      "component_dominance": false,
      "repeated_event_exploitation": true,
      "shaping_goal_mismatch": true,
      "terminal_success_dominance": false,
      "unstable_contact_behavior": true,
      "reward_repetition_risk": false
    },
    "failure_modes": [
      "repeated_event_exploitation",
      "shaping_goal_mismatch"
    ],
    "hack_score": 0.4,
    "suspected_components": [],
    "dominant_component": "r_approach_region",
    "dominant_component_ratio": 0.4110335881385314,
    "raw_component_dominance": false,
    "benign_terminal_dominance": false,
    "repeated_event_details": {
      "flag": true,
      "event_toggle_counts": {
        "landing_region": 9
      },
      "max_event": "landing_region",
      "max_toggle_count": 9
    },
    "semantic_notes": []
  },
  "semantic_outcome": {
    "episode_count": 6,
    "semantic_score": 0.6706836175027409,
    "success_episode_rate": 0.0,
    "terminal_reward_paid_episode_rate": 0.0,
    "terminal_reward_payment_count_mean": 0.0,
    "terminal_reward_payment_count_max": 0,
    "safe_contact_episode_rate": 0.0,
    "stable_landing_episode_rate": 0.0,
    "progress_score_mean": 0.7706836175027408,
    "progress_score_std": 0.1741819991008318,
    "episode_length_mean": 1000.0,
    "episode_length_std": 0.0,
    "contact_toggle_mean": 515.1666666666666,
    "contact_toggle_max": 525.0,
    "reward_repetition_risk": false,
    "one_time_repeat_violations": [],
    "terminal_goal_evidence": false,
    "unstable_contact_behavior": true,
    "event_rule_payment_stats": {
      "r_stable_landing_once": {
        "episode_payment_counts": [
          0,
          0,
          0,
          0,
          0,
          0
        ],
        "episode_paid_rate": 0.0,
        "payment_count_mean": 0.0,
        "payment_count_max": 0,
        "one_time": true
      }
    },
    "terminal_rule_names": [
      "r_stable_landing_once"
    ],
    "one_time_rule_names": [
      "r_safe_contact_once",
      "r_stable_landing_once"
    ],
    "semantic_risks": [
      "unstable_contact_behavior"
    ]
  },
  "experiment_mode": {
    "use_memory": true,
    "use_attribution": true,
    "use_hack_detector": true,
    "use_llm_edit": true,
    "use_operator_constraints": true,
    "free_rewrite": false,
    "one_shot": false
  }
}