{
  "note": "Post-hoc oracle reward evaluation only. Not used by EG-RSA reward search.",
  "env_id": "LunarLander-v3",
  "num_episodes": 6,
  "return_mean": 34.10926366552591,
  "return_std": 94.99963967084831,
  "episode_length_mean": 731.6666666666666,
  "episode_returns": [
    1.6731417273029725,
    10.760383193569993,
    -39.92653724875793,
    8.553816637347577,
    242.8451792146878,
    -19.25040153099495
  ],
  "episode_lengths": [
    1000,
    137,
    1000,
    1000,
    253,
    1000
  ]
}