{
  "attribution": {
    "episode_reward_mean": 381.47194818045085,
    "episode_reward_std": 24.889801571515466,
    "component_stats": {
      "r_center_guidance": {
        "sum": 2672.0917441203646,
        "abs_sum": 2672.0917441203646,
        "mean": 0.44534862402006076,
        "std": 0.06995486242151144,
        "min": 0.0,
        "max": 0.4999811649320236,
        "ratio": 0.8745610717745044,
        "trigger_rate": 0.9963333333333333
      },
      "r_stability": {
        "sum": -200.11005503763658,
        "abs_sum": 200.11005503763658,
        "mean": -0.0333516758396061,
        "std": 0.03114514324265293,
        "min": -0.24112623184919357,
        "max": -0.00021535853011300787,
        "ratio": 0.06549493092505405,
        "trigger_rate": 1.0
      },
      "r_vertical_safety": {
        "sum": 0.0,
        "abs_sum": 0.0,
        "mean": 0.0,
        "std": 0.0,
        "min": 0.0,
        "max": 0.0,
        "ratio": 0.0,
        "trigger_rate": 0.0
      },
      "r_fuel_penalty": {
        "sum": -183.14999999999998,
        "abs_sum": 183.14999999999998,
        "mean": -0.030524999999999997,
        "std": 0.024381845192683844,
        "min": -0.05,
        "max": -0.0,
        "ratio": 0.05994399730022343,
        "trigger_rate": 0.6105
      },
      "r_descent_guidance": {
        "sum": 0.0,
        "abs_sum": 0.0,
        "mean": 0.0,
        "std": 0.0,
        "min": 0.0,
        "max": 0.0,
        "ratio": 0.0,
        "trigger_rate": 0.0
      },
      "r_ground_speed_penalty": {
        "sum": 0.0,
        "abs_sum": 0.0,
        "mean": 0.0,
        "std": 0.0,
        "min": 0.0,
        "max": 0.0,
        "ratio": 0.0,
        "trigger_rate": 0.0
      },
      "r_landing_success": {
        "sum": 0.0,
        "abs_sum": 0.0,
        "mean": 0.0,
        "std": 0.0,
        "min": 0.0,
        "max": 0.0,
        "ratio": 0.0,
        "trigger_rate": 0.0
      },
      "r_crash": {
        "sum": 0.0,
        "abs_sum": 0.0,
        "mean": 0.0,
        "std": 0.0,
        "min": 0.0,
        "max": 0.0,
        "ratio": 0.0,
        "trigger_rate": 0.0
      }
    },
    "dominant_component": "r_center_guidance",
    "dominant_component_ratio": 0.8745610717745044
  },
  "diagnostics": {
    "hack_flags": {
      "high_reward_low_progress": false,
      "component_dominance": true,
      "repeated_event_exploitation": false,
      "shaping_goal_mismatch": true,
      "terminal_success_dominance": false,
      "unstable_contact_behavior": true,
      "reward_repetition_risk": false
    },
    "failure_modes": [
      "single_component_dominance",
      "shaping_goal_mismatch"
    ],
    "hack_score": 0.4,
    "suspected_components": [
      "r_center_guidance"
    ],
    "dominant_component": "r_center_guidance",
    "dominant_component_ratio": 0.8745610717745044,
    "raw_component_dominance": true,
    "benign_terminal_dominance": false,
    "repeated_event_details": {
      "flag": false,
      "event_toggle_counts": {},
      "max_event": null,
      "max_toggle_count": 0
    },
    "semantic_notes": [
      "contact_or_landing_toggles_observed_but_not_repeated_reward_exploitation"
    ]
  },
  "semantic_outcome": {
    "episode_count": 6,
    "semantic_score": 0.8137235141813132,
    "success_episode_rate": 0.0,
    "terminal_reward_paid_episode_rate": 0.0,
    "terminal_reward_payment_count_mean": 0.0,
    "terminal_reward_payment_count_max": 0,
    "safe_contact_episode_rate": 0.0,
    "stable_landing_episode_rate": 0.0,
    "progress_score_mean": 0.9137235141813131,
    "progress_score_std": 0.03116996295649288,
    "episode_length_mean": 1000.0,
    "episode_length_std": 0.0,
    "contact_toggle_mean": 225.0,
    "contact_toggle_max": 245.0,
    "reward_repetition_risk": false,
    "one_time_repeat_violations": [],
    "terminal_goal_evidence": false,
    "unstable_contact_behavior": true,
    "event_rule_payment_stats": {
      "r_landing_success": {
        "episode_payment_counts": [
          0,
          0,
          0,
          0,
          0,
          0
        ],
        "episode_paid_rate": 0.0,
        "payment_count_mean": 0.0,
        "payment_count_max": 0,
        "one_time": true
      }
    },
    "terminal_rule_names": [
      "r_landing_success"
    ],
    "one_time_rule_names": [
      "r_crash",
      "r_landing_success"
    ],
    "semantic_risks": [
      "unstable_contact_behavior"
    ]
  },
  "experiment_mode": {
    "use_memory": true,
    "use_attribution": true,
    "use_hack_detector": true,
    "use_llm_edit": true,
    "use_operator_constraints": true,
    "free_rewrite": false,
    "one_shot": false
  }
}