{
  "note": "Post-hoc oracle reward evaluation only. Not used by EG-RSA reward search.",
  "env_id": "LunarLander-v3",
  "num_episodes": 10,
  "return_mean": -352.0036429581322,
  "return_std": 25.509369470122436,
  "episode_length_mean": 1000.0,
  "episode_returns": [
    -310.9769694914315,
    -336.6196158116666,
    -363.95274470526897,
    -386.1574118241698,
    -335.6618737923346,
    -361.7740887262967,
    -331.6744686494686,
    -329.25800354126,
    -372.291236371367,
    -391.6700166680586
  ],
  "episode_lengths": [
    1000,
    1000,
    1000,
    1000,
    1000,
    1000,
    1000,
    1000,
    1000,
    1000
  ]
}