{
  "note": "Post-hoc oracle reward evaluation only. Not used by EG-RSA reward search.",
  "env_id": "LunarLander-v3",
  "num_episodes": 10,
  "return_mean": 87.13823968553314,
  "return_std": 92.44461926293948,
  "episode_length_mean": 872.4,
  "episode_returns": [
    267.3060606766759,
    75.30678302563034,
    26.20985748118158,
    28.34115520772616,
    56.81962263531747,
    23.993025234895605,
    46.278793038027274,
    1.9860199669809122,
    265.4844702978604,
    79.65660929103555
  ],
  "episode_lengths": [
    357,
    1000,
    1000,
    1000,
    1000,
    1000,
    1000,
    1000,
    367,
    1000
  ]
}