{
  "eval_generated_return": -435.3005269543313,
  "eval_hidden_return": -112.16825986284887,
  "eval_episode_length": 70.1,
  "component_returns": {
    "distance_reward": -134.4813004234102,
    "velocity_penalty": -215.82328415456368,
    "angle_penalty": -4.995942376357561,
    "fuel_efficiency": 0.0,
    "terminal": -80.0
  },
  "diagnostics": {
    "generated_private_gap": -323.13226709148245,
    "action_mean": 0.20256776034236804,
    "action_std": 0.6976988649688806,
    "episode_length_mean": 70.1,
    "component_returns": {
      "distance_reward": -134.4813004234102,
      "velocity_penalty": -215.82328415456368,
      "angle_penalty": -4.995942376357561,
      "fuel_efficiency": 0.0,
      "terminal": -80.0
    },
    "ppo_n_envs": 1,
    "ppo_vec_env_type": "dummy",
    "ppo_total_timesteps": 2000000,
    "ppo_n_steps": 1024,
    "ppo_batch_size": 64,
    "ppo_n_epochs": 4,
    "ppo_gae_lambda": 0.98,
    "ppo_gamma": 0.999,
    "ppo_ent_coef": 0.01,
    "ppo_learning_rate": 0.0003,
    "ppo_clip_range": 0.2,
    "ppo_vf_coef": 0.5,
    "ppo_max_grad_norm": 0.5
  }
}