{
  "attribution": {
    "episode_reward_mean": 935.9967859730768,
    "episode_reward_std": 110.06634856932311,
    "component_stats": {
      "r_center_guidance": {
        "sum": 2503.108506004799,
        "abs_sum": 2503.108506004799,
        "mean": 0.4171847510007998,
        "std": 0.10561018306556924,
        "min": 0.0,
        "max": 0.49999070167518767,
        "ratio": 0.33585888860678986,
        "trigger_rate": 0.966
      },
      "r_stability": {
        "sum": -253.6758676780566,
        "abs_sum": 253.6758676780566,
        "mean": -0.0422793112796761,
        "std": 0.0471268918962437,
        "min": -0.4521295912563801,
        "max": -0.00038747210419387557,
        "ratio": 0.034037395814175635,
        "trigger_rate": 1.0
      },
      "r_vertical_safety": {
        "sum": -50.44986313187233,
        "abs_sum": 50.44986313187233,
        "mean": -0.008408310521978721,
        "std": 0.014506054075653559,
        "min": -0.26114070415496826,
        "max": 0.0,
        "ratio": 0.00676919714874031,
        "trigger_rate": 0.844
      },
      "r_fuel_penalty": {
        "sum": -194.54999999999998,
        "abs_sum": 194.54999999999998,
        "mean": -0.032424999999999995,
        "std": 0.023871936976290805,
        "min": -0.05,
        "max": -0.0,
        "ratio": 0.026104080834570775,
        "trigger_rate": 0.6485
      },
      "r_descent_guidance": {
        "sum": 4031.3107047995545,
        "abs_sum": 4031.3107047995545,
        "mean": 0.6718851174665924,
        "std": 0.17612163077299392,
        "min": 0.0,
        "max": 0.75,
        "ratio": 0.540908046812429,
        "trigger_rate": 0.9598333333333333
      },
      "r_ground_speed_penalty": {
        "sum": -219.76276415601419,
        "abs_sum": 219.76276415601419,
        "mean": -0.036627127359335696,
        "std": 0.05988942172276143,
        "min": -0.5,
        "max": 0.0,
        "ratio": 0.029487046825789297,
        "trigger_rate": 0.8811666666666667
      },
      "r_landing_success": {
        "sum": 0.0,
        "abs_sum": 0.0,
        "mean": 0.0,
        "std": 0.0,
        "min": 0.0,
        "max": 0.0,
        "ratio": 0.0,
        "trigger_rate": 0.0
      },
      "r_crash": {
        "sum": -200.0,
        "abs_sum": 200.0,
        "mean": -0.03333333333333333,
        "std": 1.8254375426790754,
        "min": -100.0,
        "max": 0.0,
        "ratio": 0.026835343957410208,
        "trigger_rate": 0.0003333333333333333
      }
    },
    "dominant_component": "r_descent_guidance",
    "dominant_component_ratio": 0.540908046812429
  },
  "diagnostics": {
    "hack_flags": {
      "high_reward_low_progress": false,
      "component_dominance": false,
      "repeated_event_exploitation": true,
      "shaping_goal_mismatch": true,
      "terminal_success_dominance": false,
      "unstable_contact_behavior": true,
      "reward_repetition_risk": false
    },
    "failure_modes": [
      "repeated_event_exploitation",
      "shaping_goal_mismatch"
    ],
    "hack_score": 0.4,
    "suspected_components": [],
    "dominant_component": "r_descent_guidance",
    "dominant_component_ratio": 0.540908046812429,
    "raw_component_dominance": false,
    "benign_terminal_dominance": false,
    "repeated_event_details": {
      "flag": true,
      "event_toggle_counts": {
        "left_contact": 72,
        "contact": 90,
        "right_contact": 40,
        "both_contact": 20
      },
      "max_event": "contact",
      "max_toggle_count": 90
    },
    "semantic_notes": []
  },
  "semantic_outcome": {
    "episode_count": 6,
    "semantic_score": 0.8610590247978146,
    "success_episode_rate": 0.0,
    "terminal_reward_paid_episode_rate": 0.0,
    "terminal_reward_payment_count_mean": 0.0,
    "terminal_reward_payment_count_max": 0,
    "safe_contact_episode_rate": 0.0,
    "stable_landing_episode_rate": 0.0,
    "progress_score_mean": 0.9610590247978146,
    "progress_score_std": 0.008303880993259466,
    "episode_length_mean": 1000.0,
    "episode_length_std": 0.0,
    "contact_toggle_mean": 572.8333333333334,
    "contact_toggle_max": 622.0,
    "reward_repetition_risk": false,
    "one_time_repeat_violations": [],
    "terminal_goal_evidence": false,
    "unstable_contact_behavior": true,
    "event_rule_payment_stats": {
      "r_landing_success": {
        "episode_payment_counts": [
          0,
          0,
          0,
          0,
          0,
          0
        ],
        "episode_paid_rate": 0.0,
        "payment_count_mean": 0.0,
        "payment_count_max": 0,
        "one_time": true
      }
    },
    "terminal_rule_names": [
      "r_landing_success"
    ],
    "one_time_rule_names": [
      "r_crash",
      "r_landing_success"
    ],
    "semantic_risks": [
      "unstable_contact_behavior"
    ]
  },
  "experiment_mode": {
    "use_memory": true,
    "use_attribution": true,
    "use_hack_detector": true,
    "use_llm_edit": true,
    "use_operator_constraints": true,
    "free_rewrite": false,
    "one_shot": false
  }
}