{
  "note": "Post-hoc oracle reward evaluation only. Not used by EG-RSA reward search.",
  "env_id": "LunarLander-v3",
  "num_episodes": 10,
  "return_mean": 30.831498270346934,
  "return_std": 63.820958703723555,
  "episode_length_mean": 663.8,
  "episode_returns": [
    10.265867161137685,
    5.482077669189664,
    -21.877723337132185,
    55.33253868151917,
    26.408175697040676,
    1.3940934811779306,
    7.767210345577638,
    211.78903023327925,
    26.827533333422487,
    -15.073820561742963
  ],
  "episode_lengths": [
    1000,
    89,
    1000,
    1000,
    94,
    1000,
    1000,
    343,
    1000,
    112
  ]
}