{
  "attribution": {
    "episode_reward_mean": 363.9132312970346,
    "episode_reward_std": 127.47152434475395,
    "component_stats": {
      "r_approach_progress": {
        "sum": 21.601131046379727,
        "abs_sum": 21.601131046379727,
        "mean": 0.01965526027878046,
        "std": 0.03596970111800163,
        "min": 0.0,
        "max": 0.22731377312510237,
        "ratio": 0.009752206328150822,
        "trigger_rate": 0.38034576888080074
      },
      "r_stability": {
        "sum": 556.7593571783156,
        "abs_sum": 556.7593571783156,
        "mean": 0.5066054205444182,
        "std": 0.2396068596105264,
        "min": 0.08727318776271188,
        "max": 0.9997638272991145,
        "ratio": 0.2513586957402187,
        "trigger_rate": 1.0
      },
      "r_landing_quality": {
        "sum": 870.8788995575117,
        "abs_sum": 870.8788995575117,
        "mean": 0.7924284800341326,
        "std": 0.6356228074978736,
        "min": 0.07884422406783823,
        "max": 1.999527654598229,
        "ratio": 0.39317342675633576,
        "trigger_rate": 1.0
      },
      "r_energy": {
        "sum": -15.760000000000002,
        "abs_sum": 15.760000000000002,
        "mean": -0.014340309372156508,
        "std": 0.009008979662202063,
        "min": -0.02,
        "max": -0.0,
        "ratio": 0.007115126120093405,
        "trigger_rate": 0.7170154686078253
      },
      "r_safe_contact_once": {
        "sum": 50.0,
        "abs_sum": 50.0,
        "mean": 0.04549590536851683,
        "std": 0.6729704126333247,
        "min": 0.0,
        "max": 10.0,
        "ratio": 0.022573369670347093,
        "trigger_rate": 0.004549590536851683
      },
      "r_stable_landing_once": {
        "sum": 400.0,
        "abs_sum": 400.0,
        "mean": 0.36396724294813465,
        "std": 5.3837633010665975,
        "min": 0.0,
        "max": 80.0,
        "ratio": 0.18058695736277675,
        "trigger_rate": 0.004549590536851683
      },
      "r_landing_region_entry_once": {
        "sum": 300.0,
        "abs_sum": 300.0,
        "mean": 0.272975432211101,
        "std": 3.6843257217521104,
        "min": 0.0,
        "max": 50.0,
        "ratio": 0.13544021802208256,
        "trigger_rate": 0.00545950864422202
      }
    },
    "dominant_component": "r_landing_quality",
    "dominant_component_ratio": 0.39317342675633576
  },
  "diagnostics": {
    "hack_flags": {
      "high_reward_low_progress": false,
      "component_dominance": false,
      "repeated_event_exploitation": false,
      "shaping_goal_mismatch": false,
      "terminal_success_dominance": false,
      "unstable_contact_behavior": true,
      "reward_repetition_risk": false
    },
    "failure_modes": [],
    "hack_score": 0.0,
    "suspected_components": [],
    "dominant_component": "r_landing_quality",
    "dominant_component_ratio": 0.39317342675633576,
    "raw_component_dominance": false,
    "benign_terminal_dominance": false,
    "repeated_event_details": {
      "flag": true,
      "event_toggle_counts": {
        "landing_region": 6,
        "left_contact": 14,
        "right_contact": 13,
        "contact": 14,
        "both_contact": 13,
        "safe_contact": 13,
        "stable_both_contact": 11,
        "stable_landing_condition": 11
      },
      "max_event": "left_contact",
      "max_toggle_count": 14
    },
    "semantic_notes": [
      "contact_or_landing_toggles_observed_but_not_repeated_reward_exploitation"
    ]
  },
  "semantic_outcome": {
    "episode_count": 6,
    "semantic_score": 3.9067736156643607,
    "success_episode_rate": 0.8333333333333334,
    "terminal_reward_paid_episode_rate": 1.0,
    "terminal_reward_payment_count_mean": 1.8333333333333333,
    "terminal_reward_payment_count_max": 2,
    "safe_contact_episode_rate": 0.8333333333333334,
    "stable_landing_episode_rate": 0.8333333333333334,
    "progress_score_mean": 0.8417569489976939,
    "progress_score_std": 0.3374558301465649,
    "episode_length_mean": 183.16666666666666,
    "episode_length_std": 47.28783024086523,
    "contact_toggle_mean": 9.666666666666666,
    "contact_toggle_max": 13.0,
    "reward_repetition_risk": false,
    "one_time_repeat_violations": [],
    "terminal_goal_evidence": true,
    "unstable_contact_behavior": true,
    "event_rule_payment_stats": {
      "r_stable_landing_once": {
        "episode_payment_counts": [
          1,
          1,
          0,
          1,
          1,
          1
        ],
        "episode_paid_rate": 0.8333333333333334,
        "payment_count_mean": 0.8333333333333334,
        "payment_count_max": 1,
        "one_time": true
      },
      "r_landing_region_entry_once": {
        "episode_payment_counts": [
          1,
          1,
          1,
          1,
          1,
          1
        ],
        "episode_paid_rate": 1.0,
        "payment_count_mean": 1.0,
        "payment_count_max": 1,
        "one_time": true
      }
    },
    "terminal_rule_names": [
      "r_landing_region_entry_once",
      "r_stable_landing_once"
    ],
    "one_time_rule_names": [
      "r_landing_region_entry_once",
      "r_safe_contact_once",
      "r_stable_landing_once"
    ],
    "semantic_risks": [
      "unstable_contact_behavior",
      "terminal_goal_evidence_present"
    ]
  },
  "experiment_mode": {
    "use_memory": true,
    "use_attribution": true,
    "use_hack_detector": true,
    "use_llm_edit": true,
    "use_operator_constraints": true,
    "free_rewrite": false,
    "one_shot": false
  }
}