{
  "memory_id": "iter_002_to_003",
  "env_family": "landing_control",
  "failure_modes": [],
  "reward_attribution": {
    "episode_reward_mean": 363.9132312970346,
    "episode_reward_std": 127.47152434475395,
    "component_stats": {
      "r_approach_progress": {
        "sum": 21.601131046379727,
        "abs_sum": 21.601131046379727,
        "mean": 0.01965526027878046,
        "std": 0.03596970111800163,
        "min": 0.0,
        "max": 0.22731377312510237,
        "ratio": 0.009752206328150822,
        "trigger_rate": 0.38034576888080074
      },
      "r_stability": {
        "sum": 556.7593571783156,
        "abs_sum": 556.7593571783156,
        "mean": 0.5066054205444182,
        "std": 0.2396068596105264,
        "min": 0.08727318776271188,
        "max": 0.9997638272991145,
        "ratio": 0.2513586957402187,
        "trigger_rate": 1.0
      },
      "r_landing_quality": {
        "sum": 870.8788995575117,
        "abs_sum": 870.8788995575117,
        "mean": 0.7924284800341326,
        "std": 0.6356228074978736,
        "min": 0.07884422406783823,
        "max": 1.999527654598229,
        "ratio": 0.39317342675633576,
        "trigger_rate": 1.0
      },
      "r_energy": {
        "sum": -15.760000000000002,
        "abs_sum": 15.760000000000002,
        "mean": -0.014340309372156508,
        "std": 0.009008979662202063,
        "min": -0.02,
        "max": -0.0,
        "ratio": 0.007115126120093405,
        "trigger_rate": 0.7170154686078253
      },
      "r_safe_contact_once": {
        "sum": 50.0,
        "abs_sum": 50.0,
        "mean": 0.04549590536851683,
        "std": 0.6729704126333247,
        "min": 0.0,
        "max": 10.0,
        "ratio": 0.022573369670347093,
        "trigger_rate": 0.004549590536851683
      },
      "r_stable_landing_once": {
        "sum": 400.0,
        "abs_sum": 400.0,
        "mean": 0.36396724294813465,
        "std": 5.3837633010665975,
        "min": 0.0,
        "max": 80.0,
        "ratio": 0.18058695736277675,
        "trigger_rate": 0.004549590536851683
      },
      "r_landing_region_entry_once": {
        "sum": 300.0,
        "abs_sum": 300.0,
        "mean": 0.272975432211101,
        "std": 3.6843257217521104,
        "min": 0.0,
        "max": 50.0,
        "ratio": 0.13544021802208256,
        "trigger_rate": 0.00545950864422202
      }
    },
    "dominant_component": "r_landing_quality",
    "dominant_component_ratio": 0.39317342675633576
  },
  "edit_plan": [],
  "outcome": {
    "status": "not_applicable",
    "before": {
      "task_score": 2.490106948997694,
      "semantic_score": 3.9067736156643607,
      "selection_score": 6.396880564662055,
      "hack_score": 0.0,
      "true_hack_risk": false,
      "terminal_goal_evidence": true,
      "reward_repetition_risk": false,
      "high_reward_low_progress": false,
      "shaping_goal_mismatch": false,
      "unstable_contact_behavior": true,
      "benign_terminal_dominance": false,
      "success_episode_rate": 0.8333333333333334,
      "terminal_reward_paid_episode_rate": 1.0,
      "safe_contact_episode_rate": 0.8333333333333334,
      "stable_landing_episode_rate": 0.8333333333333334
    },
    "after": {},
    "delta": {},
    "note": "No edit was generated for this iteration."
  },
  "lesson": "Reward appears aligned; prefer checkpoint continuation before risky reward edits.",
  "metadata": {
    "config_path": "configs/eg_rsa_deepseek_v1_role_attrib_10x1m.yml",
    "iteration": 2,
    "schema_snapshot": {
      "version": 2,
      "components": [
        {
          "name": "r_approach_region",
          "type": "metric_value",
          "weight": 1.5,
          "inputs": [],
          "params": {
            "metric": "approach_region_score"
          },
          "clip": [
            0.0,
            1.0
          ],
          "enabled": false,
          "semantic_role": "dense_guidance",
          "reward_timing": "dense",
          "behavior_channel": "progress"
        },
        {
          "name": "r_approach_progress",
          "type": "metric_delta",
          "weight": 5.0,
          "inputs": [],
          "params": {
            "metric": "approach_region_score",
            "positive_only": true
          },
          "clip": [
            0.0,
            1.0
          ],
          "enabled": true,
          "semantic_role": "dense_guidance",
          "reward_timing": "dense",
          "behavior_channel": "progress"
        },
        {
          "name": "r_stability",
          "type": "metric_value",
          "weight": 1.0,
          "inputs": [],
          "params": {
            "metric": "stability"
          },
          "clip": [
            0.0,
            1.0
          ],
          "enabled": true,
          "semantic_role": "stability_quality",
          "reward_timing": "dense",
          "behavior_channel": "stability"
        },
        {
          "name": "r_landing_quality",
          "type": "metric_value",
          "weight": 2.0,
          "inputs": [],
          "params": {
            "metric": "landing_quality"
          },
          "clip": [
            0.0,
            1.0
          ],
          "enabled": true,
          "semantic_role": "stability_quality",
          "reward_timing": "dense",
          "behavior_channel": "stability"
        },
        {
          "name": "r_energy",
          "type": "action_penalty",
          "weight": 0.02,
          "inputs": [
            "action"
          ],
          "params": {},
          "clip": [
            -1.0,
            0.0
          ],
          "enabled": true,
          "semantic_role": "control_cost",
          "reward_timing": "dense",
          "behavior_channel": "control_effort"
        }
      ],
      "event_rules": [
        {
          "name": "r_safe_contact_once",
          "type": "event_bonus",
          "weight": 10.0,
          "condition": {
            "safe_contact": true,
            "duration_steps": 2
          },
          "one_time": true,
          "enabled": true,
          "semantic_role": "safety_constraint",
          "reward_timing": "sparse_event",
          "behavior_channel": "safety"
        },
        {
          "name": "r_stable_landing_once",
          "type": "event_bonus",
          "weight": 80.0,
          "condition": {
            "stable_landing_condition": true,
            "duration_steps": 5
          },
          "one_time": true,
          "enabled": true,
          "semantic_role": "terminal_success",
          "reward_timing": "sparse_terminal",
          "behavior_channel": "success"
        },
        {
          "name": "r_landing_region_entry_once",
          "type": "event_bonus",
          "weight": 50.0,
          "condition": {
            "landing_region": true,
            "duration_steps": 1
          },
          "one_time": true,
          "enabled": true,
          "semantic_role": "approach_progress",
          "reward_timing": "sparse_event",
          "behavior_channel": "progress"
        }
      ],
      "metadata": {
        "env": "LunarLander-v3",
        "note": "Aligned initial schema for EG-RSA. v1 adds semantic_role metadata so generic tools can reason over reward roles rather than environment-specific names.",
        "semantic_role_version": 1
      }
    },
    "validation_errors": [],
    "validation_warnings": [],
    "candidate_evaluation": {},
    "gate_result": {},
    "reflection_report": {
      "strategy": {
        "recommended_next_action": "continue_training",
        "plan_type": "continue_training",
        "max_reasonable_edits": 0
      },
      "rationale": "Reward appears aligned; prefer checkpoint continuation before risky reward edits.",
      "source": "AgentActionController"
    },
    "semantic_outcome": {
      "episode_count": 6,
      "semantic_score": 3.9067736156643607,
      "success_episode_rate": 0.8333333333333334,
      "terminal_reward_paid_episode_rate": 1.0,