
{
  "note": "Post-hoc oracle reward evaluation only. Not used by EG-RSA reward search.",
  "env_id": "LunarLander-v3",
  "num_episodes": 10,
  "return_mean": 154.50598969667277,
  "return_std": 129.3766135623722,
  "episode_length_mean": 175.1,
  "episode_returns": [
    276.4727402948772,
    47.186978472073406,
    245.8232840045606,
    4.4250070541123705,
    303.75826544007987,
    29.26238301401,
    293.8278548140658,
    28.715601379833203,
    293.6413167667573,
    21.9464657263582
  ],
  "episode_lengths": [
    207,
    124,
    203,
    95,
    214,
    189,
    210,
    167,
    192,
    150
  ]
}