{
  "tool": "trajectory_inspector",
  "num_episodes": 6,
  "success_count": 5,
  "success_rate": 0.8333333333333334,
  "episode_length_mean": 183.16666666666666,
  "safe_contact_rate_mean": 0.19826110779845493,
  "stable_landing_rate_mean": 0.1848585726920031,
  "contact_toggle_mean": 9.666666666666666,
  "contact_toggle_max": 13,
  "worst_episodes": [
    {
      "episode": 2,
      "success": 0.0,
      "progress_score": 0.08727318776271188,
      "episode_length": 80,
      "safe_contact_rate": 0.0,
      "stable_landing_rate": 0.0,
      "contact_rate": 0.0875,
      "both_contact_rate": 0.0,
      "contact_toggle_count": 7,
      "episode_reward": 82.93428039146342,
      "oracle_reward_posthoc": -12.537664611731643
    }
  ],
  "best_episodes": [
    {
      "episode": 1,
      "success": 1.0,
      "progress_score": 0.9954811913787388,
      "episode_length": 189,
      "safe_contact_rate": 0.25396825396825395,
      "stable_landing_rate": 0.25396825396825395,
      "contact_rate": 0.2751322751322751,
      "both_contact_rate": 0.2698412698412698,
      "contact_toggle_count": 9,
      "episode_reward": 419.8026041659668,
      "oracle_reward_posthoc": 262.92417009100154
    },
    {
      "episode": 4,
      "success": 1.0,
      "progress_score": 0.9997638272991145,
      "episode_length": 200,
      "safe_contact_rate": 0.245,
      "stable_landing_rate": 0.245,
      "contact_rate": 0.265,
      "both_contact_rate": 0.265,
      "contact_toggle_count": 8,
      "episode_reward": 411.8884286368354,
      "oracle_reward_posthoc": 261.97740407377773
    },
    {
      "episode": 0,
      "success": 1.0,
      "progress_score": 0.9938508387598178,
      "episode_length": 202,
      "safe_contact_rate": 0.21782178217821782,
      "stable_landing_rate": 0.20297029702970298,
      "contact_rate": 0.21782178217821782,
      "both_contact_rate": 0.20297029702970298,
      "contact_toggle_count": 12,
      "episode_reward": 435.0923920282956,
      "oracle_reward_posthoc": 256.3119520232445
    }
  ]
}