{
  "attribution": {
    "episode_reward_mean": 1504.7371064984293,
    "episode_reward_std": 859.7351424212485,
    "component_stats": {
      "r_approach_region": {
        "sum": 2521.7269395537523,
        "abs_sum": 2521.7269395537523,
        "mean": 0.6060386780951099,
        "std": 0.20088526820334876,
        "min": 0.19984657621969526,
        "max": 0.75,
        "ratio": 0.2677827509729837,
        "trigger_rate": 1.0
      },
      "r_approach_progress": {
        "sum": 6.719890680374998,
        "abs_sum": 6.719890680374998,
        "mean": 0.0016149701226568127,
        "std": 0.003358222225592307,
        "min": 0.0,
        "max": 0.02131019899611486,
        "ratio": 0.0007135867029865526,
        "trigger_rate": 0.30161018985820714
      },
      "r_stability": {
        "sum": 2818.9986414053,
        "abs_sum": 2818.9986414053,
        "mean": 0.6774810481627734,
        "std": 0.14142790511005224,
        "min": 0.3100237112155269,
        "max": 0.935720086964416,
        "ratio": 0.29935009986378586,
        "trigger_rate": 1.0
      },
      "r_landing_quality": {
        "sum": 3875.2971673511483,
        "abs_sum": 3875.2971673511483,
        "mean": 0.9313379397623524,
        "std": 0.5485343974092454,
        "min": 0.11092636874423902,
        "max": 1.871440173928832,
        "ratio": 0.4115186779480339,
        "trigger_rate": 1.0
      },
      "r_energy": {
        "sum": -194.32,
        "abs_sum": 194.32,
        "mean": -0.04670031242489786,
        "std": 0.03943482995283179,
        "min": -0.08,
        "max": -0.0,
        "ratio": 0.020634884512229727,
        "trigger_rate": 0.5837539053112233
      },
      "r_safe_contact_once": {
        "sum": 0.0,
        "abs_sum": 0.0,
        "mean": 0.0,
        "std": 0.0,
        "min": 0.0,
        "max": 0.0,
        "ratio": 0.0,
        "trigger_rate": 0.0
      },
      "r_stable_landing_once": {
        "sum": 0.0,
        "abs_sum": 0.0,
        "mean": 0.0,
        "std": 0.0,
        "min": 0.0,
        "max": 0.0,
        "ratio": 0.0,
        "trigger_rate": 0.0
      }
    },
    "dominant_component": "r_landing_quality",
    "dominant_component_ratio": 0.4115186779480339
  },
  "diagnostics": {
    "hack_flags": {
      "high_reward_low_progress": false,
      "component_dominance": false,
      "repeated_event_exploitation": true,
      "shaping_goal_mismatch": true,
      "terminal_success_dominance": false,
      "unstable_contact_behavior": true,
      "reward_repetition_risk": false
    },
    "failure_modes": [
      "repeated_event_exploitation",
      "shaping_goal_mismatch"
    ],
    "hack_score": 0.4,
    "suspected_components": [],
    "dominant_component": "r_landing_quality",
    "dominant_component_ratio": 0.4115186779480339,
    "raw_component_dominance": false,
    "benign_terminal_dominance": false,
    "repeated_event_details": {
      "flag": true,
      "event_toggle_counts": {
        "landing_region": 9,
        "right_contact": 2,
        "contact": 2,
        "left_contact": 2,
        "both_contact": 2
      },
      "max_event": "landing_region",
      "max_toggle_count": 9
    },
    "semantic_notes": []
  },
  "semantic_outcome": {
    "episode_count": 6,
    "semantic_score": 0.38459565330802015,
    "success_episode_rate": 0.0,
    "terminal_reward_paid_episode_rate": 0.0,
    "terminal_reward_payment_count_mean": 0.0,
    "terminal_reward_payment_count_max": 0,
    "safe_contact_episode_rate": 0.0,
    "stable_landing_episode_rate": 0.0,
    "progress_score_mean": 0.45394565330802017,
    "progress_score_std": 0.26278217860596825,
    "episode_length_mean": 693.5,
    "episode_length_std": 244.5572530104147,
    "contact_toggle_mean": 444.8333333333333,
    "contact_toggle_max": 677.0,
    "reward_repetition_risk": false,
    "one_time_repeat_violations": [],
    "terminal_goal_evidence": false,
    "unstable_contact_behavior": true,
    "event_rule_payment_stats": {
      "r_stable_landing_once": {
        "episode_payment_counts": [
          0,
          0,
          0,
          0,
          0,
          0
        ],
        "episode_paid_rate": 0.0,
        "payment_count_mean": 0.0,
        "payment_count_max": 0,
        "one_time": true
      }
    },
    "terminal_rule_names": [
      "r_stable_landing_once"
    ],
    "one_time_rule_names": [
      "r_safe_contact_once",
      "r_stable_landing_once"
    ],
    "semantic_risks": [
      "unstable_contact_behavior"
    ]
  },
  "experiment_mode": {
    "use_memory": true,
    "use_attribution": true,
    "use_hack_detector": true,
    "use_llm_edit": true,
    "use_operator_constraints": true,
    "free_rewrite": false,
    "one_shot": false
  }
}