{
  "note": "Post-hoc oracle reward evaluation only. Not used by EG-RSA reward search.",
  "env_id": "LunarLander-v3",
  "num_episodes": 6,
  "return_mean": 5.185542522920852,
  "return_std": 138.2935199370559,
  "episode_length_mean": 847.6666666666666,
  "episode_returns": [
    -61.056461716439046,
    197.23457029591316,
    -65.30650379895204,
    -133.76398072320114,
    198.1753766997413,
    -104.1697456195371
  ],
  "episode_lengths": [
    1000,
    659,
    1000,
    750,
    677,
    1000
  ]
}