{
  "attribution": {
    "episode_reward_mean": -88.7316213349672,
    "episode_reward_std": 11.268989862222414,
    "component_stats": {
      "r_distance": {
        "sum": -330.49400210080034,
        "abs_sum": 330.49400210080034,
        "mean": -0.9335988759909615,
        "std": 0.40591379928121624,
        "min": -1.4394692717462547,
        "max": -0.09559983490623476,
        "ratio": 0.5134620362480105,
        "trigger_rate": 1.0
      },
      "r_velocity": {
        "sum": -180.70511570499656,
        "abs_sum": 180.70511570499656,
        "mean": -0.510466428545188,
        "std": 0.24146861319823712,
        "min": -0.9829799796264966,
        "max": -0.061283385973201786,
        "ratio": 0.28074705162734076,
        "trigger_rate": 1.0
      },
      "r_angle": {
        "sum": -32.09898886903909,
        "abs_sum": 32.09898886903909,
        "mean": -0.09067510979954545,
        "std": 0.11515142022494725,
        "min": -0.6,
        "max": -0.009057891718111931,
        "ratio": 0.04986962571614888,
        "trigger_rate": 1.0
      },
      "r_energy": {
        "sum": -0.36,
        "abs_sum": 0.36,
        "mean": -0.001016949152542373,
        "std": 0.005429022840015921,
        "min": -0.03,
        "max": -0.0,
        "ratio": 0.0005593031397674377,
        "trigger_rate": 0.03389830508474576
      },
      "r_contact_one_time": {
        "sum": 100.0,
        "abs_sum": 100.0,
        "mean": 0.2824858757062147,
        "std": 2.3600676355034373,
        "min": 0.0,
        "max": 20.0,
        "ratio": 0.15536198326873268,
        "trigger_rate": 0.014124293785310734
      }
    },
    "dominant_component": "r_distance",
    "dominant_component_ratio": 0.5134620362480105
  },
  "diagnostics": {
    "hack_flags": {
      "high_reward_low_progress": false,
      "component_dominance": false,
      "repeated_event_exploitation": true,
      "shaping_goal_mismatch": true
    },
    "failure_modes": [
      "repeated_event_exploitation",
      "shaping_goal_mismatch"
    ],
    "hack_score": 0.5,
    "suspected_components": [],
    "dominant_component": "r_distance",
    "dominant_component_ratio": 0.5134620362480105,
    "repeated_event_details": {
      "flag": true,
      "event_toggle_counts": {
        "low_vy": 6,
        "near_y": 5,
        "near_goal": 3,
        "low_angle": 9,
        "left_contact": 4,
        "contact": 8,
        "right_contact": 8,
        "both_contact": 4,
        "low_vx": 1,
        "near_x": 2,
        "engine_on": 2
      },
      "max_event": "low_angle",
      "max_toggle_count": 9
    }
  },
  "experiment_mode": {
    "use_memory": true,
    "use_attribution": true,
    "use_hack_detector": true,
    "use_llm_edit": false,
    "use_operator_constraints": true,
    "free_rewrite": false,
    "one_shot": false
  }
}