{
  "attribution": {
    "episode_reward_mean": 8.547896157560642,
    "episode_reward_std": 1.7376304818714985,
    "component_stats": {
      "r_progress": {
        "sum": 55.26352054017609,
        "abs_sum": 56.27519662736095,
        "mean": 0.27631760270088046,
        "std": 0.11086574440120672,
        "min": -0.10829028964315322,
        "max": 0.38440888514815125,
        "ratio": 0.6402546021428741,
        "trigger_rate": 1.0
      },
      "r_centering": {
        "sum": -8.762031824397736,
        "abs_sum": 8.762031824397736,
        "mean": -0.043810159121988684,
        "std": 0.07889340606960829,
        "min": -0.37424927949905396,
        "max": -0.0,
        "ratio": 0.09968745621344362,
        "trigger_rate": 0.495
      },
      "r_stability": {
        "sum": -10.130256135063245,
        "abs_sum": 10.130256135063245,
        "mean": -0.050651280675316226,
        "std": 0.07016836769489138,
        "min": -0.7172586739063264,
        "max": -0.005508871050551534,
        "ratio": 0.11525402841874512,
        "trigger_rate": 1.0
      },
      "r_action_cost": {
        "sum": -1.5,
        "abs_sum": 1.5,
        "mean": -0.0075,
        "std": 0.046837484987987975,
        "min": -0.3,
        "max": -0.0,
        "ratio": 0.017065811596780354,
        "trigger_rate": 0.025
      },
      "r_soft_touchdown": {
        "sum": -10.22754410803318,
        "abs_sum": 10.22754410803318,
        "mean": -0.0511377205401659,
        "std": 0.2895754369969245,
        "min": -2.007374036312103,
        "max": 0.0,
        "ratio": 0.11636089389697016,
        "trigger_rate": 0.035
      },
      "terminal_success": {
        "sum": 1.0,
        "abs_sum": 1.0,
        "mean": 0.005,
        "std": 0.07053367989832944,
        "min": 0.0,
        "max": 1.0,
        "ratio": 0.011377207731186903,
        "trigger_rate": 0.005
      }
    },
    "dominant_component": "r_progress",
    "dominant_component_ratio": 0.6402546021428741
  },
  "diagnostics": {
    "hack_flags": {
      "high_reward_low_progress": false,
      "component_dominance": false,
      "repeated_event_exploitation": false,
      "shaping_goal_mismatch": true,
      "terminal_success_dominance": false,
      "unstable_contact_behavior": false,
      "reward_repetition_risk": false
    },
    "failure_modes": [
      "shaping_goal_mismatch"
    ],
    "hack_score": 0.2,
    "suspected_components": [],
    "dominant_component": "r_progress",
    "dominant_component_ratio": 0.6402546021428741,
    "raw_component_dominance": false,
    "benign_terminal_dominance": false,
    "repeated_event_details": {
      "flag": false,
      "event_toggle_counts": {
        "left_contact": 3,
        "contact": 3,
        "right_contact": 3,
        "both_contact": 3
      },
      "max_event": "left_contact",
      "max_toggle_count": 3
    },
    "semantic_notes": []
  },
  "semantic_outcome": {
    "episode_count": 3,
    "semantic_score": 0.8530802872511255,
    "success_episode_rate": 0.0,
    "terminal_reward_paid_episode_rate": 0.3333333333333333,
    "terminal_reward_payment_count_mean": 0.3333333333333333,
    "terminal_reward_payment_count_max": 1,
    "safe_contact_episode_rate": 0.0,
    "stable_landing_episode_rate": 0.0,
    "progress_score_mean": 0.5264136205844588,
    "progress_score_std": 0.11565565293783474,
    "episode_length_mean": 66.66666666666667,
    "episode_length_std": 8.73053390247253,
    "contact_toggle_mean": 1.3333333333333333,
    "contact_toggle_max": 2.0,
    "reward_repetition_risk": false,
    "one_time_repeat_violations": [],
    "terminal_goal_evidence": true,
    "unstable_contact_behavior": false,
    "event_rule_payment_stats": {
      "terminal_success": {
        "episode_payment_counts": [
          0,
          1,
          0
        ],
        "episode_paid_rate": 0.3333333333333333,
        "payment_count_mean": 0.3333333333333333,
        "payment_count_max": 1,
        "one_time": true
      }
    },
    "terminal_rule_names": [
      "terminal_success"
    ],
    "one_time_rule_names": [
      "terminal_success"
    ],
    "semantic_risks": [
      "terminal_goal_evidence_present"
    ]
  },
  "experiment_mode": {
    "use_memory": true,
    "use_attribution": true,
    "use_hack_detector": true,
    "use_llm_edit": true,
    "use_operator_constraints": true,
    "free_rewrite": false,
    "one_shot": false
  }
}