{
  "attribution": {
    "episode_reward_mean": -0.3369670241904729,
    "episode_reward_std": 0.8164198129951393,
    "component_stats": {
      "r_progress": {
        "sum": 0.0,
        "abs_sum": 0.0,
        "mean": 0.0,
        "std": 0.0,
        "min": 0.0,
        "max": 0.0,
        "ratio": 0.0,
        "trigger_rate": 0.0
      },
      "r_stability": {
        "sum": -3.6809010725714186,
        "abs_sum": 3.6809010725714186,
        "mean": -0.018312940659559296,
        "std": 0.04767679846526319,
        "min": -0.6792489796876907,
        "max": -0.000782831505057402,
        "ratio": 0.5250253903841434,
        "trigger_rate": 1.0
      },
      "r_control_cost": {
        "sum": -0.32999999999999996,
        "abs_sum": 0.32999999999999996,
        "mean": -0.0016417910447761193,
        "std": 0.00682336086606714,
        "min": -0.03,
        "max": -0.0,
        "ratio": 0.04706955590787768,
        "trigger_rate": 0.05472636815920398
      },
      "successful_landing": {
        "sum": 1.0,
        "abs_sum": 1.0,
        "mean": 0.004975124378109453,
        "std": 0.07035888370015399,
        "min": 0.0,
        "max": 1.0,
        "ratio": 0.14263501790265967,
        "trigger_rate": 0.004975124378109453
      },
      "crash": {
        "sum": 2.0,
        "abs_sum": 2.0,
        "mean": 0.009950248756218905,
        "std": 0.09925341961820898,
        "min": 0.0,
        "max": 1.0,
        "ratio": 0.28527003580531934,
        "trigger_rate": 0.009950248756218905
      }
    },
    "dominant_component": "r_stability",
    "dominant_component_ratio": 0.5250253903841434
  },
  "diagnostics": {
    "hack_flags": {
      "high_reward_low_progress": false,
      "component_dominance": false,
      "repeated_event_exploitation": false,
      "shaping_goal_mismatch": true,
      "terminal_success_dominance": false,
      "unstable_contact_behavior": false,
      "reward_repetition_risk": false
    },
    "failure_modes": [
      "shaping_goal_mismatch"
    ],
    "hack_score": 0.2,
    "suspected_components": [],
    "dominant_component": "r_stability",
    "dominant_component_ratio": 0.5250253903841434,
    "raw_component_dominance": false,
    "benign_terminal_dominance": false,
    "repeated_event_details": {
      "flag": false,
      "event_toggle_counts": {
        "right_contact": 3,
        "contact": 3,
        "left_contact": 3,
        "both_contact": 3
      },
      "max_event": "right_contact",
      "max_toggle_count": 3
    },
    "semantic_notes": []
  },
  "semantic_outcome": {
    "episode_count": 3,
    "semantic_score": 1.0110753813000422,
    "success_episode_rate": 0.0,
    "terminal_reward_paid_episode_rate": 0.3333333333333333,
    "terminal_reward_payment_count_mean": 0.3333333333333333,
    "terminal_reward_payment_count_max": 1,
    "safe_contact_episode_rate": 0.0,
    "stable_landing_episode_rate": 0.0,
    "progress_score_mean": 0.6844420479667087,
    "progress_score_std": 0.23314416646899347,
    "episode_length_mean": 67.0,
    "episode_length_std": 9.201449161228174,
    "contact_toggle_mean": 4.333333333333333,
    "contact_toggle_max": 5.0,
    "reward_repetition_risk": false,
    "one_time_repeat_violations": [],
    "terminal_goal_evidence": true,
    "unstable_contact_behavior": false,
    "event_rule_payment_stats": {
      "successful_landing": {
        "episode_payment_counts": [
          1,
          0,
          0
        ],
        "episode_paid_rate": 0.3333333333333333,
        "payment_count_mean": 0.3333333333333333,
        "payment_count_max": 1,
        "one_time": true
      }
    },
    "terminal_rule_names": [
      "successful_landing"
    ],
    "one_time_rule_names": [
      "crash",
      "successful_landing"
    ],
    "semantic_risks": [
      "terminal_goal_evidence_present"
    ]
  },
  "experiment_mode": {
    "use_memory": true,
    "use_attribution": true,
    "use_hack_detector": true,
    "use_llm_edit": true,
    "use_operator_constraints": true,
    "free_rewrite": false,
    "one_shot": false
  }
}