{
  "memory_id": "iter_002_to_003",
  "env_family": "landing_control",
  "failure_modes": [
    "shaping_goal_mismatch"
  ],
  "reward_attribution": {
    "episode_reward_mean": 8.547896157560642,
    "episode_reward_std": 1.7376304818714985,
    "component_stats": {
      "r_progress": {
        "sum": 55.26352054017609,
        "abs_sum": 56.27519662736095,
        "mean": 0.27631760270088046,
        "std": 0.11086574440120672,
        "min": -0.10829028964315322,
        "max": 0.38440888514815125,
        "ratio": 0.6402546021428741,
        "trigger_rate": 1.0
      },
      "r_centering": {
        "sum": -8.762031824397736,
        "abs_sum": 8.762031824397736,
        "mean": -0.043810159121988684,
        "std": 0.07889340606960829,
        "min": -0.37424927949905396,
        "max": -0.0,
        "ratio": 0.09968745621344362,
        "trigger_rate": 0.495
      },
      "r_stability": {
        "sum": -10.130256135063245,
        "abs_sum": 10.130256135063245,
        "mean": -0.050651280675316226,
        "std": 0.07016836769489138,
        "min": -0.7172586739063264,
        "max": -0.005508871050551534,
        "ratio": 0.11525402841874512,
        "trigger_rate": 1.0
      },
      "r_action_cost": {
        "sum": -1.5,
        "abs_sum": 1.5,
        "mean": -0.0075,
        "std": 0.046837484987987975,
        "min": -0.3,
        "max": -0.0,
        "ratio": 0.017065811596780354,
        "trigger_rate": 0.025
      },
      "r_soft_touchdown": {
        "sum": -10.22754410803318,
        "abs_sum": 10.22754410803318,
        "mean": -0.0511377205401659,
        "std": 0.2895754369969245,
        "min": -2.007374036312103,
        "max": 0.0,
        "ratio": 0.11636089389697016,
        "trigger_rate": 0.035
      },
      "terminal_success": {
        "sum": 1.0,
        "abs_sum": 1.0,
        "mean": 0.005,
        "std": 0.07053367989832944,
        "min": 0.0,
        "max": 1.0,
        "ratio": 0.011377207731186903,
        "trigger_rate": 0.005
      }
    },
    "dominant_component": "r_progress",
    "dominant_component_ratio": 0.6402546021428741
  },
  "edit_plan": [],
  "outcome": {
    "status": "not_applicable",
    "before": {
      "task_score": 0.5197469539177921,
      "semantic_score": 0.8530802872511255,
      "selection_score": 1.1728272411689178,
      "hack_score": 0.2,
      "true_hack_risk": true,
      "terminal_goal_evidence": true,
      "reward_repetition_risk": false,
      "high_reward_low_progress": false,
      "shaping_goal_mismatch": true,
      "unstable_contact_behavior": false,
      "benign_terminal_dominance": false,
      "success_episode_rate": 0.0,
      "terminal_reward_paid_episode_rate": 0.3333333333333333,
      "safe_contact_episode_rate": 0.0,
      "stable_landing_episode_rate": 0.0
    },
    "after": {},
    "delta": {},
    "note": "No edit was generated for this iteration."
  },
  "lesson": "Final iteration; edit generation skipped.",
  "metadata": {
    "config_path": "configs/eg_rsa_deepseek_v2_bootstrap_smoke.yml",
    "iteration": 2,
    "schema_snapshot": {
      "version": 3,
      "components": [
        {
          "name": "r_progress",
          "type": "formula_component",
          "weight": 0.5,
          "inputs": [],
          "params": {
            "formula": "(0.5 + 0.5 * clip(y, 0, 1)) * tanh(-vy)"
          },
          "clip": null,
          "enabled": true,
          "formula": "(0.5 + 0.5 * clip(y, 0, 1)) * tanh(-vy)"
        },
        {
          "name": "r_centering",
          "type": "formula_component",
          "weight": 1.0,
          "inputs": [],
          "params": {
            "formula": "-abs(x) * (1 - clip(y, 0, 1))"
          },
          "clip": null,
          "enabled": true,
          "formula": "-abs(x) * (1 - clip(y, 0, 1))"
        },
        {
          "name": "r_stability",
          "type": "formula_component",
          "weight": 1.0,
          "inputs": [],
          "params": {
            "formula": "-abs(angle) - 0.1 * abs(angular_velocity)"
          },
          "clip": null,
          "enabled": true,
          "formula": "-abs(angle) - 0.1 * abs(angular_velocity)"
        },
        {
          "name": "r_action_cost",
          "type": "action_penalty",
          "weight": 1.0,
          "inputs": [],
          "params": {
            "formula": "-0.3 * abs(main_engine) - 0.3 * abs(side_engine)"
          },
          "clip": null,
          "enabled": true
        },
        {
          "name": "r_soft_touchdown",
          "type": "conditional_formula_component",
          "weight": 1.0,
          "inputs": [],
          "params": {
            "formula": "-(abs(vy) + 0.2 * abs(vx))",
            "condition": "left_contact or right_contact"
          },
          "clip": null,
          "enabled": true,
          "formula": "-(abs(vy) + 0.2 * abs(vx))",
          "condition": "left_contact or right_contact"
        }
      ],
      "event_rules": [
        {
          "name": "terminal_success",
          "type": "event_predicate",
          "weight": 1.0,
          "condition": {
            "expression": "left_contact and right_contact and abs(vy) < 0.2 and abs(angle) < 0.1 and abs(x) < 0.2",
            "duration_steps": 1
          },
          "one_time": true,
          "enabled": true
        }
      ],
      "metadata": {
        "source": "llm_bootstrap",
        "task": "LunarLander-v3",
        "reward_blueprint_present": true
      }
    },
    "validation_errors": [],
    "validation_warnings": [],
    "candidate_evaluation": {},
    "gate_result": {},
    "reflection_report": {},
    "semantic_outcome": {
      "episode_count": 3,
      "semantic_score": 0.8530802872511255,
      "success_episode_rate": 0.0,
      "terminal_reward_paid_episode_rate": 0.3333333333333333,
      "terminal_reward_payment_count_mean": 0.3333333333333333,
      "terminal_reward_payment_count_max": 1,
      "safe_contact_episode_rate": 0.0,
      "stable_landing_episode_rate": 0.0,
      "progress_score_mean": 0.5264136205844588,
      "progress_score_std": 0.11565565293783474,
      "episode_length_mean": 66.66666666666667,
      "episode_length_std": 8.73053390247253,
      "contact_toggle_mean": 1.3333333333333333,
      "contact_toggle_max": 2.0,
      "reward_repetition_risk": false,
      "one_time_repeat_violations": [],
      "terminal_goal_evidence": true,
      "unstable_contact_behavior": false,
      "event_rule_payment_stats": {
        "terminal_success": {
          "episode_payment_counts": [
            0,
            1,
            0
          ],
          "episode_paid_rate": 0.3333333333333333,
          "payment_count_mean": 0.3333333333333333,
          "payment_count_max": 1,
          "one_time": true
        }
      },
      "terminal_rule_names": [
        "terminal_success"
      ],
      "one_time_rule_names": [
        "terminal_success"
      ],
      "semantic_risks": [
        "terminal_goal_evidence_present"
      ]
    },
    "structural_response": {},
    "outcome_decision": {},
    "rollback_applied": false,
    "experiment_mode": {
      "use_memory": true,
      "use_attribution": true,
      "use_hack_detector": true,
      "use_llm_edit": true,
      "use_operator_constraints": true,
      "free_rewrite": false,
      "one_shot": false
    },
    "edit_generated": false,
    "edit_decision": "final",
    "next_action": "final_iteration",
    "agent_analysis": {
      "reflection_report": {},
      "diagnostic_analysis": {},
      "memory_reflection": {},
      "reward_editor": {},
      "auditor_check": {},
      "distilled_lessons": {}
    }
  }
}