{
  "memory_id": "iter_002_to_003",
  "env_family": "landing_control",
  "failure_modes": [
    "shaping_goal_mismatch"
  ],
  "reward_attribution": {
    "episode_reward_mean": -0.3369670241904729,
    "episode_reward_std": 0.8164198129951393,
    "component_stats": {
      "r_progress": {
        "sum": 0.0,
        "abs_sum": 0.0,
        "mean": 0.0,
        "std": 0.0,
        "min": 0.0,
        "max": 0.0,
        "ratio": 0.0,
        "trigger_rate": 0.0
      },
      "r_stability": {
        "sum": -3.6809010725714186,
        "abs_sum": 3.6809010725714186,
        "mean": -0.018312940659559296,
        "std": 0.04767679846526319,
        "min": -0.6792489796876907,
        "max": -0.000782831505057402,
        "ratio": 0.5250253903841434,
        "trigger_rate": 1.0
      },
      "r_control_cost": {
        "sum": -0.32999999999999996,
        "abs_sum": 0.32999999999999996,
        "mean": -0.0016417910447761193,
        "std": 0.00682336086606714,
        "min": -0.03,
        "max": -0.0,
        "ratio": 0.04706955590787768,
        "trigger_rate": 0.05472636815920398
      },
      "successful_landing": {
        "sum": 1.0,
        "abs_sum": 1.0,
        "mean": 0.004975124378109453,
        "std": 0.07035888370015399,
        "min": 0.0,
        "max": 1.0,
        "ratio": 0.14263501790265967,
        "trigger_rate": 0.004975124378109453
      },
      "crash": {
        "sum": 2.0,
        "abs_sum": 2.0,
        "mean": 0.009950248756218905,
        "std": 0.09925341961820898,
        "min": 0.0,
        "max": 1.0,
        "ratio": 0.28527003580531934,
        "trigger_rate": 0.009950248756218905
      }
    },
    "dominant_component": "r_stability",
    "dominant_component_ratio": 0.5250253903841434
  },
  "edit_plan": [],
  "outcome": {
    "status": "not_applicable",
    "before": {
      "task_score": 0.6777420479667087,
      "semantic_score": 1.0110753813000422,
      "selection_score": 1.4888174292667509,
      "hack_score": 0.2,
      "true_hack_risk": true,
      "terminal_goal_evidence": true,
      "reward_repetition_risk": false,
      "high_reward_low_progress": false,
      "shaping_goal_mismatch": true,
      "unstable_contact_behavior": false,
      "benign_terminal_dominance": false,
      "success_episode_rate": 0.0,
      "terminal_reward_paid_episode_rate": 0.3333333333333333,
      "safe_contact_episode_rate": 0.0,
      "stable_landing_episode_rate": 0.0
    },
    "after": {},
    "delta": {},
    "note": "No schema transition was committed for this iteration."
  },
  "lesson": "Final iteration; edit generation skipped.",
  "metadata": {
    "config_path": "configs/eg_rsa_deepseek_v2_bootstrap_smoke.yml",
    "iteration": 2,
    "schema_snapshot": {
      "version": 2,
      "components": [
        {
          "name": "r_progress",
          "type": "formula_component",
          "weight": 1.0,
          "inputs": [],
          "params": {
            "formula": "(-abs(x) - abs(y) - 0.1*abs(vx) - 0.1*abs(vy))"
          },
          "clip": null,
          "enabled": true,
          "formula": "(-abs(x) - abs(y) - 0.1*abs(vx) - 0.1*abs(vy))"
        },
        {
          "name": "r_stability",
          "type": "formula_component",
          "weight": 1.0,
          "inputs": [],
          "params": {
            "formula": "(-abs(angle) - 0.1*abs(angular_velocity))"
          },
          "clip": null,
          "enabled": true,
          "formula": "(-abs(angle) - 0.1*abs(angular_velocity))"
        },
        {
          "name": "r_control_cost",
          "type": "formula_component",
          "weight": 1.0,
          "inputs": [],
          "params": {
            "formula": "(-0.3*main_engine - 0.03*abs(side_engine))"
          },
          "clip": null,
          "enabled": true,
          "formula": "(-0.3*main_engine - 0.03*abs(side_engine))"
        }
      ],
      "event_rules": [
        {
          "name": "successful_landing",
          "type": "event_predicate",
          "weight": 1.0,
          "condition": {
            "expression": "left_contact and right_contact and abs(vx) < 0.2 and abs(vy) < 0.2 and abs(angle) < 0.1",
            "duration_steps": 1
          },
          "one_time": true,
          "enabled": true
        },
        {
          "name": "crash",
          "type": "event_predicate",
          "weight": 1.0,
          "condition": {
            "expression": "(y <= 0) and (not left_contact or not right_contact)",
            "duration_steps": 1
          },
          "one_time": true,
          "enabled": true
        }
      ],
      "metadata": {
        "source": "llm_bootstrap",
        "task": "LunarLander-v3",
        "reward_blueprint_present": true
      }
    },
    "validation_errors": [],
    "validation_warnings": [],
    "candidate_evaluation": {},
    "gate_result": {},
    "reflection_report": {},
    "semantic_outcome": {
      "episode_count": 3,
      "semantic_score": 1.0110753813000422,
      "success_episode_rate": 0.0,
      "terminal_reward_paid_episode_rate": 0.3333333333333333,
      "terminal_reward_payment_count_mean": 0.3333333333333333,
      "terminal_reward_payment_count_max": 1,
      "safe_contact_episode_rate": 0.0,
      "stable_landing_episode_rate": 0.0,
      "progress_score_mean": 0.6844420479667087,
      "progress_score_std": 0.23314416646899347,
      "episode_length_mean": 67.0,
      "episode_length_std": 9.201449161228174,
      "contact_toggle_mean": 4.333333333333333,
      "contact_toggle_max": 5.0,
      "reward_repetition_risk": false,
      "one_time_repeat_violations": [],
      "terminal_goal_evidence": true,
      "unstable_contact_behavior": false,
      "event_rule_payment_stats": {
        "successful_landing": {
          "episode_payment_counts": [
            1,
            0,
            0
          ],
          "episode_paid_rate": 0.3333333333333333,
          "payment_count_mean": 0.3333333333333333,
          "payment_count_max": 1,
          "one_time": true
        }
      },
      "terminal_rule_names": [
        "successful_landing"
      ],
      "one_time_rule_names": [
        "crash",
        "successful_landing"
      ],
      "semantic_risks": [
        "terminal_goal_evidence_present"
      ]
    },
    "structural_response": {},
    "outcome_decision": {
      "decision": "uncertain",
      "continuation": "rollback_to_best_schema",
      "reason": "Outcome change is ambiguous under internal semantic criteria; keep as evidence but continue from best accepted schema.",
      "task_delta": 0.00023925492561449602,
      "hack_delta": -0.39999999999999997,
      "semantic_delta": 0.00023925492561449602,
      "accepted_for_best": false,
      "rollback_recommended": true
    },
    "rollback_applied": true,
    "experiment_mode": {
      "use_memory": true,
      "use_attribution": true,
      "use_hack_detector": true,
      "use_llm_edit": true,
      "use_operator_constraints": true,
      "free_rewrite": false,
      "one_shot": false
    },
    "edit_generated": false,
    "edit_decision": "final",
    "next_action": "final_iteration",
    "schema_transition": {
      "decision": "final",
      "next_action": "final_iteration",
      "requested_next_action": "final_iteration",
      "schema_changed": false,
      "committed_edits": [],
      "rejected_edits": [],
      "blocked_candidate_edits": [],
      "blocked_gate_edits": [],
      "reason": "Final iteration or editing disabled for this iteration.",
      "trace": {
        "validation_errors": [],
        "validation_warnings": [],
        "candidate_accepted_count": 0,
        "candidate_rejected_count": 0,
        "gate_accepted_count": 0,
        "gate_rejected_count": 0,
        "final_edit_plan_count": 0,
        "operator_constraints_enabled": true,
        "source_of_truth": "committed_edits",
        "notes": []
      },
      "next_schema_version": 2
    },
    "committed_edits": [],