{
  "note": "Post-hoc oracle reward evaluation only. Not used by EG-RSA reward search.",
  "env_id": "LunarLander-v3",
  "num_episodes": 5,
  "return_mean": -100.87108866756253,
  "return_std": 11.440118307724557,
  "episode_length_mean": 58.0,
  "episode_returns": [
    -93.97578413127309,
    -99.32143301888755,
    -107.02220671306358,
    -118.81038550884529,
    -85.22563396574313
  ],
  "episode_lengths": [
    54,
    54,
    62,
    69,
    51
  ]
}