{
  "note": "Post-hoc oracle reward evaluation only. Not used by EG-RSA reward search.",
  "env_id": "LunarLander-v3",
  "num_episodes": 5,
  "return_mean": -100.08620714750482,
  "return_std": 11.625761341478592,
  "episode_length_mean": 58.0,
  "episode_returns": [
    -90.67796826643297,
    -97.99631794791188,
    -106.3268903348565,
    -118.99593920792918,
    -86.43391998039365
  ],
  "episode_lengths": [
    54,
    54,
    62,
    69,
    51
  ]
}