{
  "tool": "trajectory_inspector",
  "num_episodes": 3,
  "success_count": 0,
  "success_rate": 0.0,
  "episode_length_mean": 66.66666666666667,
  "safe_contact_rate_mean": 0.0,
  "stable_landing_rate_mean": 0.0,
  "contact_toggle_mean": 1.3333333333333333,
  "contact_toggle_max": 2,
  "worst_episodes": [
    {
      "episode": 2,
      "success": 0.0,
      "progress_score": 0.3971825547645437,
      "episode_length": 61,
      "safe_contact_rate": 0.0,
      "stable_landing_rate": 0.0,
      "contact_rate": 0.03278688524590164,
      "both_contact_rate": 0.03278688524590164,
      "contact_toggle_count": 1,
      "episode_reward": 6.246952132215992,
      "oracle_reward_posthoc": -109.99079233087394
    },
    {
      "episode": 0,
      "success": 0.0,
      "progress_score": 0.5042026379303219,
      "episode_length": 79,
      "safe_contact_rate": 0.0,
      "stable_landing_rate": 0.0,
      "contact_rate": 0.02531645569620253,
      "both_contact_rate": 0.012658227848101266,
      "contact_toggle_count": 1,
      "episode_reward": 8.951185474055835,
      "oracle_reward_posthoc": -124.9477756224124
    },
    {
      "episode": 1,
      "success": 0.0,
      "progress_score": 0.6778556690585106,
      "episode_length": 60,
      "safe_contact_rate": 0.0,
      "stable_landing_rate": 0.0,
      "contact_rate": 0.05,
      "both_contact_rate": 0.03333333333333333,
      "contact_toggle_count": 2,
      "episode_reward": 10.445550866410102,
      "oracle_reward_posthoc": -100.05388274339205
    }
  ],
  "best_episodes": []
}