{
  "attribution": {
    "episode_reward_mean": -76.81497593811211,
    "episode_reward_std": 10.492635762165552,
    "component_stats": {
      "r_progress": {
        "sum": -225.5451363833419,
        "abs_sum": 225.5451363833419,
        "mean": -1.1221151063847856,
        "std": 0.3504834020160329,
        "min": -1.503778686746955,
        "max": -0.13590321415409132,
        "ratio": 0.9539013522863413,
        "trigger_rate": 1.0
      },
      "r_stability": {
        "sum": -7.629791430994397,
        "abs_sum": 7.629791430994397,
        "mean": -0.03795916134823083,
        "std": 0.050122241032717445,
        "min": -0.7172586739063264,
        "max": -0.0004186796541262083,
        "ratio": 0.03226878876837457,
        "trigger_rate": 1.0
      },
      "r_control_cost": {
        "sum": -0.27,
        "abs_sum": 0.27,
        "mean": -0.0013432835820895524,
        "std": 0.006204361101739261,
        "min": -0.03,
        "max": -0.0,
        "ratio": 0.0011419149587848718,
        "trigger_rate": 0.04477611940298507
      },
      "successful_landing": {
        "sum": 1.0,
        "abs_sum": 1.0,
        "mean": 0.004975124378109453,
        "std": 0.07035888370015399,
        "min": 0.0,
        "max": 1.0,
        "ratio": 0.004229314662166191,
        "trigger_rate": 0.004975124378109453
      },
      "crash": {
        "sum": 2.0,
        "abs_sum": 2.0,
        "mean": 0.009950248756218905,
        "std": 0.09925341961820898,
        "min": 0.0,
        "max": 1.0,
        "ratio": 0.008458629324332383,
        "trigger_rate": 0.009950248756218905
      }
    },
    "dominant_component": "r_progress",
    "dominant_component_ratio": 0.9539013522863413
  },
  "diagnostics": {
    "hack_flags": {
      "high_reward_low_progress": true,
      "component_dominance": true,
      "repeated_event_exploitation": false,
      "shaping_goal_mismatch": true,
      "terminal_success_dominance": false,
      "unstable_contact_behavior": false,
      "reward_repetition_risk": false
    },
    "failure_modes": [
      "high_reward_low_progress",
      "single_component_dominance",
      "shaping_goal_mismatch"
    ],
    "hack_score": 0.6,
    "suspected_components": [
      "r_progress"
    ],
    "dominant_component": "r_progress",
    "dominant_component_ratio": 0.9539013522863413,
    "raw_component_dominance": true,
    "benign_terminal_dominance": false,
    "repeated_event_details": {
      "flag": false,
      "event_toggle_counts": {
        "left_contact": 3,
        "right_contact": 3,
        "contact": 3,
        "both_contact": 3
      },
      "max_event": "left_contact",
      "max_toggle_count": 3
    },
    "semantic_notes": []
  },
  "semantic_outcome": {
    "episode_count": 3,
    "semantic_score": 1.0108361263744277,
    "success_episode_rate": 0.0,
    "terminal_reward_paid_episode_rate": 0.3333333333333333,
    "terminal_reward_payment_count_mean": 0.3333333333333333,
    "terminal_reward_payment_count_max": 1,
    "safe_contact_episode_rate": 0.0,
    "stable_landing_episode_rate": 0.0,
    "progress_score_mean": 0.6842027930410942,
    "progress_score_std": 0.23445533226653603,
    "episode_length_mean": 67.0,
    "episode_length_std": 9.201449161228174,
    "contact_toggle_mean": 2.6666666666666665,
    "contact_toggle_max": 4.0,
    "reward_repetition_risk": false,
    "one_time_repeat_violations": [],
    "terminal_goal_evidence": true,
    "unstable_contact_behavior": false,
    "event_rule_payment_stats": {
      "successful_landing": {
        "episode_payment_counts": [
          1,
          0,
          0
        ],
        "episode_paid_rate": 0.3333333333333333,
        "payment_count_mean": 0.3333333333333333,
        "payment_count_max": 1,
        "one_time": true
      }
    },
    "terminal_rule_names": [
      "successful_landing"
    ],
    "one_time_rule_names": [
      "crash",
      "successful_landing"
    ],
    "semantic_risks": [
      "terminal_goal_evidence_present"
    ]
  },
  "experiment_mode": {
    "use_memory": true,
    "use_attribution": true,
    "use_hack_detector": true,
    "use_llm_edit": true,
    "use_operator_constraints": true,
    "free_rewrite": false,
    "one_shot": false
  }
}