{
  "attribution": {
    "episode_reward_mean": 1014.7048935414679,
    "episode_reward_std": 37.58826978134004,
    "component_stats": {
      "r_centering": {
        "sum": 1451.6328520055424,
        "abs_sum": 1451.6328520055424,
        "mean": 0.7919437272261551,
        "std": 0.15250960243889558,
        "min": 0.2340441841596741,
        "max": 0.9988629345560271,
        "ratio": 0.4713377272787887,
        "trigger_rate": 1.0
      },
      "r_stability": {
        "sum": 1609.8518286188619,
        "abs_sum": 1609.8518286188619,
        "mean": 0.8782606811886863,
        "std": 0.08307068001689268,
        "min": 0.5865646399700639,
        "max": 0.9929775826556425,
        "ratio": 0.5227106159167575,
        "trigger_rate": 1.0
      },
      "r_horizontal_stabilizer": {
        "sum": 0.0,
        "abs_sum": 0.0,
        "mean": 0.0,
        "std": 0.0,
        "min": 0.0,
        "max": 0.0,
        "ratio": 0.0,
        "trigger_rate": 0.0
      },
      "r_descent_control": {
        "sum": 0.0,
        "abs_sum": 0.0,
        "mean": 0.0,
        "std": 0.0,
        "min": 0.0,
        "max": 0.0,
        "ratio": 0.0,
        "trigger_rate": 0.0
      },
      "r_fuel_main": {
        "sum": -17.299999999999997,
        "abs_sum": 17.299999999999997,
        "mean": -0.009438079650845607,
        "std": 0.002302921842518787,
        "min": -0.01,
        "max": -0.0,
        "ratio": 0.005617221097371465,
        "trigger_rate": 0.9438079650845608
      },
      "r_fuel_side": {
        "sum": -0.07,
        "abs_sum": 1.03,
        "mean": -3.818876159301692e-05,
        "std": 0.0023701782865497498,
        "min": -0.01,
        "max": 0.01,
        "ratio": 0.0003344357069533301,
        "trigger_rate": 0.05619203491543917
      },
      "r_safe_landing": {
        "sum": 0.0,
        "abs_sum": 0.0,
        "mean": 0.0,
        "std": 0.0,
        "min": 0.0,
        "max": 0.0,
        "ratio": 0.0,
        "trigger_rate": 0.0
      }
    },
    "dominant_component": "r_stability",
    "dominant_component_ratio": 0.5227106159167575
  },
  "diagnostics": {
    "hack_flags": {
      "high_reward_low_progress": false,
      "component_dominance": false,
      "repeated_event_exploitation": false,
      "shaping_goal_mismatch": true,
      "terminal_success_dominance": false,
      "unstable_contact_behavior": false,
      "reward_repetition_risk": false
    },
    "failure_modes": [
      "shaping_goal_mismatch"
    ],
    "hack_score": 0.2,
    "suspected_components": [],
    "dominant_component": "r_stability",
    "dominant_component_ratio": 0.5227106159167575,
    "raw_component_dominance": false,
    "benign_terminal_dominance": false,
    "repeated_event_details": {
      "flag": false,
      "event_toggle_counts": {},
      "max_event": null,
      "max_toggle_count": 0
    },
    "semantic_notes": []
  },
  "semantic_outcome": {
    "episode_count": 3,
    "semantic_score": 0.4073639231082988,
    "success_episode_rate": 0.0,
    "terminal_reward_paid_episode_rate": 0.0,
    "terminal_reward_payment_count_mean": 0.0,
    "terminal_reward_payment_count_max": 0,
    "safe_contact_episode_rate": 0.0,
    "stable_landing_episode_rate": 0.0,
    "progress_score_mean": 0.46846392310829876,
    "progress_score_std": 0.019409368185524953,
    "episode_length_mean": 611.0,
    "episode_length_std": 34.2442209236342,
    "contact_toggle_mean": 0.0,
    "contact_toggle_max": 0.0,
    "reward_repetition_risk": false,
    "one_time_repeat_violations": [],
    "terminal_goal_evidence": false,
    "unstable_contact_behavior": false,
    "event_rule_payment_stats": {
      "r_safe_landing": {
        "episode_payment_counts": [
          0,
          0,
          0
        ],
        "episode_paid_rate": 0.0,
        "payment_count_mean": 0.0,
        "payment_count_max": 0,
        "one_time": true
      }
    },
    "terminal_rule_names": [
      "r_safe_landing"
    ],
    "one_time_rule_names": [
      "r_safe_landing"
    ],
    "semantic_risks": []
  },
  "experiment_mode": {
    "use_memory": true,
    "use_attribution": true,
    "use_hack_detector": true,
    "use_llm_edit": true,
    "use_operator_constraints": true,
    "free_rewrite": false,
    "one_shot": false
  }
}