{
  "attribution": {
    "episode_reward_mean": 6.407306778697939,
    "episode_reward_std": 2.563664416909445,
    "component_stats": {
      "r_progress": {
        "sum": 55.16762489849593,
        "abs_sum": 56.17930098568079,
        "mean": 0.27583812449247963,
        "std": 0.11147040301743447,
        "min": -0.10829028964315322,
        "max": 0.38444052128790496,
        "ratio": 0.5968584082258798,
        "trigger_rate": 1.0
      },
      "r_centering": {
        "sum": -8.903733440533987,
        "abs_sum": 8.903733440533987,
        "mean": -0.044518667202669934,
        "std": 0.08010305004650703,
        "min": -0.3756067156791687,
        "max": -0.0,
        "ratio": 0.09459477201290158,
        "trigger_rate": 0.495
      },
      "r_stability": {
        "sum": -17.997518530627712,
        "abs_sum": 17.997518530627712,
        "mean": -0.08998759265313856,
        "std": 0.07055509169550273,
        "min": -0.6866158209741116,
        "max": -0.005508871050551534,
        "ratio": 0.19120868493796653,
        "trigger_rate": 1.0
      },
      "r_action_cost": {
        "sum": -0.6,
        "abs_sum": 0.6,
        "mean": -0.003,
        "std": 0.029849623113198595,
        "min": -0.3,
        "max": -0.0,
        "ratio": 0.006374501616294686,
        "trigger_rate": 0.01
      },
      "r_soft_touchdown": {
        "sum": -9.444452591240406,
        "abs_sum": 9.444452591240406,
        "mean": -0.04722226295620203,
        "std": 0.2778744656742922,
        "min": -2.010147309303284,
        "max": 0.0,
        "ratio": 0.10033946384646751,
        "trigger_rate": 0.035
      },
      "terminal_success": {
        "sum": 1.0,
        "abs_sum": 1.0,
        "mean": 0.005,
        "std": 0.07053367989832944,
        "min": 0.0,
        "max": 1.0,
        "ratio": 0.010624169360491143,
        "trigger_rate": 0.005
      }
    },
    "dominant_component": "r_progress",
    "dominant_component_ratio": 0.5968584082258798
  },
  "diagnostics": {
    "hack_flags": {
      "high_reward_low_progress": false,
      "component_dominance": false,
      "repeated_event_exploitation": false,
      "shaping_goal_mismatch": true,
      "terminal_success_dominance": false,
      "unstable_contact_behavior": false,
      "reward_repetition_risk": false
    },
    "failure_modes": [
      "shaping_goal_mismatch"
    ],
    "hack_score": 0.2,
    "suspected_components": [],
    "dominant_component": "r_progress",
    "dominant_component_ratio": 0.5968584082258798,
    "raw_component_dominance": false,
    "benign_terminal_dominance": false,
    "repeated_event_details": {
      "flag": false,
      "event_toggle_counts": {
        "left_contact": 3,
        "contact": 3,
        "right_contact": 3,
        "both_contact": 3
      },
      "max_event": "left_contact",
      "max_toggle_count": 3
    },
    "semantic_notes": []
  },
  "semantic_outcome": {
    "episode_count": 3,
    "semantic_score": 0.8946039026199925,
    "success_episode_rate": 0.0,
    "terminal_reward_paid_episode_rate": 0.3333333333333333,
    "terminal_reward_payment_count_mean": 0.3333333333333333,
    "terminal_reward_payment_count_max": 1,
    "safe_contact_episode_rate": 0.0,
    "stable_landing_episode_rate": 0.0,
    "progress_score_mean": 0.5679372359533258,
    "progress_score_std": 0.11579035665602687,
    "episode_length_mean": 66.66666666666667,
    "episode_length_std": 8.73053390247253,
    "contact_toggle_mean": 1.0,
    "contact_toggle_max": 1.0,
    "reward_repetition_risk": false,
    "one_time_repeat_violations": [],
    "terminal_goal_evidence": true,
    "unstable_contact_behavior": false,
    "event_rule_payment_stats": {
      "terminal_success": {
        "episode_payment_counts": [
          0,
          1,
          0
        ],
        "episode_paid_rate": 0.3333333333333333,
        "payment_count_mean": 0.3333333333333333,
        "payment_count_max": 1,
        "one_time": true
      }
    },
    "terminal_rule_names": [
      "terminal_success"
    ],
    "one_time_rule_names": [
      "terminal_success"
    ],
    "semantic_risks": [
      "terminal_goal_evidence_present"
    ]
  },
  "experiment_mode": {
    "use_memory": true,
    "use_attribution": true,
    "use_hack_detector": true,
    "use_llm_edit": true,
    "use_operator_constraints": true,
    "free_rewrite": false,
    "one_shot": false
  }
}