{
  "note": "Post-hoc oracle reward evaluation only. Not used by EG-RSA reward search.",
  "env_id": "LunarLander-v3",
  "num_episodes": 5,
  "return_mean": -100.46993884853171,
  "return_std": 10.614417711599865,
  "episode_length_mean": 58.0,
  "episode_returns": [
    -93.97578413127309,
    -99.32143301888755,
    -107.02220671306358,
    -116.44739868830587,
    -85.58287169112853
  ],
  "episode_lengths": [
    54,
    54,
    62,
    69,
    51
  ]
}