{
  "note": "Post-hoc oracle reward evaluation only. Not used by EG-RSA reward search.",
  "env_id": "LunarLander-v3",
  "num_episodes": 5,
  "return_mean": -114.45263232469885,
  "return_std": 14.654192828463255,
  "episode_length_mean": 57.6,
  "episode_returns": [
    -127.1460591443464,
    -100.7051840521807,
    -107.02220671306358,
    -136.476971494192,
    -100.91274021971165
  ],
  "episode_lengths": [
    53,
    54,
    62,
    69,
    50
  ]
}