{
  "note": "Post-hoc oracle reward evaluation only. Not used by EG-RSA reward search.",
  "env_id": "LunarLander-v3",
  "num_episodes": 5,
  "return_mean": -8603.324062196876,
  "return_std": 1799.6117400208739,
  "episode_length_mean": 644.8,
  "episode_returns": [
    -11735.899595438968,
    -7116.644098029302,
    -7248.521724498229,
    -7387.284971553984,
    -9528.269921463889
  ],
  "episode_lengths": [
    752,
    605,
    582,
    580,
    705
  ]
}