{
  "attribution": {
    "episode_reward_mean": 1022.1103429392831,
    "episode_reward_std": 810.6551519485084,
    "component_stats": {
      "r_approach_region": {
        "sum": 1297.8590565427576,
        "abs_sum": 1297.8590565427576,
        "mean": 0.268263550339553,
        "std": 0.06790887448073926,
        "min": 0.07861716420632262,
        "max": 0.30000000000000004,
        "ratio": 0.1256988888743166,
        "trigger_rate": 1.0
      },
      "r_approach_progress": {
        "sum": 14.450126333108436,
        "abs_sum": 14.450126333108436,
        "mean": 0.002986797505809929,
        "std": 0.0074045153624873825,
        "min": 0.0,
        "max": 0.057186756769275204,
        "ratio": 0.0013995085329247333,
        "trigger_rate": 0.2027697395618024
      },
      "r_stability": {
        "sum": 3352.718963485853,
        "abs_sum": 3352.718963485853,
        "mean": 0.6929968919979026,
        "std": 0.24814714431141432,
        "min": 0.17128548449910994,
        "max": 0.996876631315652,
        "ratio": 0.3247140329248364,
        "trigger_rate": 1.0
      },
      "r_landing_quality": {
        "sum": 4958.0952830311135,
        "abs_sum": 4958.0952830311135,
        "mean": 1.0248233325818754,
        "std": 0.5696807780991551,
        "min": 0.08026719633788144,
        "max": 1.9919104553530702,
        "ratio": 0.48019626235082574,
        "trigger_rate": 1.0
      },
      "r_energy": {
        "sum": -52.02,
        "abs_sum": 52.02,
        "mean": -0.010752377015295578,
        "std": 0.009971656272999733,
        "min": -0.02,
        "max": -0.0,
        "ratio": 0.005038186670793193,
        "trigger_rate": 0.5376188507647789
      },
      "r_safe_contact_once": {
        "sum": 150.0,
        "abs_sum": 150.0,
        "mean": 0.03100454733360893,
        "std": 0.9639373102297192,
        "min": 0.0,
        "max": 30.0,
        "ratio": 0.014527643226047268,
        "trigger_rate": 0.0010334849111202976
      },
      "r_stable_landing_once": {
        "sum": 500.0,
        "abs_sum": 500.0,
        "mean": 0.10334849111202976,
        "std": 3.2131243674323966,
        "min": 0.0,
        "max": 100.0,
        "ratio": 0.048425477420157556,
        "trigger_rate": 0.0010334849111202976
      }
    },
    "dominant_component": "r_landing_quality",
    "dominant_component_ratio": 0.48019626235082574
  },
  "diagnostics": {
    "hack_flags": {
      "high_reward_low_progress": false,
      "component_dominance": false,
      "repeated_event_exploitation": false,
      "shaping_goal_mismatch": false,
      "terminal_success_dominance": false,
      "unstable_contact_behavior": true,
      "reward_repetition_risk": false
    },
    "failure_modes": [],
    "hack_score": 0.0,
    "suspected_components": [],
    "dominant_component": "r_landing_quality",
    "dominant_component_ratio": 0.48019626235082574,
    "raw_component_dominance": false,
    "benign_terminal_dominance": false,
    "repeated_event_details": {
      "flag": true,
      "event_toggle_counts": {
        "right_contact": 38,
        "contact": 34,
        "left_contact": 11,
        "both_contact": 15,
        "landing_region": 6,
        "safe_contact": 9,
        "stable_both_contact": 9,
        "stable_landing_condition": 9
      },
      "max_event": "right_contact",
      "max_toggle_count": 38
    },
    "semantic_notes": [
      "contact_or_landing_toggles_observed_but_not_repeated_reward_exploitation"
    ]
  },
  "semantic_outcome": {
    "episode_count": 10,
    "semantic_score": 2.441955096755225,
    "success_episode_rate": 0.5,
    "terminal_reward_paid_episode_rate": 0.5,
    "terminal_reward_payment_count_mean": 0.5,
    "terminal_reward_payment_count_max": 1,
    "safe_contact_episode_rate": 0.5,
    "stable_landing_episode_rate": 0.5,
    "progress_score_mean": 0.7403350967552247,
    "progress_score_std": 0.25478859982105406,
    "episode_length_mean": 483.8,
    "episode_length_std": 288.17453044986473,
    "contact_toggle_mean": 241.1,
    "contact_toggle_max": 656.0,
    "reward_repetition_risk": false,
    "one_time_repeat_violations": [],
    "terminal_goal_evidence": true,
    "unstable_contact_behavior": true,
    "event_rule_payment_stats": {
      "r_stable_landing_once": {
        "episode_payment_counts": [
          0,
          1,
          1,
          0,
          0,
          1,
          0,
          0,
          1,
          1
        ],
        "episode_paid_rate": 0.5,
        "payment_count_mean": 0.5,
        "payment_count_max": 1,
        "one_time": true
      }
    },
    "terminal_rule_names": [
      "r_stable_landing_once"
    ],
    "one_time_rule_names": [
      "r_safe_contact_once",
      "r_stable_landing_once"
    ],
    "semantic_risks": [
      "unstable_contact_behavior",
      "terminal_goal_evidence_present"
    ]
  },
  "experiment_mode": {
    "use_memory": true,
    "use_attribution": true,
    "use_hack_detector": true,
    "use_llm_edit": true,
    "use_operator_constraints": true,
    "free_rewrite": false,
    "one_shot": false
  }
}