{
  "note": "Post-hoc oracle reward evaluation only. Not used by EG-RSA reward search.",
  "env_id": "LunarLander-v3",
  "num_episodes": 10,
  "return_mean": 241.74766141458076,
  "return_std": 47.03484062345222,
  "episode_length_mean": 385.8,
  "episode_returns": [
    274.0779930245558,
    264.6732296914836,
    216.51780468219837,
    278.81442570643173,
    260.03886466797553,
    245.4826978412008,
    259.29383503194435,
    237.58450532316638,
    269.9144617719322,
    111.07879640491893
  ],
  "episode_lengths": [
    232,
    306,
    346,
    235,
    335,
    325,
    323,
    464,
    292,
    1000
  ]
}