{
  "memory_id": "iter_003_to_004",
  "env_family": "landing_control",
  "failure_modes": [
    "repeated_event_exploitation",
    "shaping_goal_mismatch"
  ],
  "reward_attribution": {
    "episode_reward_mean": 1238.6845239717304,
    "episode_reward_std": 735.7574741231924,
    "component_stats": {
      "r_approach_region": {
        "sum": 1859.6013868548246,
        "abs_sum": 1859.6013868548246,
        "mean": 0.3025710033932354,
        "std": 0.11720102216557043,
        "min": 0.11793313311105447,
        "max": 0.44999999999999996,
        "ratio": 0.18471596230736406,
        "trigger_rate": 1.0
      },
      "r_approach_progress": {
        "sum": 8.095584388570998,
        "abs_sum": 8.095584388570998,
        "mean": 0.0013172119083259028,
        "std": 0.0016461400149220921,
        "min": 0.0,
        "max": 0.008611240468219927,
        "ratio": 0.000804142044282153,
        "trigger_rate": 0.5671981776765376
      },
      "r_stability": {
        "sum": 4175.256174184377,
        "abs_sum": 4175.256174184377,
        "mean": 0.679345293554243,
        "std": 0.15565115969073107,
        "min": 0.1481292809253597,
        "max": 0.9722780663686263,
        "ratio": 0.41473213966496114,
        "trigger_rate": 1.0
      },
      "r_landing_quality": {
        "sum": 3945.463046346067,
        "abs_sum": 3945.463046346067,
        "mean": 0.6419562392362621,
        "std": 0.4738560205082921,
        "min": 0.07250379880344486,
        "max": 1.878737329286815,
        "ratio": 0.3919065712177021,
        "trigger_rate": 1.0
      },
      "r_energy": {
        "sum": -78.94,
        "abs_sum": 78.94,
        "mean": -0.012844126260982752,
        "std": 0.009587019652195791,
        "min": -0.02,
        "max": -0.0,
        "ratio": 0.007841184765518604,
        "trigger_rate": 0.6422063130491377
      },
      "r_safe_contact_once": {
        "sum": 0.0,
        "abs_sum": 0.0,
        "mean": 0.0,
        "std": 0.0,
        "min": 0.0,
        "max": 0.0,
        "ratio": 0.0,
        "trigger_rate": 0.0
      },
      "r_stable_landing_once": {
        "sum": 0.0,
        "abs_sum": 0.0,
        "mean": 0.0,
        "std": 0.0,
        "min": 0.0,
        "max": 0.0,
        "ratio": 0.0,
        "trigger_rate": 0.0
      }
    },
    "dominant_component": "r_stability",
    "dominant_component_ratio": 0.41473213966496114
  },
  "edit_plan": [],
  "outcome": {
    "status": "not_applicable",
    "before": {
      "task_score": -0.25020905737482446,
      "hack_score": 0.5
    },
    "after": {},
    "delta": {},
    "note": "No edit was generated for this iteration."
  },
  "lesson": "Rollback applied after mixed/rejected previous edit; edit generation skipped to rebase on best accepted schema.",
  "metadata": {
    "config_path": "configs/eg_rsa_deepseek_aligned_long_5x500k.yml",
    "iteration": 3,
    "validation_errors": [],
    "validation_warnings": [],
    "candidate_evaluation": {},
    "gate_result": {},
    "structural_response": {},
    "outcome_decision": {
      "decision": "uncertain",
      "continuation": "rollback_to_best_schema",
      "reason": "Outcome change is too small or ambiguous; keep lesson as evidence but continue from best accepted schema.",
      "task_delta": -0.02424828653878458,
      "hack_delta": 0.0,
      "accepted_for_best": false,
      "rollback_recommended": true
    },
    "rollback_applied": true,
    "experiment_mode": {
      "use_memory": true,
      "use_attribution": true,
      "use_hack_detector": true,
      "use_llm_edit": true,
      "use_operator_constraints": true,
      "free_rewrite": false,
      "one_shot": false
    },
    "edit_generated": false,
    "edit_decision": "rollback",
    "next_action": "rollback_to_best_schema",
    "agent_analysis": {
      "diagnostic_analysis": {},
      "memory_reflection": {},
      "reward_editor": {},
      "auditor_check": {},
      "distilled_lessons": {}
    }
  }
}