{
  "note": "Post-hoc oracle reward evaluation only. Not used by EG-RSA reward search.",
  "env_id": "LunarLander-v3",
  "num_episodes": 8,
  "return_mean": -106.85651754669965,
  "return_std": 26.46011507301449,
  "episode_length_mean": 701.0,
  "episode_returns": [
    -99.19063270745292,
    -133.19718480017886,
    -91.45047579089395,
    -107.9708165714096,
    -76.18776224068118,
    -95.25754256552035,
    -88.26765232285605,
    -163.3300733746043
  ],
  "episode_lengths": [
    410,
    986,
    1000,
    566,
    162,
    1000,
    488,
    996
  ]
}