{
  "attribution": {
    "episode_reward_mean": -88.25340437677116,
    "episode_reward_std": 10.91447515239137,
    "component_stats": {
      "r_distance": {
        "sum": -330.58526489215444,
        "abs_sum": 330.58526489215444,
        "mean": -0.931226098287759,
        "std": 0.4075481970494804,
        "min": -1.4394692717462547,
        "max": -0.09559983490623476,
        "ratio": 0.5155188924591687,
        "trigger_rate": 1.0
      },
      "r_velocity": {
        "sum": -181.05928397706103,
        "abs_sum": 181.05928397706103,
        "mean": -0.5100261520480592,
        "std": 0.24376242418287325,
        "min": -0.9829799796264966,
        "max": -0.028397165790219635,
        "ratio": 0.2823461643874369,
        "trigger_rate": 1.0
      },
      "r_angle": {
        "sum": -29.112473014640397,
        "abs_sum": 29.112473014640397,
        "mean": -0.08200696623842366,
        "std": 0.11474913166387349,
        "min": -0.6,
        "max": -0.006041929987259209,
        "ratio": 0.04539836296137054,
        "trigger_rate": 1.0
      },
      "r_energy": {
        "sum": -0.51,
        "abs_sum": 0.51,
        "mean": -0.0014366197183098592,
        "std": 0.006405834476027231,
        "min": -0.03,
        "max": -0.0,
        "ratio": 0.0007953005262952228,
        "trigger_rate": 0.04788732394366197
      },
      "r_contact_one_time": {
        "sum": 100.0,
        "abs_sum": 100.0,
        "mean": 0.28169014084507044,
        "std": 2.3567888071382406,
        "min": 0.0,
        "max": 20.0,
        "ratio": 0.15594127966572993,
        "trigger_rate": 0.014084507042253521
      }
    },
    "dominant_component": "r_distance",
    "dominant_component_ratio": 0.5155188924591687
  },
  "diagnostics": {
    "hack_flags": {
      "high_reward_low_progress": true,
      "component_dominance": false,
      "repeated_event_exploitation": true,
      "shaping_goal_mismatch": true
    },
    "failure_modes": [
      "high_reward_low_progress",
      "repeated_event_exploitation",
      "shaping_goal_mismatch"
    ],
    "hack_score": 0.75,
    "suspected_components": [],
    "dominant_component": "r_distance",
    "dominant_component_ratio": 0.5155188924591687,
    "repeated_event_details": {
      "flag": true,
      "event_toggle_counts": {
        "low_vy": 7,
        "near_y": 5,
        "near_goal": 3,
        "low_angle": 8,
        "left_contact": 4,
        "contact": 7,
        "right_contact": 7,
        "both_contact": 4,
        "low_vx": 2,
        "near_x": 2,
        "engine_on": 3,
        "stable_motion": 1,
        "stable_landing_condition": 1
      },
      "max_event": "low_angle",
      "max_toggle_count": 8
    }
  },
  "experiment_mode": {
    "use_memory": true,
    "use_attribution": true,
    "use_hack_detector": true,
    "use_llm_edit": true,
    "use_operator_constraints": true,
    "free_rewrite": false,
    "one_shot": false
  }
}