{
  "attribution": {
    "episode_reward_mean": -107.1801805785351,
    "episode_reward_std": 11.806797984188231,
    "component_stats": {
      "r_distance": {
        "sum": -325.0366211224482,
        "abs_sum": 325.0366211224482,
        "mean": -0.9476286330100531,
        "std": 0.40454127381490235,
        "min": -1.4391985051635716,
        "max": -0.084840650641594,
        "ratio": 0.6065237422963431,
        "trigger_rate": 1.0
      },
      "r_velocity": {
        "sum": -176.81688608587496,
        "abs_sum": 176.81688608587496,
        "mean": -0.5155011256147958,
        "std": 0.25126037670125007,
        "min": -0.9747601760918194,
        "max": -0.0400724854624509,
        "ratio": 0.3299432509470682,
        "trigger_rate": 1.0
      },
      "r_angle": {
        "sum": -23.757395684352296,
        "abs_sum": 23.757395684352296,
        "mean": -0.06926354426924868,
        "std": 0.05361247499015504,
        "min": -0.6,
        "max": -0.0021690186214158302,
        "ratio": 0.044331695573035165,
        "trigger_rate": 1.0
      },
      "r_energy": {
        "sum": -10.290000000000001,
        "abs_sum": 10.290000000000001,
        "mean": -0.030000000000000002,
        "std": 3.469446951953614e-18,
        "min": -0.03,
        "max": -0.03,
        "ratio": 0.019201311183573388,
        "trigger_rate": 1.0
      }
    },
    "dominant_component": "r_distance",
    "dominant_component_ratio": 0.6065237422963431
  },
  "diagnostics": {
    "hack_flags": {
      "high_reward_low_progress": true,
      "component_dominance": false,
      "repeated_event_exploitation": true,
      "shaping_goal_mismatch": true
    },
    "failure_modes": [
      "high_reward_low_progress",
      "repeated_event_exploitation",
      "shaping_goal_mismatch"
    ],
    "hack_score": 0.75,
    "suspected_components": [],
    "dominant_component": "r_distance",
    "dominant_component_ratio": 0.6065237422963431,
    "repeated_event_details": {
      "flag": true,
      "event_toggle_counts": {
        "low_vx": 16,
        "low_vy": 6,
        "stable_motion": 2,
        "low_angle": 8,
        "near_y": 5,
        "near_goal": 3,
        "right_contact": 6,
        "contact": 5,
        "left_contact": 5,
        "both_contact": 4,
        "near_x": 2
      },
      "max_event": "low_vx",
      "max_toggle_count": 16
    }
  },
  "experiment_mode": {
    "use_memory": true,
    "use_attribution": true,
    "use_hack_detector": true,
    "use_llm_edit": true,
    "use_operator_constraints": true,
    "free_rewrite": false,
    "one_shot": false
  }
}