{
  "attribution": {
    "episode_reward_mean": -52.50592575871108,
    "episode_reward_std": 18.659550599223724,
    "component_stats": {
      "r_distance": {
        "sum": -324.4157908694897,
        "abs_sum": 324.4157908694897,
        "mean": -0.9458186322725647,
        "std": 0.4087007577708957,
        "min": -1.4391666766738076,
        "max": -0.040336086506936465,
        "ratio": 0.37612132967914275,
        "trigger_rate": 1.0
      },
      "r_velocity": {
        "sum": -172.68272986148816,
        "abs_sum": 172.68272986148816,
        "mean": -0.5034481920160004,
        "std": 0.24837938415965147,
        "min": -0.938924010577853,
        "max": -0.018539139112997094,
        "ratio": 0.20020498322245958,
        "trigger_rate": 1.0
      },
      "r_angle": {
        "sum": -65.43110806257755,
        "abs_sum": 65.43110806257755,
        "mean": -0.19076124799585292,
        "std": 0.15953818898127542,
        "min": -0.6,
        "max": -0.002134574926458299,
        "ratio": 0.07585954833122412,
        "trigger_rate": 1.0
      },
      "r_contact": {
        "sum": 300.0,
        "abs_sum": 300.0,
        "mean": 0.8746355685131195,
        "std": 4.089954033061267,
        "min": 0.0,
        "max": 20.0,
        "ratio": 0.3478141387671729,
        "trigger_rate": 0.043731778425655975
      }
    },
    "dominant_component": "r_distance",
    "dominant_component_ratio": 0.37612132967914275
  },
  "diagnostics": {
    "hack_flags": {
      "high_reward_low_progress": true,
      "component_dominance": false,
      "repeated_event_exploitation": true,
      "shaping_goal_mismatch": true
    },
    "failure_modes": [
      "high_reward_low_progress",
      "repeated_event_exploitation",
      "shaping_goal_mismatch"
    ],
    "hack_score": 0.75,
    "suspected_components": [],
    "dominant_component": "r_distance",
    "dominant_component_ratio": 0.37612132967914275,
    "repeated_event_details": {
      "flag": true,
      "event_toggle_counts": {
        "low_vx": 11,
        "low_vy": 6,
        "stable_motion": 2,
        "low_angle": 4,
        "near_y": 5,
        "near_goal": 3,
        "right_contact": 5,
        "contact": 5,
        "near_x": 2,
        "left_contact": 2,
        "both_contact": 2
      },
      "max_event": "low_vx",
      "max_toggle_count": 11
    }
  },
  "experiment_mode": {
    "use_memory": true,
    "use_attribution": true,
    "use_hack_detector": true,
    "use_llm_edit": true,
    "use_operator_constraints": true,
    "free_rewrite": false,
    "one_shot": false
  }
}