{
  "memory_id": "iter_001_to_002",
  "env_family": "landing_control",
  "failure_modes": [
    "high_reward_low_progress",
    "repeated_event_exploitation",
    "shaping_goal_mismatch"
  ],
  "reward_attribution": {
    "episode_reward_mean": 1549.7064299039691,
    "episode_reward_std": 122.37297372004485,
    "component_stats": {
      "r_approach_region": {
        "sum": 549.0713397806743,
        "abs_sum": 549.0713397806743,
        "mean": 0.10981426795613486,
        "std": 0.03483426647730166,
        "min": 0.04168396719654561,
        "max": 0.15000000000000002,
        "ratio": 0.06910928439361617,
        "trigger_rate": 1.0
      },
      "r_approach_progress": {
        "sum": 7.3212500753695995,
        "abs_sum": 7.3212500753695995,
        "mean": 0.0014642500150739198,
        "std": 0.001410188226158665,
        "min": 0.0,
        "max": 0.006946930260049333,
        "ratio": 0.0009214947437934185,
        "trigger_rate": 0.676
      },
      "r_stability": {
        "sum": 3717.113152439001,
        "abs_sum": 3717.113152439001,
        "mean": 0.7434226304878002,
        "std": 0.11397922049544823,
        "min": 0.27980239762526254,
        "max": 0.9799478005258716,
        "ratio": 0.46785729169140605,
        "trigger_rate": 1.0
      },
      "r_landing_quality": {
        "sum": 3573.2464072248017,
        "abs_sum": 3573.2464072248017,
        "mean": 0.7146492814449603,
        "std": 0.29300584729857826,
        "min": 0.103946790814485,
        "max": 1.27895377473433,
        "ratio": 0.4497493937017504,
        "trigger_rate": 1.0
      },
      "r_energy": {
        "sum": -98.22,
        "abs_sum": 98.22,
        "mean": -0.019644,
        "std": 0.002644478020328398,
        "min": -0.02,
        "max": -0.0,
        "ratio": 0.012362535469165813,
        "trigger_rate": 0.9822
      },
      "r_safe_contact_once": {
        "sum": 0.0,
        "abs_sum": 0.0,
        "mean": 0.0,
        "std": 0.0,
        "min": 0.0,
        "max": 0.0,
        "ratio": 0.0,
        "trigger_rate": 0.0
      },
      "r_stable_landing_once": {
        "sum": 0.0,
        "abs_sum": 0.0,
        "mean": 0.0,
        "std": 0.0,
        "min": 0.0,
        "max": 0.0,
        "ratio": 0.0,
        "trigger_rate": 0.0
      }
    },
    "dominant_component": "r_stability",
    "dominant_component_ratio": 0.46785729169140605
  },
  "edit_plan": [],
  "outcome": {
    "status": "not_applicable",
    "before": {
      "task_score": -0.85,
      "hack_score": 0.75
    },
    "after": {},
    "delta": {},
    "note": "No edit was generated for this iteration."
  },
  "lesson": "Rollback applied after mixed/rejected previous edit; edit generation skipped to rebase on best accepted schema.",
  "metadata": {
    "config_path": "configs/eg_rsa_deepseek_memory_test.yml",
    "iteration": 1,
    "validation_errors": [],
    "validation_warnings": [],
    "candidate_evaluation": {},
    "gate_result": {},
    "structural_response": {},
    "outcome_decision": {
      "decision": "uncertain",
      "continuation": "rollback_to_best_schema",
      "reason": "Outcome change is too small or ambiguous; keep lesson as evidence but continue from best accepted schema.",
      "task_delta": 0.0,
      "hack_delta": 0.0,
      "accepted_for_best": false,
      "rollback_recommended": true
    },
    "rollback_applied": true,
    "experiment_mode": {
      "use_memory": true,
      "use_attribution": true,
      "use_hack_detector": true,
      "use_llm_edit": true,
      "use_operator_constraints": true,
      "free_rewrite": false,
      "one_shot": false
    },
    "edit_generated": false,
    "edit_decision": "rollback",
    "next_action": "rollback_to_best_schema",
    "agent_analysis": {
      "diagnostic_analysis": {},
      "memory_reflection": {},
      "reward_editor": {},
      "auditor_check": {},
      "distilled_lessons": {}
    }
  }
}