{
  "memory_id": "iter_001_to_002",
  "env_family": "landing_control",
  "failure_modes": [
    "high_reward_low_progress",
    "repeated_event_exploitation",
    "shaping_goal_mismatch"
  ],
  "reward_attribution": {
    "episode_reward_mean": -88.25340437677116,
    "episode_reward_std": 10.91447515239137,
    "component_stats": {
      "r_distance": {
        "sum": -330.58526489215444,
        "abs_sum": 330.58526489215444,
        "mean": -0.931226098287759,
        "std": 0.4075481970494804,
        "min": -1.4394692717462547,
        "max": -0.09559983490623476,
        "ratio": 0.5155188924591687,
        "trigger_rate": 1.0
      },
      "r_velocity": {
        "sum": -181.05928397706103,
        "abs_sum": 181.05928397706103,
        "mean": -0.5100261520480592,
        "std": 0.24376242418287325,
        "min": -0.9829799796264966,
        "max": -0.028397165790219635,
        "ratio": 0.2823461643874369,
        "trigger_rate": 1.0
      },
      "r_angle": {
        "sum": -29.112473014640397,
        "abs_sum": 29.112473014640397,
        "mean": -0.08200696623842366,
        "std": 0.11474913166387349,
        "min": -0.6,
        "max": -0.006041929987259209,
        "ratio": 0.04539836296137054,
        "trigger_rate": 1.0
      },
      "r_energy": {
        "sum": -0.51,
        "abs_sum": 0.51,
        "mean": -0.0014366197183098592,
        "std": 0.006405834476027231,
        "min": -0.03,
        "max": -0.0,
        "ratio": 0.0007953005262952228,
        "trigger_rate": 0.04788732394366197
      },
      "r_contact_one_time": {
        "sum": 100.0,
        "abs_sum": 100.0,
        "mean": 0.28169014084507044,
        "std": 2.3567888071382406,
        "min": 0.0,
        "max": 20.0,
        "ratio": 0.15594127966572993,
        "trigger_rate": 0.014084507042253521
      }
    },
    "dominant_component": "r_distance",
    "dominant_component_ratio": 0.5155188924591687
  },
  "edit_plan": [
    {
      "operator": "add_component",
      "component": {
        "name": "r_progress_delta",
        "type": "metric_delta",
        "weight": 1.0,
        "inputs": [],
        "params": {
          "metric": "progress"
        },
        "clip": [
          0.0,
          1.0
        ],
        "enabled": true
      }
    }
  ],
  "outcome": {
    "status": "pending",
    "before": {
      "task_score": 0.4584439913923587,
      "hack_score": 0.75
    },
    "after": {},
    "delta": {},
    "note": "Pending until the edited schema is trained in the next iteration."
  },
  "lesson": "Current schema resolves contact exploitation but shows severe task failure; dense penalties dominate and one-time landing bonus is rarely earned. Evidence for reward hack is weak, and further edits should focus on structural improvements to guide successful landing.",
  "metadata": {
    "config_path": "configs/eg_rsa_deepseek_memory_test.yml",
    "iteration": 1,
    "validation_errors": [],
    "validation_warnings": [],
    "candidate_evaluation": {
      "accepted_edits": [
        {
          "operator": "add_component",
          "component": {
            "name": "r_progress_delta",
            "type": "metric_delta",
            "weight": 1.0,
            "inputs": [],
            "params": {
              "metric": "progress"
            },
            "clip": [
              0.0,
              1.0
            ],
            "enabled": true
          }
        }
      ],
      "rejected_edits": [],
      "reports": [
        {
          "candidate_type": "metric_process",
          "metric": "progress",
          "component_type": "metric_delta",
          "metric_variation": 0.5028167850787801,
          "active_rate": 0.9293785310734464,
          "signal_density": "dense",
          "recommendation": "accept",
          "reason": "Metric component r_progress_delta has variation=0.502817, active_rate=0.929379 on current rollouts."
        }
      ],
      "warnings": []
    },
    "gate_result": {
      "accepted_edits": [
        {
          "operator": "add_component",
          "component": {
            "name": "r_progress_delta",
            "type": "metric_delta",
            "weight": 1.0,
            "inputs": [],
            "params": {
              "metric": "progress"
            },
            "clip": [
              0.0,
              1.0
            ],
            "enabled": true
          }
        }
      ],
      "rejected_edits": [],
      "warnings": []
    },
    "structural_response": {
      "structural_analysis": {
        "missing_signal_hypothesis": "The current reward consists only of penalties for distance, velocity, angle, and fuel, and a one-time success bonus. There is no positive dense shaping signal that directly rewards progress toward the landing pad, which is essential for guiding the agent toward the goal efficiently.",
        "why_local_edit_is_insufficient": "Local operators such as increasing penalty weights or adjusting event rules cannot create a new positive progress signal; they only modify existing negative components. A structural addition of a metric-based component is required to provide dense shaping.",
        "memory_constraints": [],
        "safety_constraints": [
          "The new component must not create new exploits; a modest weight and clipping prevent dominance over penalty components."
        ]
      },
      "reward_editor": {
        "edit_decision": "edit",
        "next_action": "apply_edit",
        "rationale": "Add a metric_delta component on the 'progress' metric to reward reducing distance to the pad. This provides a dense positive signal while all other components remain penalties, aligning with the natural task goal of minimizing distance. Weight 1.0 and clip [0,1] keep it from overwhelming other signals.",
        "edit_plan": []
      },
      "auditor_check": {
        "approved": true,
        "issues": [],
        "final_action": "apply_edit"
      },
      "diagnosis": "Missing positive progress shaping; adding metric_delta on 'progress' to guide agent toward pad.",
      "edit_plan": [
        {
          "operator": "add_component",
          "component": {
            "name": "r_progress_delta",
            "type": "metric_delta",
            "weight": 1.0,
            "inputs": [],
            "params": {
              "metric": "progress"
            },
            "clip": [
              0.0,
              1.0
            ],
            "enabled": true
          }
        }
      ]
    },
    "outcome_decision": {
      "decision": "accept",
      "continuation": "continue_current_schema",
      "reason": "Task proxy improved enough and hack risk did not increase beyond tolerance.",
      "task_delta": 0.39987488189502446,
      "hack_delta": 0.0,
      "accepted_for_best": true,
      "rollback_recommended": false
    },
    "rollback_applied": false,
    "experiment_mode": {
      "use_memory": true,
      "use_attribution": true,
      "use_hack_detector": true,
      "use_llm_edit": true,
      "use_operator_constraints": true,
      "free_rewrite": false,
      "one_shot": false
    },
    "edit_generated": true,
    "edit_decision": "no_edit",
    "next_action": "apply_edit",