{
  "memory_id": "iter_001_to_002",
  "env_family": "landing_control",
  "failure_modes": [
    "repeated_event_exploitation",
    "shaping_goal_mismatch"
  ],
  "reward_attribution": {
    "episode_reward_mean": -88.7316213349672,
    "episode_reward_std": 11.268989862222414,
    "component_stats": {
      "r_distance": {
        "sum": -330.49400210080034,
        "abs_sum": 330.49400210080034,
        "mean": -0.9335988759909615,
        "std": 0.40591379928121624,
        "min": -1.4394692717462547,
        "max": -0.09559983490623476,
        "ratio": 0.5134620362480105,
        "trigger_rate": 1.0
      },
      "r_velocity": {
        "sum": -180.70511570499656,
        "abs_sum": 180.70511570499656,
        "mean": -0.510466428545188,
        "std": 0.24146861319823712,
        "min": -0.9829799796264966,
        "max": -0.061283385973201786,
        "ratio": 0.28074705162734076,
        "trigger_rate": 1.0
      },
      "r_angle": {
        "sum": -32.09898886903909,
        "abs_sum": 32.09898886903909,
        "mean": -0.09067510979954545,
        "std": 0.11515142022494725,
        "min": -0.6,
        "max": -0.009057891718111931,
        "ratio": 0.04986962571614888,
        "trigger_rate": 1.0
      },
      "r_energy": {
        "sum": -0.36,
        "abs_sum": 0.36,
        "mean": -0.001016949152542373,
        "std": 0.005429022840015921,
        "min": -0.03,
        "max": -0.0,
        "ratio": 0.0005593031397674377,
        "trigger_rate": 0.03389830508474576
      },
      "r_contact_one_time": {
        "sum": 100.0,
        "abs_sum": 100.0,
        "mean": 0.2824858757062147,
        "std": 2.3600676355034373,
        "min": 0.0,
        "max": 20.0,
        "ratio": 0.15536198326873268,
        "trigger_rate": 0.014124293785310734
      }
    },
    "dominant_component": "r_distance",
    "dominant_component_ratio": 0.5134620362480105
  },
  "edit_plan": [],
  "outcome": {
    "status": "not_applicable",
    "before": {
      "task_score": 0.3080213124189414,
      "hack_score": 0.5
    },
    "after": {},
    "delta": {},
    "note": "No edit was generated for this iteration."
  },
  "lesson": "The schema already contains a one‑time contact bonus, resolving the prior exploitation. Current detector flags are likely false positives or mild shaping mismatches that do not warrant an edit at this stage; therefore, no edit is recommended.",
  "metadata": {
    "config_path": "configs/eg_rsa_deepseek_memory_test.yml",
    "iteration": 1,
    "validation_errors": [
      "LLM chose no_edit; no schema edit applied."
    ],
    "experiment_mode": {
      "use_memory": true,
      "use_attribution": true,
      "use_hack_detector": true,
      "use_llm_edit": true,
      "use_operator_constraints": true,
      "free_rewrite": false,
      "one_shot": false
    },
    "edit_generated": true,
    "agent_analysis": {
      "diagnostic_analysis": {
        "observed_facts": [
          "Episode reward mean is -88.73 with std 11.27, indicating consistent negative shaping and rare positive events.",
          "Distance penalty dominates with 51.3% of total reward magnitude; it fires every step.",
          "One‑time contact bonus fires on only ~1.4% of steps, delivering 20 points per successful landing episode but contributing little to the average.",
          "Action penalty (r_energy) has negligible weight (0.03) and triggers on 3.4% of steps, too weak to influence behaviour.",
          "Event toggle detector shows high counts for contact, right_contact, low_angle etc., despite the bonus being one‑time.",
          "Detector flags ‘repeated_event_exploitation’ and ‘shaping_goal_mismatch’ are raised, while ‘high_reward_low_progress’ and ‘component_dominance’ are false."
        ],
        "likely_true_failures": [
          "Shaping‑goal mismatch may still be present: the dense penalties encourage staying near the pad but do not explicitly reward a fast, fuel‑efficient landing, potentially leading to conservative or oscillatory behaviour that keeps the reward low."
        ],
        "likely_false_positives": [
          "'repeated_event_exploitation' is probably a false positive: the reward for contact is already one‑time, so high toggle counts for contact events do not yield extra reward; the agent may still bounce but this is not reward hacking, only a task‑performance issue.",
          "The high toggle counts for events like low_angle are irrelevant to the reward structure and do not indicate exploitation.",
          "The dominance of r_distance does not indicate a hack; it is an expected dense penalty in a landing task."
        ],
        "root_cause_hypotheses": [
          "The schema already mitigated the main exploitation by making the contact bonus one‑time; the remaining low reward is due to the agent’s difficulty in learning a stable landing, not a reward design flaw.",
          "The dense shaping components might be slightly misaligned with the task goal, but this is a tuning issue rather than a critical failure that demands an immediate edit."
        ],
        "edit_need": "optional_edit",
        "confidence": 0.7
      },
      "memory_reflection": {
        "reusable_lessons": [],
        "failed_or_weak_lessons": [],
        "avoid_actions": [],
        "recommended_actions": [],
        "memory_confidence": 0.0
      },
      "reward_editor": {
        "edit_decision": "no_edit",
        "rationale": "The current schema already applies the successful lesson from iter_000_to_001 by making the contact bonus one‑time, which eliminated the previous exploitation. The remaining flags (‘repeated_event_exploitation’ and ‘shaping_goal_mismatch’) are either weak or likely false positives: repeated event toggles do not translate into extra reward, and the shaping mismatch is speculative without clear evidence of a better alternative. Adding further edits risks destabilising the learning process without clear benefit.",
        "expected_effect": "No change; the agent will continue learning under a schema that is free of major reward hacking, albeit with suboptimal dense shaping that may slow convergence but not cause catastrophic failure.",
        "risk_analysis": "If the shaping mismatch is real, the agent might converge to a suboptimal policy (e.g., hovering or repeated bouncing). However, this risk is moderate and can be monitored; premature edits could introduce new exploits or undo the previous fix.",
        "edit_plan": []
      },
      "auditor_check": {
        "approved": true,
        "issues": [],
        "final_action": "no_edit"
      },
      "distilled_lessons": {
        "what_worked": [
          "Converting an event_bonus to a one‑time event rule successfully neutralised repeated event exploitation in the previous iteration."
        ],
        "what_failed": [],
        "avoid_next": [],
        "recommend_next": [
          "Do not automatically trust the ‘repeated_event_exploitation’ flag when the event bonus is already one‑time; the flag may be triggered by benign contact toggles that do not affect the reward.",
          "If shaping‑goal mismatch persists with low task scores, consider a future careful adjustment of dense penalties (e.g., increasing action penalty or adding a time penalty) only after the agent has converged on a policy."
        ],
        "applicability_notes": "This lesson is relevant when an event bonus has been made one‑time and the detector still flags repeating toggles: the flag should be interpreted as a task‑performance indicator rather than a reward‑hack alert."
      }
    }
  }
}