{
  "memory_id": "iter_001_to_002",
  "env_family": "landing_control",
  "failure_modes": [
    "high_reward_low_progress",
    "repeated_event_exploitation",
    "shaping_goal_mismatch"
  ],
  "reward_attribution": {
    "episode_reward_mean": -88.25340437677116,
    "episode_reward_std": 10.91447515239137,
    "component_stats": {
      "r_distance": {
        "sum": -330.58526489215444,
        "abs_sum": 330.58526489215444,
        "mean": -0.931226098287759,
        "std": 0.4075481970494804,
        "min": -1.4394692717462547,
        "max": -0.09559983490623476,
        "ratio": 0.5155188924591687,
        "trigger_rate": 1.0
      },
      "r_velocity": {
        "sum": -181.05928397706103,
        "abs_sum": 181.05928397706103,
        "mean": -0.5100261520480592,
        "std": 0.24376242418287325,
        "min": -0.9829799796264966,
        "max": -0.028397165790219635,
        "ratio": 0.2823461643874369,
        "trigger_rate": 1.0
      },
      "r_angle": {
        "sum": -29.112473014640397,
        "abs_sum": 29.112473014640397,
        "mean": -0.08200696623842366,
        "std": 0.11474913166387349,
        "min": -0.6,
        "max": -0.006041929987259209,
        "ratio": 0.04539836296137054,
        "trigger_rate": 1.0
      },
      "r_energy": {
        "sum": -0.51,
        "abs_sum": 0.51,
        "mean": -0.0014366197183098592,
        "std": 0.006405834476027231,
        "min": -0.03,
        "max": -0.0,
        "ratio": 0.0007953005262952228,
        "trigger_rate": 0.04788732394366197
      },
      "r_contact_one_time": {
        "sum": 100.0,
        "abs_sum": 100.0,
        "mean": 0.28169014084507044,
        "std": 2.3567888071382406,
        "min": 0.0,
        "max": 20.0,
        "ratio": 0.15594127966572993,
        "trigger_rate": 0.014084507042253521
      }
    },
    "dominant_component": "r_distance",
    "dominant_component_ratio": 0.5155188924591687
  },
  "edit_plan": [
    {
      "operator": "add_event_rule",
      "event_rule": {
        "name": "r_stable_contact_bonus",
        "type": "event_bonus",
        "weight": 30.0,
        "condition": {
          "both_contact": true,
          "duration_steps": 3
        },
        "one_time": true,
        "enabled": true
      }
    }
  ],
  "outcome": {
    "status": "pending",
    "before": {
      "task_score": 0.4584439913923587,
      "hack_score": 0.75
    },
    "after": {},
    "delta": {},
    "note": "Pending until the edited schema is trained in the next iteration."
  },
  "lesson": "Task failure due to early‑termination local optimum; structural search to add sustained landing reward and reduce distance penalty.",
  "metadata": {
    "config_path": "configs/eg_rsa_deepseek_memory_test.yml",
    "iteration": 1,
    "validation_errors": [],
    "validation_warnings": [],
    "candidate_evaluation": {
      "accepted_edits": [
        {
          "operator": "add_event_rule",
          "event_rule": {
            "name": "r_stable_contact_bonus",
            "type": "event_bonus",
            "weight": 30.0,
            "condition": {
              "both_contact": true,
              "duration_steps": 3
            },
            "one_time": true,
            "enabled": true
          }
        }
      ],
      "rejected_edits": [],
      "reports": [
        {
          "candidate_type": "terminal_event",
          "estimated_trigger_rate": 0.0028169014084507044,
          "episode_trigger_rate": 0.2,
          "signal_density": "sparse",
          "recommendation": "accept",
          "reason": "Event rule r_stable_contact_bonus has non-zero estimated trigger signal on current rollouts."
        }
      ],
      "warnings": []
    },
    "gate_result": {
      "accepted_edits": [
        {
          "operator": "add_event_rule",
          "event_rule": {
            "name": "r_stable_contact_bonus",
            "type": "event_bonus",
            "weight": 30.0,
            "condition": {
              "both_contact": true,
              "duration_steps": 3
            },
            "one_time": true,
            "enabled": true
          }
        }
      ],
      "rejected_edits": [],
      "warnings": []
    },
    "structural_response": {
      "structural_analysis": {
        "missing_signal_hypothesis": "No reward encourages the agent to maintain stable ground contact after landing; the current one‑time contact bonus does not prevent bouncing, and all dense components are penalties that stifle progress.",
        "why_local_edit_is_insufficient": "Increasing shaping weights or reclipping would not provide a new positive signal; modifying the existing one‑time contact rule cannot enforce sustained stability without a duration gating pattern.",
        "memory_constraints": [
          "Lesson iter_000_to_001 recommends adding a sustained‑contact reward to stabilise landing after one‑time bonus conversion."
        ],
        "safety_constraints": [
          "New rule must be one‑time and/or gated by duration_steps to avoid repeated exploitation.",
          "Only configured events and operators may be used – no environment‑specific variables."
        ]
      },
      "reward_editor": {
        "edit_decision": "edit",
        "next_action": "apply_edit",
        "rationale": "Add a one‑time, duration‑gated bonus for both_contact to reward stable two‑leg ground contact. This directly addresses post‑landing instability without creating a repeatable exploit, and is supported by prior successful lesson card.",
        "edit_plan": [
          {
            "operator": "add_event_rule",
            "event_rule": {
              "name": "r_stable_contact_bonus",
              "type": "event_bonus",
              "weight": 30.0,
              "condition": {
                "both_contact": true,
                "duration_steps": 3
              },
              "one_time": true,
              "enabled": true
            }
          }
        ]
      },
      "auditor_check": {
        "approved": true,
        "issues": [],
        "final_action": "apply_edit"
      },
      "diagnosis": "Dense penalty‑only shaping plus one‑time contact leaves no incentive for stable settling. Adding a sustained both_contact bonus with duration gating closes the guidance gap without introducing new exploits.",
      "edit_plan": [
        {
          "operator": "add_event_rule",
          "event_rule": {
            "name": "r_stable_contact_bonus",
            "type": "event_bonus",
            "weight": 30.0,
            "condition": {
              "both_contact": true,
              "duration_steps": 3
            },
            "one_time": true,
            "enabled": true
          }
        }
      ]
    },
    "experiment_mode": {
      "use_memory": true,
      "use_attribution": true,
      "use_hack_detector": true,
      "use_llm_edit": true,
      "use_operator_constraints": true,
      "free_rewrite": false,
      "one_shot": false
    },
    "edit_generated": true,
    "edit_decision": "need_more_evidence",
    "next_action": "apply_edit",