{
  "memory_id": "iter_001_to_002",
  "env_family": "landing_control",
  "failure_modes": [
    "high_reward_low_progress",
    "repeated_event_exploitation",
    "shaping_goal_mismatch"
  ],
  "reward_attribution": {
    "episode_reward_mean": -12.690068047111012,
    "episode_reward_std": 61.459480374310516,
    "component_stats": {
      "r_distance": {
        "sum": -330.4873769633421,
        "abs_sum": 330.4873769633421,
        "mean": -0.9335801609133958,
        "std": 0.40593947771004196,
        "min": -1.4394692717462547,
        "max": -0.09559983490623476,
        "ratio": 0.3229149124004179,
        "trigger_rate": 1.0
      },
      "r_velocity": {
        "sum": -180.8122022734187,
        "abs_sum": 180.8122022734187,
        "mean": -0.5107689329757591,
        "std": 0.24123161903490054,
        "min": -0.9829799796264966,
        "max": -0.061283385973201786,
        "ratio": 0.1766692482918159,
        "trigger_rate": 1.0
      },
      "r_angle": {
        "sum": -32.150760998794254,
        "abs_sum": 32.150760998794254,
        "mean": -0.09082135875365609,
        "std": 0.11571389309442486,
        "min": -0.6,
        "max": -0.009057891718111931,
        "ratio": 0.03141408990239283,
        "trigger_rate": 1.0
      },
      "r_energy": {
        "sum": 0.0,
        "abs_sum": 0.0,
        "mean": 0.0,
        "std": 0.0,
        "min": -0.0,
        "max": -0.0,
        "ratio": 0.0,
        "trigger_rate": 0.0
      },
      "r_contact": {
        "sum": 480.0,
        "abs_sum": 480.0,
        "mean": 1.3559322033898304,
        "std": 5.0279311776919755,
        "min": 0.0,
        "max": 20.0,
        "ratio": 0.46900174940537354,
        "trigger_rate": 0.06779661016949153
      }
    },
    "dominant_component": "r_contact",
    "dominant_component_ratio": 0.46900174940537354
  },
  "edit_plan": [
    {
      "operator": "convert_to_one_time_event",
      "target": "r_contact"
    }
  ],
  "outcome": {
    "status": "pending",
    "before": {
      "task_score": 0.05828165053533671,
      "hack_score": 0.75
    },
    "after": {},
    "delta": {},
    "note": "Pending until the edited schema is trained in the next iteration."
  },
  "lesson": "The current reward schema contains a clear reward hack: r_contact’s per‑step event bonus encourages repeated contact exploitation. The agent likely avoids engine use to minimise penalties and instead stays on the ground. The fix is to make the contact bonus one‑time.",
  "metadata": {
    "config_path": "configs/eg_rsa_deepseek_memory_test.yml",
    "iteration": 1,
    "validation_errors": [],
    "gate_result": {
      "accepted_edits": [
        {
          "operator": "convert_to_one_time_event",
          "target": "r_contact"
        }
      ],
      "rejected_edits": [],
      "warnings": []
    },
    "structural_response": {},
    "experiment_mode": {
      "use_memory": true,
      "use_attribution": true,
      "use_hack_detector": true,
      "use_llm_edit": true,
      "use_operator_constraints": true,
      "free_rewrite": false,
      "one_shot": false
    },
    "edit_generated": true,
    "edit_decision": "edit",
    "next_action": "apply_edit",
    "agent_analysis": {
      "diagnostic_analysis": {
        "observed_facts": [
          "Episode reward mean is -12.69 with high variance (σ=61.46).",
          "r_contact contributes 46.9% of total absolute reward, though its trigger rate is only 6.78%.",
          "Contact event toggled 8 times per episode, indicating repeated or multiple contacts.",
          "r_energy triggered zero times, suggesting the agent never used engine actions.",
          "All dense shaping components (distance, velocity, angle) have trigger rate 1.0 and consistently negative means."
        ],
        "likely_true_failures": [
          "Repeated event exploitation: r_contact is an unclipped per‑step event_bonus that grants reward each step the lander is in contact, encouraging the agent to maximise contact duration instead of performing a single clean landing."
        ],
        "likely_false_positives": [
          "‘Component dominance’ flag may be a consequence of the repeated bonus rather than an independent issue; r_contact’s high ratio is exactly the symptom of the reward hack."
        ],
        "root_cause_hypotheses": [
          "The r_contact component is defined as a per‑step event_bonus with weight 20.0 and no one‑time or duration constraint. This allows the agent to collect a large positive reward simply by staying on the ground, contrary to the task goal of a fast, efficient landing."
        ],
        "failure_kind": "reward_hack",
        "edit_need": "must_edit",
        "confidence": 0.9
      },
      "memory_reflection": {
        "lesson_assessments": [],
        "reusable_lessons": [],
        "failed_or_weak_lessons": [],
        "avoid_actions": [],
        "recommended_actions": [],
        "memory_confidence": 0.0
      },
      "reward_editor": {
        "edit_decision": "edit",
        "next_action": "apply_edit",
        "rationale": "The dominant reward hack is the unbounded per‑step bonus for the ‘contact’ event. Converting it to a one‑time event aligns the reward with the true goal (successful landing) and removes the incentive to artificially prolong contact. This is a minimal, standard fix that directly addresses the highest‑confidence failure.",
        "expected_effect": "Episode reward sum will decrease initially because the repeated bonus is removed; the one‑time 20.0 bonus will be granted only the first time contact becomes true. The agent will then have to minimise the dense shaping penalties (distance, velocity, angle) by landing quickly and safely. The action penalty will become the sole source of fuel‑efficiency pressure.",
        "risk_analysis": "Removing the repeated bonus may make the learning problem harder: the shaping penalties are all negative, so the agent must learn to land to get the one‑time bonus. If the shaping is not well‑tuned, the agent could converge to a local optimum (e.g., hovering near the pad to keep penalties low). This can be addressed in later iterations if necessary.",
        "edit_plan": [
          {
            "operator": "convert_to_one_time_event",
            "target": "r_contact"
          }
        ]
      },
      "auditor_check": {
        "approved": true,
        "issues": [],
        "final_action": "apply_edit"
      },
      "distilled_lessons": {
        "what_worked": [],
        "what_failed": [],
        "avoid_next": [],
        "recommend_next": [
          "After applying this edit, monitor whether the agent learns to land reliably. If it still struggles, consider adjusting the weights of the dense shaping components or strengthening the action penalty to encourage fuel‑efficient engine use."
        ],
        "applicability_notes": [
          "convert_to_one_time_event is particularly effective for landing tasks where contact should happen at most once per episode."
        ]
      }
    }
  }
}