{
  "memory_id": "iter_001_to_002",
  "env_family": "landing_control",
  "failure_modes": [
    "repeated_event_exploitation",
    "shaping_goal_mismatch"
  ],
  "reward_attribution": {
    "episode_reward_mean": -88.7316213349672,
    "episode_reward_std": 11.268989862222414,
    "component_stats": {
      "r_distance": {
        "sum": -330.49400210080034,
        "abs_sum": 330.49400210080034,
        "mean": -0.9335988759909615,
        "std": 0.40591379928121624,
        "min": -1.4394692717462547,
        "max": -0.09559983490623476,
        "ratio": 0.5134620362480105,
        "trigger_rate": 1.0
      },
      "r_velocity": {
        "sum": -180.70511570499656,
        "abs_sum": 180.70511570499656,
        "mean": -0.510466428545188,
        "std": 0.24146861319823712,
        "min": -0.9829799796264966,
        "max": -0.061283385973201786,
        "ratio": 0.28074705162734076,
        "trigger_rate": 1.0
      },
      "r_angle": {
        "sum": -32.09898886903909,
        "abs_sum": 32.09898886903909,
        "mean": -0.09067510979954545,
        "std": 0.11515142022494725,
        "min": -0.6,
        "max": -0.009057891718111931,
        "ratio": 0.04986962571614888,
        "trigger_rate": 1.0
      },
      "r_energy": {
        "sum": -0.36,
        "abs_sum": 0.36,
        "mean": -0.001016949152542373,
        "std": 0.005429022840015921,
        "min": -0.03,
        "max": -0.0,
        "ratio": 0.0005593031397674377,
        "trigger_rate": 0.03389830508474576
      },
      "r_contact_one_time": {
        "sum": 100.0,
        "abs_sum": 100.0,
        "mean": 0.2824858757062147,
        "std": 2.3600676355034373,
        "min": 0.0,
        "max": 20.0,
        "ratio": 0.15536198326873268,
        "trigger_rate": 0.014124293785310734
      }
    },
    "dominant_component": "r_distance",
    "dominant_component_ratio": 0.5134620362480105
  },
  "edit_plan": [
    {
      "operator": "add_event_rule",
      "event_rule": {
        "name": "r_successful_landing",
        "type": "event_bonus",
        "weight": 20.0,
        "condition": {
          "both_contact": true,
          "near_goal": true,
          "low_vx": true,
          "low_vy": true
        },
        "one_time": true,
        "enabled": true
      }
    }
  ],
  "outcome": {
    "status": "pending",
    "before": {
      "task_score": 0.3080213124189414,
      "hack_score": 0.5
    },
    "after": {},
    "delta": {},
    "note": "Pending until the edited schema is trained in the next iteration."
  },
  "lesson": "Task failure: agent rarely lands. One-time contact bonus insufficient. Adding a proper terminal landing bonus for both_contact, near_goal, low speed should improve learning without exploitation.",
  "metadata": {
    "config_path": "configs/eg_rsa_deepseek_memory_test.yml",
    "iteration": 1,
    "validation_errors": [],
    "gate_result": {
      "accepted_edits": [
        {
          "operator": "add_event_rule",
          "event_rule": {
            "name": "r_successful_landing",
            "type": "event_bonus",
            "weight": 20.0,
            "condition": {
              "both_contact": true,
              "near_goal": true,
              "low_vx": true,
              "low_vy": true
            },
            "one_time": true,
            "enabled": true
          }
        }
      ],
      "rejected_edits": [],
      "warnings": []
    },
    "structural_response": {},
    "experiment_mode": {
      "use_memory": true,
      "use_attribution": true,
      "use_hack_detector": true,
      "use_llm_edit": true,
      "use_operator_constraints": true,
      "free_rewrite": false,
      "one_shot": false
    },
    "edit_generated": true,
    "edit_decision": "edit",
    "next_action": "apply_edit",
    "agent_analysis": {
      "diagnostic_analysis": {
        "observed_facts": [
          "Episode reward mean is -88.73, very poor task performance.",
          "r_distance dominates reward composition (ratio 0.51), r_velocity 0.28, r_angle 0.05, r_energy negligible.",
          "r_contact_one_time (one-time event) contributes ratio 0.155 and fires in only ~1.4% of episodes.",
          "The agent rarely uses engine (r_energy trigger rate 0.034).",
          "repeated_event_exploitation flag is true, but the only event-based reward is one-time; the detector may be seeing harmless toggling of low_angle and contact without reward.",
          "shaping_goal_mismatch flag is true; the dense shaping alone is not guiding the agent to a successful landing.",
          "The agent likely crashes or goes out of bounds in most episodes."
        ],
        "likely_true_failures": [
          "Task failure: the agent fails to learn a stable landing policy; only 1.4% of episodes trigger the one-time contact bonus.",
          "The sole positive reward (contact_one_time) is too sparse and uninformative; it may fire on brief leg contact without a proper landing."
        ],
        "likely_false_positives": [
          "repeated_event_exploitation is likely a detector false positive because the only event reward is already one-time and not being exploited repeatedly.",
          "component_dominance flag is false; ratio 0.51 is below typical dominance threshold."
        ],
        "root_cause_hypotheses": [
          "The reward lacks a clear terminal bonus for a correct landing, making the task too hard to learn from dense penalties alone.",
          "The one-time contact bonus may be awarded on sub-optimal contacts (e.g., one leg touch, crashes) and does not distinguish a stable, successful landing."
        ],
        "failure_kind": "task_failure",
        "edit_need": "optional_edit",
        "confidence": 0.9
      },
      "memory_reflection": {
        "lesson_assessments": [
          {
            "lesson_id": "lesson_iter_000_to_001",
            "quality": "strong",
            "status": "already_applied",
            "reason": "The convert_to_one_time_event edit was applied in the previous iteration and is reflected in the current schema with r_contact_one_time. The hack score improved, but task performance remains poor, indicating that this edit alone was insufficient."
          }
        ],
        "reusable_lessons": [],
        "failed_or_weak_lessons": [],
        "avoid_actions": [
          "Do not revert to per‑step contact bonuses; they were exploited."
        ],
        "recommended_actions": [
          "As suggested by the lesson, add a sparse terminal landing bonus using both legs, near pad, and low speed, or add a duration condition to enforce sustained contact."
        ],
        "memory_confidence": 0.85
      },
      "reward_editor": {
        "edit_decision": "edit",
        "next_action": "apply_edit",
        "rationale": "The current one-time contact bonus is insufficient for learning a proper landing. Following the previous lesson's recommendation, we add a new one-time event rule that rewards a successful landing defined by both legs in contact, near the goal, and low velocities. This provides a clear terminal signal aligned with the task objective, without reintroducing repeated exploitation because it requires multiple conditions simultaneously.",
        "expected_effect": "The agent will receive a sparse but well-defined positive reward when it performs a successful landing (both legs down, near pad, low speed). This should increase the landing rate and episode reward mean. Dense penalties still guide overall approach.",
        "risk_analysis": "The new bonus might be too sparse, making learning slow, but the dense shaping penalties provide intermediate feedback. There is a minor risk that the agent learns to satisfy the conditions only partially (e.g., low velocity but still crashing), but the requirement for both_contact and near_goal should align with the intended landing state.",
        "edit_plan": [
          {
            "operator": "add_event_rule",