{
  "memory_id": "iter_001_to_002",
  "env_family": "landing_control",
  "failure_modes": [
    "high_reward_low_progress",
    "repeated_event_exploitation",
    "shaping_goal_mismatch"
  ],
  "reward_attribution": {
    "episode_reward_mean": -107.1801805785351,
    "episode_reward_std": 11.806797984188231,
    "component_stats": {
      "r_distance": {
        "sum": -325.0366211224482,
        "abs_sum": 325.0366211224482,
        "mean": -0.9476286330100531,
        "std": 0.40454127381490235,
        "min": -1.4391985051635716,
        "max": -0.084840650641594,
        "ratio": 0.6065237422963431,
        "trigger_rate": 1.0
      },
      "r_velocity": {
        "sum": -176.81688608587496,
        "abs_sum": 176.81688608587496,
        "mean": -0.5155011256147958,
        "std": 0.25126037670125007,
        "min": -0.9747601760918194,
        "max": -0.0400724854624509,
        "ratio": 0.3299432509470682,
        "trigger_rate": 1.0
      },
      "r_angle": {
        "sum": -23.757395684352296,
        "abs_sum": 23.757395684352296,
        "mean": -0.06926354426924868,
        "std": 0.05361247499015504,
        "min": -0.6,
        "max": -0.0021690186214158302,
        "ratio": 0.044331695573035165,
        "trigger_rate": 1.0
      },
      "r_energy": {
        "sum": -10.290000000000001,
        "abs_sum": 10.290000000000001,
        "mean": -0.030000000000000002,
        "std": 3.469446951953614e-18,
        "min": -0.03,
        "max": -0.03,
        "ratio": 0.019201311183573388,
        "trigger_rate": 1.0
      }
    },
    "dominant_component": "r_distance",
    "dominant_component_ratio": 0.6065237422963431
  },
  "edit_plan": [],
  "outcome": {
    "status": "not_applicable",
    "before": {
      "task_score": 0.05820410566660059,
      "hack_score": 0.75
    },
    "after": {},
    "delta": {},
    "note": "No edit was generated for this iteration."
  },
  "lesson": "The disabled contact bonus eliminated the known reward hack, but the agent still fails to land properly due to insufficient positive guidance. Hack flags are likely false positives; focus is now on structural improvements to reward design.",
  "metadata": {
    "config_path": "configs/eg_rsa_deepseek_memory_test.yml",
    "iteration": 1,
    "validation_errors": [
      "LLM chose no_edit with next_action=structural_search; no schema edit applied."
    ],
    "gate_result": {},
    "experiment_mode": {
      "use_memory": true,
      "use_attribution": true,
      "use_hack_detector": true,
      "use_llm_edit": true,
      "use_operator_constraints": true,
      "free_rewrite": false,
      "one_shot": false
    },
    "edit_generated": true,
    "edit_decision": "no_edit",
    "next_action": "structural_search",
    "agent_analysis": {
      "diagnostic_analysis": {
        "observed_facts": [
          "Episode reward mean is -107.18, standard deviation 11.81.",
          "r_distance is dominant with ratio 0.606; r_velocity ratio 0.330; r_angle ratio 0.044; r_energy ratio 0.019.",
          "r_contact is disabled (enabled: false) in current schema.",
          "Hack flags: high_reward_low_progress true, repeated_event_exploitation true, shaping_goal_mismatch true; component_dominance false.",
          "Suspected components list is empty.",
          "Repeated event toggles reported (max low_vx toggles 16) but no reward component corresponds."
        ],
        "likely_true_failures": [
          "task_failure: Agent does not complete landing successfully; purely negative dense reward may provide weak positive guidance, leading to poor task progress."
        ],
        "likely_false_positives": [
          "repeated_event_exploitation flag is likely false positive because the component that rewarded events (r_contact) is disabled and no other event rewards exist.",
          "high_reward_low_progress flag is likely false positive given the actual low reward (-107) and no evidence of current reward hacking (suspected_components empty).",
          "shaping_goal_mismatch may be partly real (no explicit terminal reward) but is not causing a reward hack."
        ],
        "root_cause_hypotheses": [
          "Lack of positive terminal reward discourages successful landing; the agent receives only dense penalties, which may encourage crashing early to minimize cumulative penalty rather than attempting a precise landing.",
          "The previous removal of the exploitable contact bonus eliminated a hack but left no positive signal for the desired final state."
        ],
        "failure_kind": "task_failure",
        "edit_need": "optional_edit",
        "confidence": 0.7
      },
      "memory_reflection": {
        "lesson_assessments": [
          {
            "lesson_id": "lesson_iter_000_to_001",
            "quality": "weak",
            "status": "already_applied",
            "reason": "The lesson recommended disabling r_contact, which is already applied in the current schema. The measured outcome (task delta near zero, hack delta zero) shows that the edit alone did not improve task performance. Therefore, the lesson is already absorbed and not reusable for further improvement."
          }
        ],
        "reusable_lessons": [],
        "failed_or_weak_lessons": [
          "lesson_iter_000_to_001"
        ],
        "avoid_actions": [
          "Re‑enable r_contact or add any unprotected event‑bonus component without proper gating (e.g., one‑time terminal semantics)."
        ],
        "recommended_actions": [
          "Perform a structural search to explore adding a non‑exploitable one‑time landing reward (e.g., via an event rule with a terminal condition) or to introduce new operator types that can create such a component."
        ],
        "memory_confidence": 0.6
      },
      "reward_editor": {
        "edit_decision": "no_edit",
        "next_action": "structural_search",
        "rationale": "The current schema has removed the known exploit but fails to guide the agent to successful landing due to the absence of a positive terminal reward. The available edit operators do not support adding a properly gated one‑time landing bonus (e.g., a terminal event rule). Therefore, a structural search is the appropriate next step to investigate design patterns or new operator types that can provide a non‑exploitable positive reward.",
        "expected_effect": "The structural search may yield a new operator or schema capability (e.g., adding a one‑time event rule) that allows the reward to include a conclusive landing bonus, improving task learning without reintroducing repeated‑event exploitation.",
        "risk_analysis": "Without a positive signal, the agent may continue to fail at the task. However, any edit attempted now could inadvertently create new exploits or waste training iterations. The structural search is a safer, more informed path.",
        "edit_plan": []
      },
      "auditor_check": {
        "approved": true,
        "issues": [],
        "final_action": "structural_search"
      },
      "distilled_lessons": {
        "what_worked": [],
        "what_failed": [
          "Simply disabling the exploitable contact bonus without adding alternative positive guidance did not improve task performance (task delta ~0)."
        ],
        "avoid_next": [
          "Do not reintroduce unprotected event bonuses that can fire repeatedly; if a one‑time landing reward is needed, it must be structurally gated (terminal or first‑time only)."
        ],
        "recommend_next": [
          "Pursue structural search for a one‑time landing reward mechanism, either via a new operator or by extending the event‑rule schema to support terminal events."
        ],