{
  "note": "Post-hoc oracle reward evaluation only. Not used by EG-RSA reward search.",
  "env_id": "LunarLander-v3",
  "num_episodes": 5,
  "return_mean": -122.73221951734065,
  "return_std": 16.463256618571744,
  "episode_length_mean": 58.2,
  "episode_returns": [
    -105.65681251217592,
    -127.65672545885232,
    -110.36514220014392,
    -152.10645886622493,
    -117.87595854930609
  ],
  "episode_lengths": [
    54,
    55,
    62,
    69,
    51
  ]
}