{
  "note": "Post-hoc oracle reward evaluation only. Not used by EG-RSA reward search.",
  "env_id": "LunarLander-v3",
  "num_episodes": 5,
  "return_mean": -32.40479545014496,
  "return_std": 29.974628449960452,
  "episode_length_mean": 1000.0,
  "episode_returns": [
    -39.67515962458938,
    -8.87775547603115,
    -85.68464077314127,
    -27.34520849502286,
    -0.4412128819401726
  ],
  "episode_lengths": [
    1000,
    1000,
    1000,
    1000,
    1000
  ]
}