{
  "note": "Post-hoc oracle reward evaluation only. Not used by EG-RSA reward search.",
  "env_id": "LunarLander-v3",
  "num_episodes": 5,
  "return_mean": -114.20200891371219,
  "return_std": 11.094257976166759,
  "episode_length_mean": 57.6,
  "episode_returns": [
    -127.1460591443464,
    -99.32143301888755,
    -107.02220671306358,
    -126.92502276403656,
    -110.59532292822678
  ],
  "episode_lengths": [
    53,
    54,
    62,
    69,
    50
  ]
}