{
  "note": "Post-hoc oracle reward evaluation only. Not used by EG-RSA reward search.",
  "env_id": "LunarLander-v3",
  "num_episodes": 5,
  "return_mean": -190.35565097401607,
  "return_std": 111.04858019882458,
  "episode_length_mean": 63.0,
  "episode_returns": [
    -134.69425580115643,
    -399.594581774934,
    -109.66801962434874,
    -100.93498826904809,
    -206.88640940059315
  ],
  "episode_lengths": [
    53,
    79,
    62,
    70,
    51
  ]
}