{
  "attribution": {
    "episode_reward_mean": 836.6003783745595,
    "episode_reward_std": 55.23139844041506,
    "component_stats": {
      "r_approach_region": {
        "sum": 783.9548939480887,
        "abs_sum": 783.9548939480887,
        "mean": 0.08348827411587739,
        "std": 0.016633831146840868,
        "min": 0.023856688233202993,
        "max": 0.09000000000000001,
        "ratio": 0.08982928628063812,
        "trigger_rate": 1.0
      },
      "r_approach_progress": {
        "sum": 43.02137745705866,
        "abs_sum": 43.02137745705866,
        "mean": 0.004581616342604756,
        "std": 0.01176054320878612,
        "min": 0.0,
        "max": 0.08078854228492705,
        "ratio": 0.0049295943703024005,
        "trigger_rate": 0.15835995740149095
      },
      "r_stability": {
        "sum": 653.9906553574575,
        "abs_sum": 653.9906553574575,
        "mean": 0.06964756713071965,
        "std": 0.015489147497769844,
        "min": 0.021187597296950175,
        "max": 0.09980762270223832,
        "ratio": 0.0749373647112627,
        "trigger_rate": 1.0
      },
      "r_landing_quality": {
        "sum": 1205.6168569829872,
        "abs_sum": 1205.6168569829872,
        "mean": 0.128393701489136,
        "std": 0.04828432110617104,
        "min": 0.008627857675372223,
        "max": 0.19961524540447664,
        "ratio": 0.13814532267957141,
        "trigger_rate": 1.0
      },
      "r_energy": {
        "sum": -180.57999999999998,
        "abs_sum": 180.57999999999998,
        "mean": -0.01923109691160809,
        "std": 0.0038453673177603616,
        "min": -0.02,
        "max": -0.0,
        "ratio": 0.020691716630359812,
        "trigger_rate": 0.9615548455804047
      },
      "r_safe_contact_once": {
        "sum": 100.0,
        "abs_sum": 100.0,
        "mean": 0.010649627263045794,
        "std": 0.32616385156791383,
        "min": 0.0,
        "max": 10.0,
        "ratio": 0.011458476370782929,
        "trigger_rate": 0.0010649627263045794
      },
      "r_stable_landing_once": {
        "sum": 5760.0,
        "abs_sum": 5760.0,
        "mean": 0.6134185303514377,
        "std": 18.787037850311833,
        "min": 0.0,
        "max": 576.0,
        "ratio": 0.6600082389570967,
        "trigger_rate": 0.0010649627263045794
      }
    },
    "dominant_component": "r_stable_landing_once",
    "dominant_component_ratio": 0.6600082389570967
  },
  "diagnostics": {
    "hack_flags": {
      "high_reward_low_progress": false,
      "component_dominance": false,
      "repeated_event_exploitation": false,
      "shaping_goal_mismatch": false,
      "terminal_success_dominance": false,
      "unstable_contact_behavior": true,
      "reward_repetition_risk": false
    },
    "failure_modes": [],
    "hack_score": 0.0,
    "suspected_components": [],
    "dominant_component": "r_stable_landing_once",
    "dominant_component_ratio": 0.6600082389570967,
    "raw_component_dominance": false,
    "benign_terminal_dominance": false,
    "repeated_event_details": {
      "flag": true,
      "event_toggle_counts": {
        "landing_region": 10,
        "left_contact": 1092,
        "contact": 1134,
        "safe_contact": 1440,
        "right_contact": 1247,
        "both_contact": 1179,
        "stable_both_contact": 1227,
        "stable_landing_condition": 1227
      },
      "max_event": "safe_contact",
      "max_toggle_count": 1440
    },
    "semantic_notes": [
      "contact_or_landing_toggles_observed_but_not_repeated_reward_exploitation"
    ]
  },
  "semantic_outcome": {
    "episode_count": 10,
    "semantic_score": 4.2076205656670425,
    "success_episode_rate": 1.0,
    "terminal_reward_paid_episode_rate": 1.0,
    "terminal_reward_payment_count_mean": 1.0,
    "terminal_reward_payment_count_max": 1,
    "safe_contact_episode_rate": 1.0,
    "stable_landing_episode_rate": 1.0,
    "progress_score_mean": 0.8015205656670418,
    "progress_score_std": 0.11258387332956217,
    "episode_length_mean": 939.0,
    "episode_length_std": 183.0,
    "contact_toggle_mean": 146.0,
    "contact_toggle_max": 202.0,
    "reward_repetition_risk": false,
    "one_time_repeat_violations": [],
    "terminal_goal_evidence": true,
    "unstable_contact_behavior": true,
    "event_rule_payment_stats": {
      "r_stable_landing_once": {
        "episode_payment_counts": [
          1,
          1,
          1,
          1,
          1,
          1,
          1,
          1,
          1,
          1
        ],
        "episode_paid_rate": 1.0,
        "payment_count_mean": 1.0,
        "payment_count_max": 1,
        "one_time": true
      }
    },
    "terminal_rule_names": [
      "r_stable_landing_once"
    ],
    "one_time_rule_names": [
      "r_safe_contact_once",
      "r_stable_landing_once"
    ],
    "semantic_risks": [
      "unstable_contact_behavior",
      "terminal_goal_evidence_present"
    ]
  },
  "experiment_mode": {
    "use_memory": true,
    "use_attribution": true,
    "use_hack_detector": true,
    "use_llm_edit": true,
    "use_operator_constraints": true,
    "free_rewrite": false,
    "one_shot": false
  }
}