{
  "eval_generated_return": -7.140598802917998,
  "eval_hidden_return": -111.62934358580915,
  "eval_episode_length": 65.8,
  "component_returns": {
    "distance_reward": -15.06722153755722,
    "velocity_penalty": -18.27057262054021,
    "angle_penalty": -1.3028046448205715,
    "fuel_efficiency": 0.0,
    "terminal": 27.5
  },
  "diagnostics": {
    "generated_private_gap": 104.48874478289116,
    "action_mean": 1.2340425531914894,
    "action_std": 1.2462450877969065,
    "episode_length_mean": 65.8,
    "component_returns": {
      "distance_reward": -15.06722153755722,
      "velocity_penalty": -18.27057262054021,
      "angle_penalty": -1.3028046448205715,
      "fuel_efficiency": 0.0,
      "terminal": 27.5
    },
    "ppo_n_envs": 1,
    "ppo_vec_env_type": "dummy",
    "ppo_total_timesteps": 2000000,
    "ppo_n_steps": 1024,
    "ppo_batch_size": 64,
    "ppo_n_epochs": 4,
    "ppo_gae_lambda": 0.98,
    "ppo_gamma": 0.999,
    "ppo_ent_coef": 0.01,
    "ppo_learning_rate": 0.0003,
    "ppo_clip_range": 0.2,
    "ppo_vf_coef": 0.5,
    "ppo_max_grad_norm": 0.5
  }
}