{
  "attribution": {
    "episode_reward_mean": 55.97199505566814,
    "episode_reward_std": 1.5516595170217056,
    "component_stats": {
      "r_approach_progress": {
        "sum": 21.600692531307352,
        "abs_sum": 21.600692531307352,
        "mean": 0.05023416867745896,
        "std": 0.07812471186172446,
        "min": 0.0,
        "max": 0.38074819103794955,
        "ratio": 0.06322795993064885,
        "trigger_rate": 0.7651162790697674
      },
      "r_stability": {
        "sum": 10.946172996514772,
        "abs_sum": 10.946172996514772,
        "mean": 0.025456216270964584,
        "std": 0.014130649588766248,
        "min": 0.0027015391615498267,
        "max": 0.06282786510513243,
        "ratio": 0.03204083325636309,
        "trigger_rate": 1.0
      },
      "r_landing_quality": {
        "sum": 6.18510480618669,
        "abs_sum": 6.18510480618669,
        "mean": 0.014383964665550442,
        "std": 0.00812412680877318,
        "min": 0.004570859681811738,
        "max": 0.08435579503440653,
        "ratio": 0.018104584299120458,
        "trigger_rate": 1.0
      },
      "r_energy": {
        "sum": -2.9000000000000004,
        "abs_sum": 2.9000000000000004,
        "mean": -0.006744186046511629,
        "std": 0.009455140162909824,
        "min": -0.02,
        "max": -0.0,
        "ratio": 0.00848866690422652,
        "trigger_rate": 0.3372093023255814
      },
      "r_safe_contact_once": {
        "sum": 0.0,
        "abs_sum": 0.0,
        "mean": 0.0,
        "std": 0.0,
        "min": 0.0,
        "max": 0.0,
        "ratio": 0.0,
        "trigger_rate": 0.0
      },
      "r_stable_landing_once": {
        "sum": 0.0,
        "abs_sum": 0.0,
        "mean": 0.0,
        "std": 0.0,
        "min": 0.0,
        "max": 0.0,
        "ratio": 0.0,
        "trigger_rate": 0.0
      },
      "r_landing_region_entry_once": {
        "sum": 300.0,
        "abs_sum": 300.0,
        "mean": 0.6976744186046512,
        "std": 5.864893122287671,
        "min": 0.0,
        "max": 50.0,
        "ratio": 0.8781379556096399,
        "trigger_rate": 0.013953488372093023
      }
    },
    "dominant_component": "r_landing_region_entry_once",
    "dominant_component_ratio": 0.8781379556096399
  },
  "diagnostics": {
    "hack_flags": {
      "high_reward_low_progress": false,
      "component_dominance": true,
      "repeated_event_exploitation": false,
      "shaping_goal_mismatch": true,
      "terminal_success_dominance": false,
      "unstable_contact_behavior": false,
      "reward_repetition_risk": false
    },
    "failure_modes": [
      "single_component_dominance",
      "shaping_goal_mismatch"
    ],
    "hack_score": 0.4,
    "suspected_components": [
      "r_landing_region_entry_once"
    ],
    "dominant_component": "r_landing_region_entry_once",
    "dominant_component_ratio": 0.8781379556096399,
    "raw_component_dominance": true,
    "benign_terminal_dominance": false,
    "repeated_event_details": {
      "flag": true,
      "event_toggle_counts": {
        "landing_region": 6,
        "right_contact": 4,
        "contact": 4,
        "left_contact": 3,
        "both_contact": 3
      },
      "max_event": "landing_region",
      "max_toggle_count": 6
    },
    "semantic_notes": []
  },
  "semantic_outcome": {
    "episode_count": 6,
    "semantic_score": 1.1006574254878665,
    "success_episode_rate": 0.0,
    "terminal_reward_paid_episode_rate": 1.0,
    "terminal_reward_payment_count_mean": 1.0,
    "terminal_reward_payment_count_max": 1,
    "safe_contact_episode_rate": 0.0,
    "stable_landing_episode_rate": 0.0,
    "progress_score_mean": 0.10782409215453326,
    "progress_score_std": 0.14093012786176323,
    "episode_length_mean": 71.66666666666667,
    "episode_length_std": 10.71862346054235,
    "contact_toggle_mean": 2.5,
    "contact_toggle_max": 6.0,
    "reward_repetition_risk": false,
    "one_time_repeat_violations": [],
    "terminal_goal_evidence": true,
    "unstable_contact_behavior": false,
    "event_rule_payment_stats": {
      "r_stable_landing_once": {
        "episode_payment_counts": [
          0,
          0,
          0,
          0,
          0,
          0
        ],
        "episode_paid_rate": 0.0,
        "payment_count_mean": 0.0,
        "payment_count_max": 0,
        "one_time": true
      },
      "r_landing_region_entry_once": {
        "episode_payment_counts": [
          1,
          1,
          1,
          1,
          1,
          1
        ],
        "episode_paid_rate": 1.0,
        "payment_count_mean": 1.0,
        "payment_count_max": 1,
        "one_time": true
      }
    },
    "terminal_rule_names": [
      "r_landing_region_entry_once",
      "r_stable_landing_once"
    ],
    "one_time_rule_names": [
      "r_landing_region_entry_once",
      "r_safe_contact_once",
      "r_stable_landing_once"
    ],
    "semantic_risks": [
      "terminal_goal_evidence_present"
    ]
  },
  "experiment_mode": {
    "use_memory": true,
    "use_attribution": true,
    "use_hack_detector": true,
    "use_llm_edit": true,
    "use_operator_constraints": true,
    "free_rewrite": false,
    "one_shot": false
  }
}