{
  "note": "Post-hoc oracle reward evaluation only. Not used by EG-RSA reward search.",
  "env_id": "LunarLander-v3",
  "num_episodes": 10,
  "return_mean": -304.237604796611,
  "return_std": 161.1882136686126,
  "episode_length_mean": 64.7,
  "episode_returns": [
    -127.1460591443464,
    -320.53053470916825,
    -107.02220671306358,
    -398.9640454577677,
    -229.06718560242084,
    -132.19796188238448,
    -390.84290352112464,
    -577.0568908428716,
    -218.94516686965034,
    -540.603093223312
  ],
  "episode_lengths": [
    53,
    58,
    62,
    65,
    53,
    81,
    68,
    76,
    55,
    76
  ]
}