{
  "attribution": {
    "episode_reward_mean": 3105.498156207806,
    "episode_reward_std": 263.41798930577346,
    "component_stats": {
      "r_approach_region": {
        "sum": 6044.803408527466,
        "abs_sum": 6044.803408527466,
        "mean": 1.0074672347545777,
        "std": 0.15813552887010457,
        "min": 0.2797852067075733,
        "max": 1.0499999999999998,
        "ratio": 0.3216493110713493,
        "trigger_rate": 1.0
      },
      "r_approach_progress": {
        "sum": 8.742816526866218,
        "abs_sum": 8.742816526866218,
        "mean": 0.0014571360878110364,
        "std": 0.00641923572170062,
        "min": 0.0,
        "max": 0.07116549464278599,
        "ratio": 0.0004652129643658284,
        "trigger_rate": 0.08333333333333333
      },
      "r_stability": {
        "sum": 4546.285831760465,
        "abs_sum": 4546.285831760465,
        "mean": 0.7577143052934109,
        "std": 0.15401848160654885,
        "min": 0.19464622720546826,
        "max": 0.9821448839489294,
        "ratio": 0.2419118715517356,
        "trigger_rate": 1.0
      },
      "r_landing_quality": {
        "sum": 8113.236880432047,
        "abs_sum": 8113.236880432047,
        "mean": 1.3522061467386746,
        "std": 0.48076686946727953,
        "min": 0.09715991082071329,
        "max": 1.9642897678978588,
        "ratio": 0.431712477111864,
        "trigger_rate": 1.0
      },
      "r_energy": {
        "sum": -80.08,
        "abs_sum": 80.08,
        "mean": -0.013346666666666666,
        "std": 0.009423365758699077,
        "min": -0.02,
        "max": -0.0,
        "ratio": 0.004261127300559856,
        "trigger_rate": 0.6673333333333333
      },
      "r_safe_contact_once": {
        "sum": 0.0,
        "abs_sum": 0.0,
        "mean": 0.0,
        "std": 0.0,
        "min": 0.0,
        "max": 0.0,
        "ratio": 0.0,
        "trigger_rate": 0.0
      },
      "r_stable_landing_once": {
        "sum": 0.0,
        "abs_sum": 0.0,
        "mean": 0.0,
        "std": 0.0,
        "min": 0.0,
        "max": 0.0,
        "ratio": 0.0,
        "trigger_rate": 0.0
      }
    },
    "dominant_component": "r_landing_quality",
    "dominant_component_ratio": 0.431712477111864
  },
  "diagnostics": {
    "hack_flags": {
      "high_reward_low_progress": false,
      "component_dominance": false,
      "repeated_event_exploitation": true,
      "shaping_goal_mismatch": true,
      "terminal_success_dominance": false,
      "unstable_contact_behavior": true,
      "reward_repetition_risk": false
    },
    "failure_modes": [
      "repeated_event_exploitation",
      "shaping_goal_mismatch"
    ],
    "hack_score": 0.4,
    "suspected_components": [],
    "dominant_component": "r_landing_quality",
    "dominant_component_ratio": 0.431712477111864,
    "raw_component_dominance": false,
    "benign_terminal_dominance": false,
    "repeated_event_details": {
      "flag": true,
      "event_toggle_counts": {
        "landing_region": 6
      },
      "max_event": "landing_region",
      "max_toggle_count": 6
    },
    "semantic_notes": []
  },
  "semantic_outcome": {
    "episode_count": 6,
    "semantic_score": 0.6648771004699899,
    "success_episode_rate": 0.0,
    "terminal_reward_paid_episode_rate": 0.0,
    "terminal_reward_payment_count_mean": 0.0,
    "terminal_reward_payment_count_max": 0,
    "safe_contact_episode_rate": 0.0,
    "stable_landing_episode_rate": 0.0,
    "progress_score_mean": 0.7648771004699899,
    "progress_score_std": 0.18939056018073605,
    "episode_length_mean": 1000.0,
    "episode_length_std": 0.0,
    "contact_toggle_mean": 528.1666666666666,
    "contact_toggle_max": 562.0,
    "reward_repetition_risk": false,
    "one_time_repeat_violations": [],
    "terminal_goal_evidence": false,
    "unstable_contact_behavior": true,
    "event_rule_payment_stats": {
      "r_stable_landing_once": {
        "episode_payment_counts": [
          0,
          0,
          0,
          0,
          0,
          0
        ],
        "episode_paid_rate": 0.0,
        "payment_count_mean": 0.0,
        "payment_count_max": 0,
        "one_time": true
      }
    },
    "terminal_rule_names": [
      "r_stable_landing_once"
    ],
    "one_time_rule_names": [
      "r_safe_contact_once",
      "r_stable_landing_once"
    ],
    "semantic_risks": [
      "unstable_contact_behavior"
    ]
  },
  "experiment_mode": {
    "use_memory": true,
    "use_attribution": true,
    "use_hack_detector": true,
    "use_llm_edit": true,
    "use_operator_constraints": true,
    "free_rewrite": false,
    "one_shot": false
  }
}