{
  "note": "Post-hoc oracle reward evaluation only. Not used by EG-RSA reward search.",
  "env_id": "LunarLander-v3",
  "num_episodes": 10,
  "return_mean": -6.095022958976632,
  "return_std": 26.480712077946556,
  "episode_length_mean": 1000.0,
  "episode_returns": [
    -16.161227010344575,
    19.197281036313548,
    -65.12005354783005,
    2.0178973250281453,
    18.765033068319276,
    -41.653942569422384,
    0.09237770473369888,
    3.466170606376128,
    -1.7319729757995885,
    20.17820677285949
  ],
  "episode_lengths": [
    1000,
    1000,
    1000,
    1000,
    1000,
    1000,
    1000,
    1000,
    1000,
    1000
  ]
}