{
  "attribution": {
    "episode_reward_mean": 2088.0519480673406,
    "episode_reward_std": 89.43595082322082,
    "component_stats": {
      "r_approach_region": {
        "sum": 3683.1562089034524,
        "abs_sum": 3683.1562089034524,
        "mean": 0.6138593681505754,
        "std": 0.14139450496718278,
        "min": 0.19989121317642278,
        "max": 0.75,
        "ratio": 0.28846070637887655,
        "trigger_rate": 1.0
      },
      "r_approach_progress": {
        "sum": 11.015741962430386,
        "abs_sum": 11.015741962430386,
        "mean": 0.0018359569937383977,
        "std": 0.001953256153450853,
        "min": 0.0,
        "max": 0.008255711248638775,
        "ratio": 0.0008627406842231483,
        "trigger_rate": 0.6488333333333334
      },
      "r_stability": {
        "sum": 4426.264419510209,
        "abs_sum": 4426.264419510209,
        "mean": 0.7377107365850349,
        "std": 0.11892353417844509,
        "min": 0.2672132065821587,
        "max": 0.9894932348383884,
        "ratio": 0.34666011666437907,
        "trigger_rate": 1.0
      },
      "r_landing_quality": {
        "sum": 4527.875318027951,
        "abs_sum": 4527.875318027951,
        "mean": 0.7546458863379918,
        "std": 0.24772115946945875,
        "min": 0.10228896342903722,
        "max": 1.2057911645396835,
        "ratio": 0.3546181694592527,
        "trigger_rate": 1.0
      },
      "r_energy": {
        "sum": -120.0,
        "abs_sum": 120.0,
        "mean": -0.02,
        "std": 0.0,
        "min": -0.02,
        "max": -0.02,
        "ratio": 0.009398266813063254,
        "trigger_rate": 1.0
      },
      "r_safe_contact_once": {
        "sum": 0.0,
        "abs_sum": 0.0,
        "mean": 0.0,
        "std": 0.0,
        "min": 0.0,
        "max": 0.0,
        "ratio": 0.0,
        "trigger_rate": 0.0
      },
      "r_stable_landing_once": {
        "sum": 0.0,
        "abs_sum": 0.0,
        "mean": 0.0,
        "std": 0.0,
        "min": 0.0,
        "max": 0.0,
        "ratio": 0.0,
        "trigger_rate": 0.0
      }
    },
    "dominant_component": "r_landing_quality",
    "dominant_component_ratio": 0.3546181694592527
  },
  "diagnostics": {
    "hack_flags": {
      "high_reward_low_progress": false,
      "component_dominance": false,
      "repeated_event_exploitation": false,
      "shaping_goal_mismatch": true,
      "terminal_success_dominance": false,
      "unstable_contact_behavior": true,
      "reward_repetition_risk": false
    },
    "failure_modes": [
      "shaping_goal_mismatch"
    ],
    "hack_score": 0.2,
    "suspected_components": [],
    "dominant_component": "r_landing_quality",
    "dominant_component_ratio": 0.3546181694592527,
    "raw_component_dominance": false,
    "benign_terminal_dominance": false,
    "repeated_event_details": {
      "flag": false,
      "event_toggle_counts": {},
      "max_event": null,
      "max_toggle_count": 0
    },
    "semantic_notes": [
      "contact_or_landing_toggles_observed_but_not_repeated_reward_exploitation"
    ]
  },
  "semantic_outcome": {
    "episode_count": 6,
    "semantic_score": 0.3629411336110425,
    "success_episode_rate": 0.0,
    "terminal_reward_paid_episode_rate": 0.0,
    "terminal_reward_payment_count_mean": 0.0,
    "terminal_reward_payment_count_max": 0,
    "safe_contact_episode_rate": 0.0,
    "stable_landing_episode_rate": 0.0,
    "progress_score_mean": 0.46294113361104255,
    "progress_score_std": 0.03779532833316144,
    "episode_length_mean": 1000.0,
    "episode_length_std": 0.0,
    "contact_toggle_mean": 13.333333333333334,
    "contact_toggle_max": 23.0,
    "reward_repetition_risk": false,
    "one_time_repeat_violations": [],
    "terminal_goal_evidence": false,
    "unstable_contact_behavior": true,
    "event_rule_payment_stats": {
      "r_stable_landing_once": {
        "episode_payment_counts": [
          0,
          0,
          0,
          0,
          0,
          0
        ],
        "episode_paid_rate": 0.0,
        "payment_count_mean": 0.0,
        "payment_count_max": 0,
        "one_time": true
      }
    },
    "terminal_rule_names": [
      "r_stable_landing_once"
    ],
    "one_time_rule_names": [
      "r_safe_contact_once",
      "r_stable_landing_once"
    ],
    "semantic_risks": [
      "unstable_contact_behavior"
    ]
  },
  "experiment_mode": {
    "use_memory": true,
    "use_attribution": true,
    "use_hack_detector": true,
    "use_llm_edit": true,
    "use_operator_constraints": true,
    "free_rewrite": false,
    "one_shot": false
  }
}