{
  "note": "Post-hoc oracle reward evaluation only. Not used by EG-RSA reward search.",
  "env_id": "LunarLander-v3",
  "num_episodes": 6,
  "return_mean": -38.59998682026479,
  "return_std": 25.46364678527436,
  "episode_length_mean": 1000.0,
  "episode_returns": [
    -45.45214983924947,
    -6.79187839852963,
    -76.39436550181743,
    -31.784682568577903,
    -9.71687932394925,
    -61.45996528946503
  ],
  "episode_lengths": [
    1000,
    1000,
    1000,
    1000,
    1000,
    1000
  ]
}