{
  "attribution": {
    "episode_reward_mean": 480.8731637041276,
    "episode_reward_std": 206.65219825684184,
    "component_stats": {
      "r_center_guidance": {
        "sum": 675.3871035399613,
        "abs_sum": 675.3871035399613,
        "mean": 0.13284561438630238,
        "std": 0.0577097106771705,
        "min": 0.0,
        "max": 0.1999603271498927,
        "ratio": 0.19417652611978048,
        "trigger_rate": 0.9321400472069237
      },
      "r_stability": {
        "sum": -128.94532908658942,
        "abs_sum": 128.94532908658942,
        "mean": -0.02536296795566275,
        "std": 0.03030604856753253,
        "min": -0.5,
        "max": -9.526731082587503e-05,
        "ratio": 0.0370723040611396,
        "trigger_rate": 1.0
      },
      "r_vertical_safety": {
        "sum": -9.041129001489026,
        "abs_sum": 9.041129001489026,
        "mean": -0.0017783495282236478,
        "std": 0.016342097337419197,
        "min": -0.32720068097114563,
        "max": 0.0,
        "ratio": 0.0025993611848794573,
        "trigger_rate": 0.04956726986624705
      },
      "r_fuel_penalty": {
        "sum": -158.5,
        "abs_sum": 158.5,
        "mean": -0.031176239181746657,
        "std": 0.02422507109524877,
        "min": -0.05,
        "max": -0.0,
        "ratio": 0.04556939158102268,
        "trigger_rate": 0.6235247836349331
      },
      "r_descent_guidance": {
        "sum": 2506.2683367729187,
        "abs_sum": 2506.2683367729187,
        "mean": 0.4929717420875135,
        "std": 0.03520446312869774,
        "min": 0.24942421913146973,
        "max": 0.5,
        "ratio": 0.7205622917698647,
        "trigger_rate": 1.0
      },
      "r_contact_stability": {
        "sum": 0.07,
        "abs_sum": 0.07,
        "mean": 1.3768686073957515e-05,
        "std": 0.00037080626211456036,
        "min": 0.0,
        "max": 0.010000000000000002,
        "ratio": 2.012528334808573e-05,
        "trigger_rate": 0.0013768686073957514
      },
      "r_landing_success": {
        "sum": 0.0,
        "abs_sum": 0.0,
        "mean": 0.0,
        "std": 0.0,
        "min": 0.0,
        "max": 0.0,
        "ratio": 0.0,
        "trigger_rate": 0.0
      },
      "r_crash": {
        "sum": 0.0,
        "abs_sum": 0.0,
        "mean": 0.0,
        "std": 0.0,
        "min": 0.0,
        "max": 0.0,
        "ratio": 0.0,
        "trigger_rate": 0.0
      }
    },
    "dominant_component": "r_descent_guidance",
    "dominant_component_ratio": 0.7205622917698647
  },
  "diagnostics": {
    "hack_flags": {
      "high_reward_low_progress": false,
      "component_dominance": true,
      "repeated_event_exploitation": false,
      "shaping_goal_mismatch": true,
      "terminal_success_dominance": false,
      "unstable_contact_behavior": true,
      "reward_repetition_risk": false
    },
    "failure_modes": [
      "single_component_dominance",
      "shaping_goal_mismatch"
    ],
    "hack_score": 0.4,
    "suspected_components": [
      "r_descent_guidance"
    ],
    "dominant_component": "r_descent_guidance",
    "dominant_component_ratio": 0.7205622917698647,
    "raw_component_dominance": true,
    "benign_terminal_dominance": false,
    "repeated_event_details": {
      "flag": false,
      "event_toggle_counts": {
        "left_contact": 3,
        "contact": 3,
        "right_contact": 2,
        "both_contact": 2
      },
      "max_event": "left_contact",
      "max_toggle_count": 3
    },
    "semantic_notes": [
      "contact_or_landing_toggles_observed_but_not_repeated_reward_exploitation"
    ]
  },
  "semantic_outcome": {
    "episode_count": 6,
    "semantic_score": 0.8098052034732685,
    "success_episode_rate": 0.0,
    "terminal_reward_paid_episode_rate": 0.0,
    "terminal_reward_payment_count_mean": 0.0,
    "terminal_reward_payment_count_max": 0,
    "safe_contact_episode_rate": 0.0,
    "stable_landing_episode_rate": 0.0,
    "progress_score_mean": 0.8945385368066018,
    "progress_score_std": 0.13907574295114397,
    "episode_length_mean": 847.3333333333334,
    "episode_length_std": 341.3730445649679,
    "contact_toggle_mean": 479.0,
    "contact_toggle_max": 586.0,
    "reward_repetition_risk": false,
    "one_time_repeat_violations": [],
    "terminal_goal_evidence": false,
    "unstable_contact_behavior": true,
    "event_rule_payment_stats": {
      "r_landing_success": {
        "episode_payment_counts": [
          0,
          0,
          0,
          0,
          0,
          0
        ],
        "episode_paid_rate": 0.0,
        "payment_count_mean": 0.0,
        "payment_count_max": 0,
        "one_time": true
      }
    },
    "terminal_rule_names": [
      "r_landing_success"
    ],
    "one_time_rule_names": [
      "r_crash",
      "r_landing_success"
    ],
    "semantic_risks": [
      "unstable_contact_behavior"
    ]
  },
  "experiment_mode": {
    "use_memory": true,
    "use_attribution": true,
    "use_hack_detector": true,
    "use_llm_edit": true,
    "use_operator_constraints": true,
    "free_rewrite": false,
    "one_shot": false
  }
}