{
  "note": "Post-hoc oracle reward evaluation only. Not used by EG-RSA reward search.",
  "env_id": "LunarLander-v3",
  "num_episodes": 10,
  "return_mean": 12.194530800313485,
  "return_std": 19.13996444573252,
  "episode_length_mean": 912.7,
  "episode_returns": [
    9.009760342571472,
    25.12728002584247,
    -30.509793680304178,
    11.310406233068974,
    32.00444402622243,
    -12.626652208251983,
    16.659159529274,
    29.343437660841467,
    11.055993262074043,
    30.57127281179616
  ],
  "episode_lengths": [
    1000,
    1000,
    1000,
    127,
    1000,
    1000,
    1000,
    1000,
    1000,
    1000
  ]
}