{
  "eval_generated_return": -85.0975493830883,
  "eval_hidden_return": -116.68037484507408,
  "eval_episode_length": 67.8,
  "component_returns": {
    "distance_reward": -16.213166001430462,
    "velocity_penalty": -17.83585133233743,
    "angle_penalty": -1.04853204932042,
    "fuel_efficiency": 0.0,
    "terminal": -50.0
  },
  "diagnostics": {
    "generated_private_gap": 31.582825461985777,
    "action_mean": 0.084070796460177,
    "action_std": 0.4382318398180797,
    "episode_length_mean": 67.8,
    "component_returns": {
      "distance_reward": -16.213166001430462,
      "velocity_penalty": -17.83585133233743,
      "angle_penalty": -1.04853204932042,
      "fuel_efficiency": 0.0,
      "terminal": -50.0
    },
    "ppo_n_envs": 1,
    "ppo_vec_env_type": "dummy",
    "ppo_total_timesteps": 2000000,
    "ppo_n_steps": 1024,
    "ppo_batch_size": 64,
    "ppo_n_epochs": 4,
    "ppo_gae_lambda": 0.98,
    "ppo_gamma": 0.999,
    "ppo_ent_coef": 0.01,
    "ppo_learning_rate": 0.0003,
    "ppo_clip_range": 0.2,
    "ppo_vf_coef": 0.5,
    "ppo_max_grad_norm": 0.5
  }
}