{
  "eval_generated_return": -87.21102223114299,
  "eval_hidden_return": -480.5731370508223,
  "eval_episode_length": 56.0,
  "component_returns": {
    "distance_shaping": -24.92944849968054,
    "velocity_penalty": -20.249119434981573,
    "angle_penalty": -32.032454296480864,
    "fuel_efficiency": 0.0,
    "ground_contact_bonus": 0.0,
    "terminal": -10.0
  },
  "diagnostics": {
    "generated_private_gap": 393.36211481967933,
    "action_mean": 3.0,
    "action_std": 0.0,
    "episode_length_mean": 56.0,
    "component_returns": {
      "distance_shaping": -24.92944849968054,
      "velocity_penalty": -20.249119434981573,
      "angle_penalty": -32.032454296480864,
      "fuel_efficiency": 0.0,
      "ground_contact_bonus": 0.0,
      "terminal": -10.0
    }
  }
}