{
  "eval_generated_return": -447.7428453907206,
  "eval_hidden_return": -504.7499547087998,
  "eval_episode_length": 76.0,
  "component_returns": {
    "terminal": 0.0,
    "velocity_penalty": -318.5556957264909,
    "angle_penalty": -14.773061126077057,
    "fuel_efficiency": -38.0,
    "distance_progress": -76.41408853815267
  },
  "diagnostics": {
    "generated_private_gap": 57.00710931807919,
    "action_mean": 2.0,
    "action_std": 0.0,
    "episode_length_mean": 76.0,
    "component_returns": {
      "terminal": 0.0,
      "velocity_penalty": -318.5556957264909,
      "angle_penalty": -14.773061126077057,
      "fuel_efficiency": -38.0,
      "distance_progress": -76.41408853815267
    }
  }
}