{
  "eval_generated_return": -168.9968161643818,
  "eval_hidden_return": -98.31830246133006,
  "eval_episode_length": 70.0,
  "component_returns": {
    "landing_bonus": 0.0,
    "crash_penalty": -30.0,
    "distance_to_pad": -73.34260874505111,
    "vertical_velocity_penalty": -30.620518026298235,
    "horizontal_velocity_penalty": -12.453972865641113,
    "angle_penalty": -13.12506931615062,
    "fuel_efficiency_penalty": 0.0,
    "time_penalty": -6.999999999999991,
    "progress": 3.535280177440384,
    "stability": -5.989927388681098,
    "effort": 0.0,
    "terminal": -30.0
  },
  "diagnostics": {
    "generated_private_gap": -70.67851370305175,
    "action_mean": 0.0,
    "action_std": 0.0,
    "episode_length_mean": 70.0,
    "component_returns": {
      "landing_bonus": 0.0,
      "crash_penalty": -30.0,
      "distance_to_pad": -73.34260874505111,
      "vertical_velocity_penalty": -30.620518026298235,
      "horizontal_velocity_penalty": -12.453972865641113,
      "angle_penalty": -13.12506931615062,
      "fuel_efficiency_penalty": 0.0,
      "time_penalty": -6.999999999999991,
      "progress": 3.535280177440384,
      "stability": -5.989927388681098,
      "effort": 0.0,
      "terminal": -30.0
    }
  }
}