{
  "attribution": {
    "episode_reward_mean": 3356.2085530731565,
    "episode_reward_std": 75.33823482906959,
    "component_stats": {
      "r_approach_region": {
        "sum": 8274.354014201332,
        "abs_sum": 8274.354014201332,
        "mean": 1.3790590023668887,
        "std": 0.2876663323414109,
        "min": 0.3996810279780264,
        "max": 1.5,
        "ratio": 0.4061142008134448,
        "trigger_rate": 1.0
      },
      "r_approach_progress": {
        "sum": 8.640407347857519,
        "abs_sum": 8.640407347857519,
        "mean": 0.0014400678913095864,
        "std": 0.0031947029609813975,
        "min": 0.0,
        "max": 0.014311270187969516,
        "ratio": 0.0004240804924173252,
        "trigger_rate": 0.186
      },
      "r_stability": {
        "sum": 4274.329036655325,
        "abs_sum": 4274.329036655325,
        "mean": 0.7123881727758874,
        "std": 0.1467430551187497,
        "min": 0.24911959301536676,
        "max": 0.9640103421006201,
        "ratio": 0.2097886696358048,
        "trigger_rate": 1.0
      },
      "r_landing_quality": {
        "sum": 7698.527860234425,
        "abs_sum": 7698.527860234425,
        "mean": 1.2830879767057375,
        "std": 0.506522104853766,
        "min": 0.09868604582982476,
        "max": 1.9280206842012402,
        "ratio": 0.3778520334074588,
        "trigger_rate": 1.0
      },
      "r_energy": {
        "sum": -118.6,
        "abs_sum": 118.6,
        "mean": -0.019766666666666665,
        "std": 0.0021476084890459488,
        "min": -0.02,
        "max": -0.0,
        "ratio": 0.005821015650745469,
        "trigger_rate": 0.9883333333333333
      },
      "r_safe_contact_once": {
        "sum": 0.0,
        "abs_sum": 0.0,
        "mean": 0.0,
        "std": 0.0,
        "min": 0.0,
        "max": 0.0,
        "ratio": 0.0,
        "trigger_rate": 0.0
      },
      "r_stable_landing_once": {
        "sum": 0.0,
        "abs_sum": 0.0,
        "mean": 0.0,
        "std": 0.0,
        "min": 0.0,
        "max": 0.0,
        "ratio": 0.0,
        "trigger_rate": 0.0
      }
    },
    "dominant_component": "r_approach_region",
    "dominant_component_ratio": 0.4061142008134448
  },
  "diagnostics": {
    "hack_flags": {
      "high_reward_low_progress": false,
      "component_dominance": false,
      "repeated_event_exploitation": true,
      "shaping_goal_mismatch": true,
      "terminal_success_dominance": false,
      "unstable_contact_behavior": true,
      "reward_repetition_risk": false
    },
    "failure_modes": [
      "repeated_event_exploitation",
      "shaping_goal_mismatch"
    ],
    "hack_score": 0.4,
    "suspected_components": [],
    "dominant_component": "r_approach_region",
    "dominant_component_ratio": 0.4061142008134448,
    "raw_component_dominance": false,
    "benign_terminal_dominance": false,
    "repeated_event_details": {
      "flag": true,
      "event_toggle_counts": {
        "landing_region": 6
      },
      "max_event": "landing_region",
      "max_toggle_count": 6
    },
    "semantic_notes": []
  },
  "semantic_outcome": {
    "episode_count": 6,
    "semantic_score": 0.6632073841993253,
    "success_episode_rate": 0.0,
    "terminal_reward_paid_episode_rate": 0.0,
    "terminal_reward_payment_count_mean": 0.0,
    "terminal_reward_payment_count_max": 0,
    "safe_contact_episode_rate": 0.0,
    "stable_landing_episode_rate": 0.0,
    "progress_score_mean": 0.7632073841993253,
    "progress_score_std": 0.05366499448598855,
    "episode_length_mean": 1000.0,
    "episode_length_std": 0.0,
    "contact_toggle_mean": 19.833333333333332,
    "contact_toggle_max": 44.0,
    "reward_repetition_risk": false,
    "one_time_repeat_violations": [],
    "terminal_goal_evidence": false,
    "unstable_contact_behavior": true,
    "event_rule_payment_stats": {
      "r_stable_landing_once": {
        "episode_payment_counts": [
          0,
          0,
          0,
          0,
          0,
          0
        ],
        "episode_paid_rate": 0.0,
        "payment_count_mean": 0.0,
        "payment_count_max": 0,
        "one_time": true
      }
    },
    "terminal_rule_names": [
      "r_stable_landing_once"
    ],
    "one_time_rule_names": [
      "r_safe_contact_once",
      "r_stable_landing_once"
    ],
    "semantic_risks": [
      "unstable_contact_behavior"
    ]
  },
  "experiment_mode": {
    "use_memory": true,
    "use_attribution": true,
    "use_hack_detector": true,
    "use_llm_edit": true,
    "use_operator_constraints": true,
    "free_rewrite": false,
    "one_shot": false
  }
}