{
  "note": "Post-hoc oracle reward evaluation only. Not used by EG-RSA reward search.",
  "env_id": "LunarLander-v3",
  "num_episodes": 6,
  "return_mean": -13.655293664083635,
  "return_std": 25.6164059130767,
  "episode_length_mean": 1000.0,
  "episode_returns": [
    -23.208179487320553,
    17.226226849784677,
    -56.974258612276046,
    -1.0070216993317807,
    11.166753324735556,
    -29.135282360093658
  ],
  "episode_lengths": [
    1000,
    1000,
    1000,
    1000,
    1000,
    1000
  ]
}