{
  "attribution": {
    "episode_reward_mean": 2405.1761095952634,
    "episode_reward_std": 784.4650481148318,
    "component_stats": {
      "r_approach_region": {
        "sum": 6393.5752678330355,
        "abs_sum": 6393.5752678330355,
        "mean": 0.7005122458456268,
        "std": 0.12992273490834408,
        "min": 0.19653858195866913,
        "max": 0.75,
        "ratio": 0.26320713231585935,
        "trigger_rate": 1.0
      },
      "r_stability": {
        "sum": 6683.461873349046,
        "abs_sum": 6683.461873349046,
        "mean": 0.7322736795605397,
        "std": 0.16804754733627741,
        "min": 0.15666288110593488,
        "max": 0.9781469273093129,
        "ratio": 0.2751410220314501,
        "trigger_rate": 1.0
      },
      "r_landing_quality": {
        "sum": 11094.363954770539,
        "abs_sum": 11094.363954770539,
        "mean": 1.2155542845152338,
        "std": 0.5181941780835458,
        "min": 0.09423504058617599,
        "max": 1.9423377947258242,
        "ratio": 0.45672657301699365,
        "trigger_rate": 1.0
      },
      "r_energy": {
        "sum": -119.63999999999999,
        "abs_sum": 119.63999999999999,
        "mean": -0.013108359811548152,
        "std": 0.00950463567328871,
        "min": -0.02,
        "max": -0.0,
        "ratio": 0.004925272635594121,
        "trigger_rate": 0.6554179905774077
      },
      "r_safe_contact_once": {
        "sum": 0.0,
        "abs_sum": 0.0,
        "mean": 0.0,
        "std": 0.0,
        "min": 0.0,
        "max": 0.0,
        "ratio": 0.0,
        "trigger_rate": 0.0
      },
      "r_stable_landing_once": {
        "sum": 0.0,
        "abs_sum": 0.0,
        "mean": 0.0,
        "std": 0.0,
        "min": 0.0,
        "max": 0.0,
        "ratio": 0.0,
        "trigger_rate": 0.0
      }
    },
    "dominant_component": "r_landing_quality",
    "dominant_component_ratio": 0.45672657301699365
  },
  "diagnostics": {
    "hack_flags": {
      "high_reward_low_progress": false,
      "component_dominance": false,
      "repeated_event_exploitation": true,
      "shaping_goal_mismatch": true,
      "terminal_success_dominance": false,
      "unstable_contact_behavior": true,
      "reward_repetition_risk": false
    },
    "failure_modes": [
      "repeated_event_exploitation",
      "shaping_goal_mismatch"
    ],
    "hack_score": 0.4,
    "suspected_components": [],
    "dominant_component": "r_landing_quality",
    "dominant_component_ratio": 0.45672657301699365,
    "raw_component_dominance": false,
    "benign_terminal_dominance": false,
    "repeated_event_details": {
      "flag": true,
      "event_toggle_counts": {
        "landing_region": 16,
        "right_contact": 3,
        "contact": 3,
        "left_contact": 1,
        "both_contact": 1
      },
      "max_event": "landing_region",
      "max_toggle_count": 16
    },
    "semantic_notes": []
  },
  "semantic_outcome": {
    "episode_count": 10,
    "semantic_score": 0.6773850138282774,
    "success_episode_rate": 0.0,
    "terminal_reward_paid_episode_rate": 0.0,
    "terminal_reward_payment_count_mean": 0.0,
    "terminal_reward_payment_count_max": 0,
    "safe_contact_episode_rate": 0.0,
    "stable_landing_episode_rate": 0.0,
    "progress_score_mean": 0.7686550138282774,
    "progress_score_std": 0.22136803276562092,
    "episode_length_mean": 912.7,
    "episode_length_std": 261.90000000000003,
    "contact_toggle_mean": 486.4,
    "contact_toggle_max": 617.0,
    "reward_repetition_risk": false,
    "one_time_repeat_violations": [],
    "terminal_goal_evidence": false,
    "unstable_contact_behavior": true,
    "event_rule_payment_stats": {
      "r_stable_landing_once": {
        "episode_payment_counts": [
          0,
          0,
          0,
          0,
          0,
          0,
          0,
          0,
          0,
          0
        ],
        "episode_paid_rate": 0.0,
        "payment_count_mean": 0.0,
        "payment_count_max": 0,
        "one_time": true
      }
    },
    "terminal_rule_names": [
      "r_stable_landing_once"
    ],
    "one_time_rule_names": [
      "r_safe_contact_once",
      "r_stable_landing_once"
    ],
    "semantic_risks": [
      "unstable_contact_behavior"
    ]
  },
  "experiment_mode": {
    "use_memory": true,
    "use_attribution": true,
    "use_hack_detector": true,
    "use_llm_edit": true,
    "use_operator_constraints": true,
    "free_rewrite": false,
    "one_shot": false
  }
}