{
  "note": "Post-hoc oracle reward evaluation only. Not used by EG-RSA reward search.",
  "env_id": "LunarLander-v3",
  "num_episodes": 10,
  "return_mean": 1.216403542772674,
  "return_std": 16.81185043524618,
  "episode_length_mean": 921.4,
  "episode_returns": [
    -11.436175838395638,
    -1.9282614074004982,
    -32.691333999807014,
    19.464125246588992,
    19.78481145330567,
    -15.615448539310641,
    1.0172584334604104,
    0.5903197477623381,
    10.218932389298844,
    22.759807942224274
  ],
  "episode_lengths": [
    1000,
    214,
    1000,
    1000,
    1000,
    1000,
    1000,
    1000,
    1000,
    1000
  ]
}