{
  "eval_generated_return": -137.08930180532033,
  "eval_hidden_return": -309.3836541494763,
  "eval_episode_length": 95.0,
  "component_returns": {
    "progress": 0.6132937380007873,
    "stability": -23.365070489514626,
    "effort": -8.500000000000005,
    "terminal": -50.0
  },
  "diagnostics": {
    "generated_private_gap": 172.29435234415595,
    "action_mean": 0.5964912280701754,
    "action_std": 0.9149757761687928,
    "episode_length_mean": 95.0,
    "component_returns": {
      "progress": 0.6132937380007873,
      "stability": -23.365070489514626,
      "effort": -8.500000000000005,
      "terminal": -50.0
    }
  }
}