{
  "attribution": {
    "episode_reward_mean": 495.61132603254026,
    "episode_reward_std": 262.9371106468235,
    "component_stats": {
      "r_approach_region": {
        "sum": 1412.3287148476334,
        "abs_sum": 1412.3287148476334,
        "mean": 0.5665177355987298,
        "std": 0.19600894780707134,
        "min": 0.18476579046685943,
        "max": 0.705,
        "ratio": 0.28075240870273593,
        "trigger_rate": 1.0
      },
      "r_approach_progress": {
        "sum": 36.28141736073235,
        "abs_sum": 36.28141736073235,
        "mean": 0.0145533162297362,
        "std": 0.024921971545704424,
        "min": 0.0,
        "max": 0.13474673903076162,
        "ratio": 0.007212269500782455,
        "trigger_rate": 0.38668271159245887
      },
      "r_stability": {
        "sum": 1263.1021570270245,
        "abs_sum": 1263.1021570270245,
        "mean": 0.506659509437234,
        "std": 0.19575111944529147,
        "min": 0.12997159540290437,
        "max": 0.9999671842949621,
        "ratio": 0.2510881279229786,
        "trigger_rate": 1.0
      },
      "r_landing_quality": {
        "sum": 1821.600971090012,
        "abs_sum": 1821.600971090012,
        "mean": 0.7306863101042969,
        "std": 0.5756866893957694,
        "min": 0.0871058367568588,
        "max": 1.9999343685899242,
        "ratio": 0.3621103606775688,
        "trigger_rate": 1.0
      },
      "r_energy": {
        "sum": -37.2,
        "abs_sum": 37.2,
        "mean": -0.014921780986762938,
        "std": 0.008704945256481448,
        "min": -0.02,
        "max": -0.0,
        "ratio": 0.007394871671124033,
        "trigger_rate": 0.7460890493381468
      },
      "r_safe_contact_once": {
        "sum": 60.0,
        "abs_sum": 60.0,
        "mean": 0.024067388688327317,
        "std": 0.4899945384236422,
        "min": 0.0,
        "max": 10.0,
        "ratio": 0.011927212372780698,
        "trigger_rate": 0.0024067388688327317
      },
      "r_stable_landing_once": {
        "sum": 400.0,
        "abs_sum": 400.0,
        "mean": 0.16044925792218212,
        "std": 3.5791335081841784,
        "min": 0.0,
        "max": 80.0,
        "ratio": 0.07951474915187132,
        "trigger_rate": 0.0020056157240272766
      }
    },
    "dominant_component": "r_landing_quality",
    "dominant_component_ratio": 0.3621103606775688
  },
  "diagnostics": {
    "hack_flags": {
      "high_reward_low_progress": false,
      "component_dominance": false,
      "repeated_event_exploitation": false,
      "shaping_goal_mismatch": false,
      "terminal_success_dominance": false,
      "unstable_contact_behavior": true,
      "reward_repetition_risk": false
    },
    "failure_modes": [],
    "hack_score": 0.0,
    "suspected_components": [],
    "dominant_component": "r_landing_quality",
    "dominant_component_ratio": 0.3621103606775688,
    "raw_component_dominance": false,
    "benign_terminal_dominance": false,
    "repeated_event_details": {
      "flag": true,
      "event_toggle_counts": {
        "landing_region": 6,
        "left_contact": 17,
        "right_contact": 15,
        "contact": 18,
        "both_contact": 14,
        "safe_contact": 6,
        "stable_both_contact": 5,
        "stable_landing_condition": 5
      },
      "max_event": "contact",
      "max_toggle_count": 18
    },
    "semantic_notes": [
      "contact_or_landing_toggles_observed_but_not_repeated_reward_exploitation"
    ]
  },
  "semantic_outcome": {
    "episode_count": 10,
    "semantic_score": 2.3753176553938813,
    "success_episode_rate": 0.5,
    "terminal_reward_paid_episode_rate": 0.5,
    "terminal_reward_payment_count_mean": 0.5,
    "terminal_reward_payment_count_max": 1,
    "safe_contact_episode_rate": 0.6,
    "stable_landing_episode_rate": 0.5,
    "progress_score_mean": 0.6502476553938813,
    "progress_score_std": 0.38334485805444757,
    "episode_length_mean": 249.3,
    "episode_length_std": 91.75952266658757,
    "contact_toggle_mean": 29.6,
    "contact_toggle_max": 53.0,
    "reward_repetition_risk": false,
    "one_time_repeat_violations": [],
    "terminal_goal_evidence": true,
    "unstable_contact_behavior": true,
    "event_rule_payment_stats": {
      "r_stable_landing_once": {
        "episode_payment_counts": [
          1,
          1,
          0,
          0,
          1,
          1,
          0,
          0,
          0,
          1
        ],
        "episode_paid_rate": 0.5,
        "payment_count_mean": 0.5,
        "payment_count_max": 1,
        "one_time": true
      }
    },
    "terminal_rule_names": [
      "r_stable_landing_once"
    ],
    "one_time_rule_names": [
      "r_safe_contact_once",
      "r_stable_landing_once"
    ],
    "semantic_risks": [
      "unstable_contact_behavior",
      "terminal_goal_evidence_present"
    ]
  },
  "experiment_mode": {
    "use_memory": true,
    "use_attribution": true,
    "use_hack_detector": true,
    "use_llm_edit": true,
    "use_operator_constraints": true,
    "free_rewrite": false,
    "one_shot": false
  }
}