{
  "note": "Post-hoc oracle reward evaluation only. Not used by EG-RSA reward search.",
  "env_id": "LunarLander-v3",
  "num_episodes": 10,
  "return_mean": 252.1937011871361,
  "return_std": 41.79624944202972,
  "episode_length_mean": 377.7,
  "episode_returns": [
    135.63778346914796,
    279.66651405028733,
    242.72307992770237,
    231.37267766360623,
    265.5444001903391,
    262.6971046778725,
    279.79989607157376,
    273.215421037882,
    272.9963901910129,
    278.2837445919366
  ],
  "episode_lengths": [
    1000,
    329,
    220,
    233,
    333,
    222,
    343,
    392,
    367,
    338
  ]
}