{
  "attribution": {
    "episode_reward_mean": 18.68751304338,
    "episode_reward_std": 1.4017138787976517,
    "component_stats": {
      "r_progress": {
        "sum": 88.74705873492368,
        "abs_sum": 90.7704109092934,
        "mean": 0.4437352936746184,
        "std": 0.25087653484864814,
        "min": -0.21658057928630645,
        "max": 0.7647585537899318,
        "ratio": 0.7235300401294973,
        "trigger_rate": 0.965
      },
      "r_centering": {
        "sum": -8.82477769782228,
        "abs_sum": 8.82477769782228,
        "mean": -0.0441238884891114,
        "std": 0.07911482810454414,
        "min": -0.37424927949905396,
        "max": -0.0,
        "ratio": 0.07034221502224716,
        "trigger_rate": 0.495
      },
      "r_stability": {
        "sum": -13.824019840499385,
        "abs_sum": 13.824019840499385,
        "mean": -0.06912009920249693,
        "std": 0.07612963234265525,
        "min": -0.7172586739063264,
        "max": -0.005508871050551534,
        "ratio": 0.11019112428545189,
        "trigger_rate": 1.0
      },
      "r_action_cost": {
        "sum": -0.8999999999999999,
        "abs_sum": 0.8999999999999999,
        "mean": -0.0045,
        "std": 0.03646573734342965,
        "min": -0.3,
        "max": -0.0,
        "ratio": 0.007173891024546168,
        "trigger_rate": 0.015
      },
      "r_soft_touchdown": {
        "sum": -10.135722066462039,
        "abs_sum": 10.135722066462039,
        "mean": -0.05067861033231019,
        "std": 0.28896899104706275,
        "min": -2.007374036312103,
        "max": 0.0,
        "ratio": 0.08079173951098508,
        "trigger_rate": 0.035
      },
      "terminal_success": {
        "sum": 1.0,
        "abs_sum": 1.0,
        "mean": 0.005,
        "std": 0.07053367989832944,
        "min": 0.0,
        "max": 1.0,
        "ratio": 0.007970990027273521,
        "trigger_rate": 0.005
      }
    },
    "dominant_component": "r_progress",
    "dominant_component_ratio": 0.7235300401294973
  },
  "diagnostics": {
    "hack_flags": {
      "high_reward_low_progress": false,
      "component_dominance": true,
      "repeated_event_exploitation": false,
      "shaping_goal_mismatch": true,
      "terminal_success_dominance": false,
      "unstable_contact_behavior": false,
      "reward_repetition_risk": false
    },
    "failure_modes": [
      "single_component_dominance",
      "shaping_goal_mismatch"
    ],
    "hack_score": 0.4,
    "suspected_components": [
      "r_progress"
    ],
    "dominant_component": "r_progress",
    "dominant_component_ratio": 0.7235300401294973,
    "raw_component_dominance": true,
    "benign_terminal_dominance": false,
    "repeated_event_details": {
      "flag": false,
      "event_toggle_counts": {
        "left_contact": 3,
        "contact": 3,
        "right_contact": 3,
        "both_contact": 3
      },
      "max_event": "left_contact",
      "max_toggle_count": 3
    },
    "semantic_notes": []
  },
  "semantic_outcome": {
    "episode_count": 3,
    "semantic_score": 0.8706070082798977,
    "success_episode_rate": 0.0,
    "terminal_reward_paid_episode_rate": 0.3333333333333333,
    "terminal_reward_payment_count_mean": 0.3333333333333333,
    "terminal_reward_payment_count_max": 1,
    "safe_contact_episode_rate": 0.0,
    "stable_landing_episode_rate": 0.0,
    "progress_score_mean": 0.5439403416132311,
    "progress_score_std": 0.13892144192952632,
    "episode_length_mean": 66.66666666666667,
    "episode_length_std": 8.73053390247253,
    "contact_toggle_mean": 1.0,
    "contact_toggle_max": 1.0,
    "reward_repetition_risk": false,
    "one_time_repeat_violations": [],
    "terminal_goal_evidence": true,
    "unstable_contact_behavior": false,
    "event_rule_payment_stats": {
      "terminal_success": {
        "episode_payment_counts": [
          0,
          1,
          0
        ],
        "episode_paid_rate": 0.3333333333333333,
        "payment_count_mean": 0.3333333333333333,
        "payment_count_max": 1,
        "one_time": true
      }
    },
    "terminal_rule_names": [
      "terminal_success"
    ],
    "one_time_rule_names": [
      "terminal_success"
    ],
    "semantic_risks": [
      "terminal_goal_evidence_present"
    ]
  },
  "experiment_mode": {
    "use_memory": true,
    "use_attribution": true,
    "use_hack_detector": true,
    "use_llm_edit": true,
    "use_operator_constraints": true,
    "free_rewrite": false,
    "one_shot": false
  }
}