{
  "attribution": {
    "episode_reward_mean": 675.7828470465882,
    "episode_reward_std": 49.882927412204765,
    "component_stats": {
      "r_centering": {
        "sum": 951.396282735392,
        "abs_sum": 951.396282735392,
        "mean": 0.7647880086297363,
        "std": 0.1887404386687107,
        "min": 0.23515589310584506,
        "max": 0.9989682200999311,
        "ratio": 0.4636595591223139,
        "trigger_rate": 1.0
      },
      "r_stability": {
        "sum": 1088.0922584043733,
        "abs_sum": 1088.0922584043733,
        "mean": 0.87467223344403,
        "std": 0.054376225038103736,
        "min": 0.7614821372425917,
        "max": 0.9929775826556425,
        "ratio": 0.5302778515863619,
        "trigger_rate": 1.0
      },
      "r_horizontal_stabilizer": {
        "sum": 0.0,
        "abs_sum": 0.0,
        "mean": 0.0,
        "std": 0.0,
        "min": 0.0,
        "max": 0.0,
        "ratio": 0.0,
        "trigger_rate": 0.0
      },
      "r_descent_control": {
        "sum": 0.0,
        "abs_sum": 0.0,
        "mean": 0.0,
        "std": 0.0,
        "min": 0.0,
        "max": 0.0,
        "ratio": 0.0,
        "trigger_rate": 0.0
      },
      "r_fuel_main": {
        "sum": -12.1,
        "abs_sum": 12.1,
        "mean": -0.00972668810289389,
        "std": 0.0016304660615791278,
        "min": -0.01,
        "max": -0.0,
        "ratio": 0.005896891513229049,
        "trigger_rate": 0.9726688102893891
      },
      "r_fuel_side": {
        "sum": -0.039999999999999994,
        "abs_sum": 0.33999999999999997,
        "mean": -3.215434083601286e-05,
        "std": 0.0016529020144662218,
        "min": -0.01,
        "max": 0.01,
        "ratio": 0.00016569777805767574,
        "trigger_rate": 0.027331189710610933
      },
      "r_safe_landing": {
        "sum": 0.0,
        "abs_sum": 0.0,
        "mean": 0.0,
        "std": 0.0,
        "min": 0.0,
        "max": 0.0,
        "ratio": 0.0,
        "trigger_rate": 0.0
      }
    },
    "dominant_component": "r_stability",
    "dominant_component_ratio": 0.5302778515863619
  },
  "diagnostics": {
    "hack_flags": {
      "high_reward_low_progress": true,
      "component_dominance": false,
      "repeated_event_exploitation": false,
      "shaping_goal_mismatch": true,
      "terminal_success_dominance": false,
      "unstable_contact_behavior": false,
      "reward_repetition_risk": false
    },
    "failure_modes": [
      "high_reward_low_progress",
      "shaping_goal_mismatch"
    ],
    "hack_score": 0.4,
    "suspected_components": [],
    "dominant_component": "r_stability",
    "dominant_component_ratio": 0.5302778515863619,
    "raw_component_dominance": false,
    "benign_terminal_dominance": false,
    "repeated_event_details": {
      "flag": false,
      "event_toggle_counts": {},
      "max_event": null,
      "max_toggle_count": 0
    },
    "semantic_notes": []
  },
  "semantic_outcome": {
    "episode_count": 3,
    "semantic_score": 0.46846610864130933,
    "success_episode_rate": 0.0,
    "terminal_reward_paid_episode_rate": 0.0,
    "terminal_reward_payment_count_mean": 0.0,
    "terminal_reward_payment_count_max": 0,
    "safe_contact_episode_rate": 0.0,
    "stable_landing_episode_rate": 0.0,
    "progress_score_mean": 0.509932775307976,
    "progress_score_std": 0.0014402578725767677,
    "episode_length_mean": 414.6666666666667,
    "episode_length_std": 40.28509512076258,
    "contact_toggle_mean": 0.0,
    "contact_toggle_max": 0.0,
    "reward_repetition_risk": false,
    "one_time_repeat_violations": [],
    "terminal_goal_evidence": false,
    "unstable_contact_behavior": false,
    "event_rule_payment_stats": {
      "r_safe_landing": {
        "episode_payment_counts": [
          0,
          0,
          0
        ],
        "episode_paid_rate": 0.0,
        "payment_count_mean": 0.0,
        "payment_count_max": 0,
        "one_time": true
      }
    },
    "terminal_rule_names": [
      "r_safe_landing"
    ],
    "one_time_rule_names": [
      "r_safe_landing"
    ],
    "semantic_risks": []
  },
  "experiment_mode": {
    "use_memory": true,
    "use_attribution": true,
    "use_hack_detector": true,
    "use_llm_edit": true,
    "use_operator_constraints": true,
    "free_rewrite": false,
    "one_shot": false
  }
}