{
  "attribution": {
    "episode_reward_mean": -76.32163053351702,
    "episode_reward_std": 10.787717776100422,
    "component_stats": {
      "r_progress": {
        "sum": -224.84595332780432,
        "abs_sum": 224.84595332780432,
        "mean": -1.1242297666390215,
        "std": 0.34674924463289736,
        "min": -1.503778686746955,
        "max": -0.13563006340107375,
        "ratio": 0.9651495200973544,
        "trigger_rate": 1.0
      },
      "r_stability": {
        "sum": -2.1589382727467807,
        "abs_sum": 2.1589382727467807,
        "mean": -0.010794691363733904,
        "std": 0.048172078259579476,
        "min": -0.6830770015716553,
        "max": -0.00019029921797368842,
        "ratio": 0.009267225880750142,
        "trigger_rate": 1.0
      },
      "r_control_cost": {
        "sum": -3.96,
        "abs_sum": 3.96,
        "mean": -0.019799999999999998,
        "std": 0.014211263138792413,
        "min": -0.03,
        "max": -0.0,
        "ratio": 0.016998269450788903,
        "trigger_rate": 0.66
      },
      "successful_landing": {
        "sum": 1.0,
        "abs_sum": 1.0,
        "mean": 0.005,
        "std": 0.07053367989832943,
        "min": 0.0,
        "max": 1.0,
        "ratio": 0.0042924922855527535,
        "trigger_rate": 0.005
      },
      "crash": {
        "sum": 1.0,
        "abs_sum": 1.0,
        "mean": 0.005,
        "std": 0.07053367989832943,
        "min": 0.0,
        "max": 1.0,
        "ratio": 0.0042924922855527535,
        "trigger_rate": 0.005
      }
    },
    "dominant_component": "r_progress",
    "dominant_component_ratio": 0.9651495200973544
  },
  "diagnostics": {
    "hack_flags": {
      "high_reward_low_progress": true,
      "component_dominance": true,
      "repeated_event_exploitation": false,
      "shaping_goal_mismatch": true,
      "terminal_success_dominance": false,
      "unstable_contact_behavior": false,
      "reward_repetition_risk": false
    },
    "failure_modes": [
      "high_reward_low_progress",
      "single_component_dominance",
      "shaping_goal_mismatch"
    ],
    "hack_score": 0.6,
    "suspected_components": [
      "r_progress"
    ],
    "dominant_component": "r_progress",
    "dominant_component_ratio": 0.9651495200973544,
    "raw_component_dominance": true,
    "benign_terminal_dominance": false,
    "repeated_event_details": {
      "flag": false,
      "event_toggle_counts": {
        "left_contact": 3,
        "right_contact": 3,
        "contact": 3,
        "both_contact": 3
      },
      "max_event": "left_contact",
      "max_toggle_count": 3
    },
    "semantic_notes": []
  },
  "semantic_outcome": {
    "episode_count": 3,
    "semantic_score": 1.0113938701924268,
    "success_episode_rate": 0.0,
    "terminal_reward_paid_episode_rate": 0.3333333333333333,
    "terminal_reward_payment_count_mean": 0.3333333333333333,
    "terminal_reward_payment_count_max": 1,
    "safe_contact_episode_rate": 0.0,
    "stable_landing_episode_rate": 0.0,
    "progress_score_mean": 0.68472720352576,
    "progress_score_std": 0.2333035407388636,
    "episode_length_mean": 66.66666666666667,
    "episode_length_std": 8.73053390247253,
    "contact_toggle_mean": 1.0,
    "contact_toggle_max": 1.0,
    "reward_repetition_risk": false,
    "one_time_repeat_violations": [],
    "terminal_goal_evidence": true,
    "unstable_contact_behavior": false,
    "event_rule_payment_stats": {
      "successful_landing": {
        "episode_payment_counts": [
          1,
          0,
          0
        ],
        "episode_paid_rate": 0.3333333333333333,
        "payment_count_mean": 0.3333333333333333,
        "payment_count_max": 1,
        "one_time": true
      }
    },
    "terminal_rule_names": [
      "successful_landing"
    ],
    "one_time_rule_names": [
      "crash",
      "successful_landing"
    ],
    "semantic_risks": [
      "terminal_goal_evidence_present"
    ]
  },
  "experiment_mode": {
    "use_memory": true,
    "use_attribution": true,
    "use_hack_detector": true,
    "use_llm_edit": true,
    "use_operator_constraints": true,
    "free_rewrite": false,
    "one_shot": false
  }
}