{
  "attribution": {
    "episode_reward_mean": 303.2014825326175,
    "episode_reward_std": 41.897571404346,
    "component_stats": {
      "r_x_centering": {
        "sum": 165.69060991657898,
        "abs_sum": 165.69060991657898,
        "mean": 0.8766698937385131,
        "std": 0.0739164333781463,
        "min": 0.7475945353507996,
        "max": 0.9974924088455737,
        "ratio": 0.1821567719398765,
        "trigger_rate": 1.0
      },
      "r_angular_stability": {
        "sum": 44.49938669163697,
        "abs_sum": 44.49938669163697,
        "mean": 0.23544649043194166,
        "std": 0.28395100144748897,
        "min": 5.484432770707549e-05,
        "max": 0.9722325714345326,
        "ratio": 0.048921689872069324,
        "trigger_rate": 1.0
      },
      "r_fast_descend": {
        "sum": 15.299632998540982,
        "abs_sum": 15.299632998540982,
        "mean": 0.08095043914571948,
        "std": 0.043072924556482976,
        "min": 0.0,
        "max": 0.1451854945184171,
        "ratio": 0.016820094755413045,
        "trigger_rate": 0.9365079365079365
      },
      "r_soft_landing_approach": {
        "sum": 3.7148179910952064,
        "abs_sum": 3.7148179910952064,
        "mean": 0.01965512164600638,
        "std": 0.11888189586796483,
        "min": 0.0,
        "max": 1.4582025473937392,
        "ratio": 0.004083992773898114,
        "trigger_rate": 0.2328042328042328
      },
      "fuel_main_penalty": {
        "sum": 510.2999999999999,
        "abs_sum": 510.2999999999999,
        "mean": 2.6999999999999993,
        "std": 4.440892098500626e-16,
        "min": 2.6999999999999997,
        "max": 2.6999999999999997,
        "ratio": 0.5610130879940586,
        "trigger_rate": 1.0
      },
      "fuel_side_penalty": {
        "sum": 170.10000000000008,
        "abs_sum": 170.10000000000008,
        "mean": 0.9000000000000005,
        "std": 4.440892098500626e-16,
        "min": 0.9,
        "max": 0.9,
        "ratio": 0.1870043626646863,
        "trigger_rate": 1.0
      },
      "successful_touchdown": {
        "sum": 0.0,
        "abs_sum": 0.0,
        "mean": 0.0,
        "std": 0.0,
        "min": 0.0,
        "max": 0.0,
        "ratio": 0.0,
        "trigger_rate": 0.0
      }
    },
    "dominant_component": "fuel_main_penalty",
    "dominant_component_ratio": 0.5610130879940586
  },
  "diagnostics": {
    "hack_flags": {
      "high_reward_low_progress": true,
      "component_dominance": false,
      "repeated_event_exploitation": false,
      "shaping_goal_mismatch": true,
      "terminal_success_dominance": false,
      "unstable_contact_behavior": false,
      "reward_repetition_risk": false
    },
    "failure_modes": [
      "high_reward_low_progress",
      "shaping_goal_mismatch"
    ],
    "hack_score": 0.4,
    "suspected_components": [],
    "dominant_component": "fuel_main_penalty",
    "dominant_component_ratio": 0.5610130879940586,
    "raw_component_dominance": false,
    "benign_terminal_dominance": false,
    "repeated_event_details": {
      "flag": false,
      "event_toggle_counts": {
        "right_contact": 1,
        "contact": 1,
        "left_contact": 1,
        "both_contact": 1
      },
      "max_event": "right_contact",
      "max_toggle_count": 1
    },
    "semantic_notes": []
  },
  "semantic_outcome": {
    "episode_count": 3,
    "semantic_score": 0.02832054600497977,
    "success_episode_rate": 0.0,
    "terminal_reward_paid_episode_rate": 0.0,
    "terminal_reward_payment_count_mean": 0.0,
    "terminal_reward_payment_count_max": 0,
    "safe_contact_episode_rate": 0.0,
    "stable_landing_episode_rate": 0.0,
    "progress_score_mean": 0.03462054600497977,
    "progress_score_std": 0.005465682799290389,
    "episode_length_mean": 63.0,
    "episode_length_std": 9.201449161228174,
    "contact_toggle_mean": 1.3333333333333333,
    "contact_toggle_max": 2.0,
    "reward_repetition_risk": false,
    "one_time_repeat_violations": [],
    "terminal_goal_evidence": false,
    "unstable_contact_behavior": false,
    "event_rule_payment_stats": {
      "successful_touchdown": {
        "episode_payment_counts": [
          0,
          0,
          0
        ],
        "episode_paid_rate": 0.0,
        "payment_count_mean": 0.0,
        "payment_count_max": 0,
        "one_time": true
      }
    },
    "terminal_rule_names": [
      "successful_touchdown"
    ],
    "one_time_rule_names": [
      "successful_touchdown"
    ],
    "semantic_risks": []
  },
  "experiment_mode": {
    "use_memory": true,
    "use_attribution": true,
    "use_hack_detector": true,
    "use_llm_edit": true,
    "use_operator_constraints": true,
    "free_rewrite": false,
    "one_shot": false
  }
}