{
  "note": "Post-hoc oracle reward evaluation only. Not used by EG-RSA reward search.",
  "env_id": "LunarLander-v3",
  "num_episodes": 5,
  "return_mean": -109.13033126663117,
  "return_std": 13.928267024727026,
  "episode_length_mean": 57.8,
  "episode_returns": [
    -102.52212973238443,
    -99.32143301888755,
    -107.02220671306358,
    -136.476971494192,
    -100.30891537462833
  ],
  "episode_lengths": [
    54,
    54,
    62,
    69,
    50
  ]
}