{
  "note": "Post-hoc oracle reward evaluation only. Not used by EG-RSA reward search.",
  "env_id": "LunarLander-v3",
  "num_episodes": 5,
  "return_mean": -4249.55036094505,
  "return_std": 1487.7131202202793,
  "episode_length_mean": 433.0,
  "episode_returns": [
    -7202.293863105279,
    -3428.256675460231,
    -3430.527223659894,
    -3859.0467681684463,
    -3327.627274331397
  ],
  "episode_lengths": [
    573,
    401,
    376,
    395,
    420
  ]
}