{
  "note": "Post-hoc oracle reward evaluation only. Not used by EG-RSA reward search.",
  "env_id": "LunarLander-v3",
  "num_episodes": 5,
  "return_mean": -102.39334250606065,
  "return_std": 14.906674427354412,
  "episode_length_mean": 58.0,
  "episode_returns": [
    -94.12681899249745,
    -97.05251513963168,
    -106.01169563216128,
    -129.19612360615082,
    -85.579559159862
  ],
  "episode_lengths": [
    54,
    54,
    62,
    69,
    51
  ]
}