{
  "note": "Post-hoc oracle reward evaluation only. Not used by EG-RSA reward search.",
  "env_id": "LunarLander-v3",
  "num_episodes": 5,
  "return_mean": -441.8651869368943,
  "return_std": 59.62700141836451,
  "episode_length_mean": 55.0,
  "episode_returns": [
    -353.72942719281076,
    -434.8868129533386,
    -508.1868727371119,
    -506.992161463738,
    -405.53066033747245
  ],
  "episode_lengths": [
    52,
    51,
    59,
    65,
    48
  ]
}