{
  "tool": "trajectory_inspector",
  "num_episodes": 3,
  "success_count": 0,
  "success_rate": 0.0,
  "episode_length_mean": 66.66666666666667,
  "safe_contact_rate_mean": 0.0,
  "stable_landing_rate_mean": 0.0,
  "contact_toggle_mean": 1.0,
  "contact_toggle_max": 1,
  "worst_episodes": [
    {
      "episode": 2,
      "success": 0.0,
      "progress_score": 0.4001609719746335,
      "episode_length": 61,
      "safe_contact_rate": 0.0,
      "stable_landing_rate": 0.0,
      "contact_rate": 0.03278688524590164,
      "both_contact_rate": 0.03278688524590164,
      "contact_toggle_count": 1,
      "episode_reward": -73.87328478619746,
      "oracle_reward_posthoc": -106.97214898268228
    },
    {
      "episode": 1,
      "success": 0.0,
      "progress_score": 0.682399261364771,
      "episode_length": 60,
      "safe_contact_rate": 0.0,
      "stable_landing_rate": 0.0,
      "contact_rate": 0.03333333333333333,
      "both_contact_rate": 0.03333333333333333,
      "contact_toggle_count": 1,
      "episode_reward": -64.5048492798372,
      "oracle_reward_posthoc": -103.78042432030283
    },
    {
      "episode": 0,
      "success": 0.0,
      "progress_score": 0.9716213772378756,
      "episode_length": 79,
      "safe_contact_rate": 0.0,
      "stable_landing_rate": 0.0,
      "contact_rate": 0.02531645569620253,
      "both_contact_rate": 0.02531645569620253,
      "contact_toggle_count": 1,
      "episode_reward": -90.58675753451644,
      "oracle_reward_posthoc": -106.7221781695756
    }
  ],
  "best_episodes": []
}