{
  "tool": "trajectory_inspector",
  "num_episodes": 3,
  "success_count": 0,
  "success_rate": 0.0,
  "episode_length_mean": 66.66666666666667,
  "safe_contact_rate_mean": 0.0,
  "stable_landing_rate_mean": 0.0,
  "contact_toggle_mean": 1.0,
  "contact_toggle_max": 1,
  "worst_episodes": [
    {
      "episode": 2,
      "success": 0.0,
      "progress_score": 0.3971825547645437,
      "episode_length": 61,
      "safe_contact_rate": 0.0,
      "stable_landing_rate": 0.0,
      "contact_rate": 0.03278688524590164,
      "both_contact_rate": 0.03278688524590164,
      "contact_toggle_count": 1,
      "episode_reward": 16.9667869933403,
      "oracle_reward_posthoc": -109.99079233087394
    },
    {
      "episode": 0,
      "success": 0.0,
      "progress_score": 0.5042026379303219,
      "episode_length": 79,
      "safe_contact_rate": 0.0,
      "stable_landing_rate": 0.0,
      "contact_rate": 0.02531645569620253,
      "both_contact_rate": 0.012658227848101266,
      "contact_toggle_count": 1,
      "episode_reward": 20.400242827815664,
      "oracle_reward_posthoc": -124.9477756224124
    },
    {
      "episode": 1,
      "success": 0.0,
      "progress_score": 0.7304358321448277,
      "episode_length": 60,
      "safe_contact_rate": 0.0,
      "stable_landing_rate": 0.0,
      "contact_rate": 0.05,
      "both_contact_rate": 0.016666666666666666,
      "contact_toggle_count": 1,
      "episode_reward": 18.695509308984043,
      "oracle_reward_posthoc": -120.77026621899441
    }
  ],
  "best_episodes": []
}