{
  "attribution": {
    "episode_reward_mean": 1900.0223588533265,
    "episode_reward_std": 149.89858611200984,
    "component_stats": {
      "r_approach_region": {
        "sum": 2273.8030212179674,
        "abs_sum": 2273.8030212179674,
        "mean": 0.3789671702029946,
        "std": 0.09358596094283861,
        "min": 0.1199345754841071,
        "max": 0.44999999999999996,
        "ratio": 0.19534165081834476,
        "trigger_rate": 1.0
      },
      "r_approach_progress": {
        "sum": 10.116526138097834,
        "abs_sum": 10.116526138097834,
        "mean": 0.0016860876896829724,
        "std": 0.001981939549596975,
        "min": 0.0,
        "max": 0.008182660652679363,
        "ratio": 0.0008691073491952792,
        "trigger_rate": 0.5401666666666667
      },
      "r_stability": {
        "sum": 4471.281869721377,
        "abs_sum": 4471.281869721377,
        "mean": 0.7452136449535628,
        "std": 0.12246975052781184,
        "min": 0.2964711525033517,
        "max": 0.9731807608923643,
        "ratio": 0.38412631769556516,
        "trigger_rate": 1.0
      },
      "r_landing_quality": {
        "sum": 4764.932736042514,
        "abs_sum": 4764.932736042514,
        "mean": 0.7941554560070857,
        "std": 0.28669109679048227,
        "min": 0.10815313228621819,
        "max": 1.3389483119006,
        "ratio": 0.4093537646010943,
        "trigger_rate": 1.0
      },
      "r_energy": {
        "sum": -120.0,
        "abs_sum": 120.0,
        "mean": -0.02,
        "std": 0.0,
        "min": -0.02,
        "max": -0.02,
        "ratio": 0.010309159535571885,
        "trigger_rate": 1.0
      },
      "r_safe_contact_once": {
        "sum": 0.0,
        "abs_sum": 0.0,
        "mean": 0.0,
        "std": 0.0,
        "min": 0.0,
        "max": 0.0,
        "ratio": 0.0,
        "trigger_rate": 0.0
      },
      "r_stable_landing_once": {
        "sum": 0.0,
        "abs_sum": 0.0,
        "mean": 0.0,
        "std": 0.0,
        "min": 0.0,
        "max": 0.0,
        "ratio": 0.0,
        "trigger_rate": 0.0
      }
    },
    "dominant_component": "r_landing_quality",
    "dominant_component_ratio": 0.4093537646010943
  },
  "diagnostics": {
    "hack_flags": {
      "high_reward_low_progress": false,
      "component_dominance": false,
      "repeated_event_exploitation": false,
      "shaping_goal_mismatch": true,
      "terminal_success_dominance": false,
      "unstable_contact_behavior": true,
      "reward_repetition_risk": false
    },
    "failure_modes": [
      "shaping_goal_mismatch"
    ],
    "hack_score": 0.2,
    "suspected_components": [],
    "dominant_component": "r_landing_quality",
    "dominant_component_ratio": 0.4093537646010943,
    "raw_component_dominance": false,
    "benign_terminal_dominance": false,
    "repeated_event_details": {
      "flag": false,
      "event_toggle_counts": {},
      "max_event": null,
      "max_toggle_count": 0
    },
    "semantic_notes": [
      "contact_or_landing_toggles_observed_but_not_repeated_reward_exploitation"
    ]
  },
  "semantic_outcome": {
    "episode_count": 6,
    "semantic_score": 0.3691108174913533,
    "success_episode_rate": 0.0,
    "terminal_reward_paid_episode_rate": 0.0,
    "terminal_reward_payment_count_mean": 0.0,
    "terminal_reward_payment_count_max": 0,
    "safe_contact_episode_rate": 0.0,
    "stable_landing_episode_rate": 0.0,
    "progress_score_mean": 0.46911081749135336,
    "progress_score_std": 0.09719460612526015,
    "episode_length_mean": 1000.0,
    "episode_length_std": 0.0,
    "contact_toggle_mean": 11.0,
    "contact_toggle_max": 17.0,
    "reward_repetition_risk": false,
    "one_time_repeat_violations": [],
    "terminal_goal_evidence": false,
    "unstable_contact_behavior": true,
    "event_rule_payment_stats": {
      "r_stable_landing_once": {
        "episode_payment_counts": [
          0,
          0,
          0,
          0,
          0,
          0
        ],
        "episode_paid_rate": 0.0,
        "payment_count_mean": 0.0,
        "payment_count_max": 0,
        "one_time": true
      }
    },
    "terminal_rule_names": [
      "r_stable_landing_once"
    ],
    "one_time_rule_names": [
      "r_safe_contact_once",
      "r_stable_landing_once"
    ],
    "semantic_risks": [
      "unstable_contact_behavior"
    ]
  },
  "experiment_mode": {
    "use_memory": true,
    "use_attribution": true,
    "use_hack_detector": true,
    "use_llm_edit": true,
    "use_operator_constraints": true,
    "free_rewrite": false,
    "one_shot": false
  }
}