{
  "note": "Post-hoc oracle reward evaluation only. Not used by EG-RSA reward search.",
  "env_id": "LunarLander-v3",
  "num_episodes": 6,
  "return_mean": -36.79054718484937,
  "return_std": 26.62971974847839,
  "episode_length_mean": 1000.0,
  "episode_returns": [
    -41.79586658573938,
    -13.405816226563628,
    -85.19648936689846,
    -28.983813002887743,
    -2.964872893757934,
    -48.396425033249066
  ],
  "episode_lengths": [
    1000,
    1000,
    1000,
    1000,
    1000,
    1000
  ]
}