{
  "eval_generated_return": -316.9884240420974,
  "eval_hidden_return": -117.1963597432239,
  "eval_episode_length": 71.0,
  "component_returns": {
    "distance_penalty": -99.04507490951801,
    "velocity_penalty": -100.01660082447503,
    "angle_penalty": -12.196748308104361,
    "fuel_efficiency": -5.729999999999996,
    "touchdown_bonus": 0.0,
    "terminal": -100.0
  },
  "diagnostics": {
    "generated_private_gap": -199.7920642988735,
    "action_mean": 1.6169014084507043,
    "action_std": 1.1961188310052393,
    "episode_length_mean": 71.0,
    "component_returns": {
      "distance_penalty": -99.04507490951801,
      "velocity_penalty": -100.01660082447503,
      "angle_penalty": -12.196748308104361,
      "fuel_efficiency": -5.729999999999996,
      "touchdown_bonus": 0.0,
      "terminal": -100.0
    },
    "ppo_n_envs": 1,
    "ppo_vec_env_type": "dummy",
    "ppo_total_timesteps": 300000,
    "ppo_n_steps": 1024,
    "ppo_batch_size": 64,
    "ppo_n_epochs": 4,
    "ppo_gae_lambda": 0.98,
    "ppo_gamma": 0.999,
    "ppo_ent_coef": 0.01,
    "ppo_learning_rate": 0.0003,
    "ppo_clip_range": 0.2,
    "ppo_vf_coef": 0.5,
    "ppo_max_grad_norm": 0.5
  }
}