{
  "eval_generated_return": -1245.2672022853874,
  "eval_hidden_return": -188.83776640681262,
  "eval_episode_length": 63.5,
  "component_returns": {
    "distance_penalty": -649.7561592584158,
    "velocity_penalty": -450.6810310390538,
    "angle_penalty": -39.91001198791783,
    "engine_usage_penalty": -4.919999999999999,
    "terminal": -100.0
  },
  "diagnostics": {
    "generated_private_gap": -1056.4294358785748,
    "action_mean": 2.0188976377952756,
    "action_std": 1.2943080894697603,
    "episode_length_mean": 63.5,
    "component_returns": {
      "distance_penalty": -649.7561592584158,
      "velocity_penalty": -450.6810310390538,
      "angle_penalty": -39.91001198791783,
      "engine_usage_penalty": -4.919999999999999,
      "terminal": -100.0
    },
    "n_envs": 16,
    "vec_env_type": "dummy",
    "n_steps": 1024,
    "batch_size": 64,
    "n_epochs": 4,
    "gae_lambda": 0.98,
    "gamma": 0.999,
    "ent_coef": 0.01
  }
}