{
  "eval_generated_return": -77.10667988543426,
  "eval_hidden_return": -114.9996757826176,
  "eval_episode_length": 75.9,
  "component_returns": {
    "shaping": 9.61914794901981,
    "velocity_penalty": -81.85243057928979,
    "angle_penalty": -0.8133972551642727,
    "fuel_efficiency": -4.059999999999994,
    "terminal": 0.0
  },
  "diagnostics": {
    "generated_private_gap": 37.89299589718334,
    "action_mean": 0.13043478260869565,
    "action_std": 0.5433596708559623,
    "episode_length_mean": 75.9,
    "component_returns": {
      "shaping": 9.61914794901981,
      "velocity_penalty": -81.85243057928979,
      "angle_penalty": -0.8133972551642727,
      "fuel_efficiency": -4.059999999999994,
      "terminal": 0.0
    },
    "ppo_n_envs": 1,
    "ppo_vec_env_type": "dummy",
    "ppo_total_timesteps": 2000000,
    "ppo_n_steps": 1024,
    "ppo_batch_size": 64,
    "ppo_n_epochs": 4,
    "ppo_gae_lambda": 0.98,
    "ppo_gamma": 0.999,
    "ppo_ent_coef": 0.01,
    "ppo_learning_rate": 0.0003,
    "ppo_clip_range": 0.2,
    "ppo_vf_coef": 0.5,
    "ppo_max_grad_norm": 0.5
  }
}