{
  "eval_generated_return": -64.44167188067833,
  "eval_hidden_return": -118.48945288616653,
  "eval_episode_length": 64.0,
  "component_returns": {
    "progress": -23.634171828918912,
    "stability": -14.44083338509275,
    "effort": -1.366666666666667,
    "terminal": -25.0
  },
  "diagnostics": {
    "generated_private_gap": 54.047781005488204,
    "action_mean": 0.8802083333333334,
    "action_std": 1.2210070802131145,
    "episode_length_mean": 64.0,
    "component_returns": {
      "progress": -23.634171828918912,
      "stability": -14.44083338509275,
      "effort": -1.366666666666667,
      "terminal": -25.0
    }
  }
}