{
  "attribution": {
    "episode_reward_mean": 327.5725378221636,
    "episode_reward_std": 136.26807135562797,
    "component_stats": {
      "r_center_guidance": {
        "sum": 272.9134071078588,
        "abs_sum": 272.9134071078588,
        "mean": 0.11305443542164823,
        "std": 0.15200643962269,
        "min": 0.0,
        "max": 0.49882078169321176,
        "ratio": 0.09824178201195535,
        "trigger_rate": 0.5248550124275062
      },
      "r_stability": {
        "sum": -108.29388222202904,
        "abs_sum": 108.29388222202904,
        "mean": -0.0448607631408571,
        "std": 0.055343152389505046,
        "min": -0.38072045147418976,
        "max": -9.6889091310004e-05,
        "ratio": 0.03898300227617724,
        "trigger_rate": 1.0
      },
      "r_vertical_safety": {
        "sum": -15.931333874102005,
        "abs_sum": 15.931333874102005,
        "mean": -0.006599558357125934,
        "std": 0.017292934539270055,
        "min": -0.14162577688694,
        "max": -0.0,
        "ratio": 0.005734868968898451,
        "trigger_rate": 0.5434962717481359
      },
      "r_fuel_penalty": {
        "sum": -68.45,
        "abs_sum": 68.45,
        "mean": -0.02835542667771334,
        "std": 0.02477379889743375,
        "min": -0.05,
        "max": -0.0,
        "ratio": 0.024640233142011518,
        "trigger_rate": 0.5671085335542668
      },
      "r_descent_guidance": {
        "sum": 898.7926872202952,
        "abs_sum": 898.7926872202952,
        "mean": 0.37232505684353573,
        "std": 0.17968698291181665,
        "min": 0.0,
        "max": 0.5,
        "ratio": 0.3235421674133398,
        "trigger_rate": 0.8881524440762221
      },
      "r_grounded_stability": {
        "sum": -13.595651299044233,
        "abs_sum": 13.595651299044233,
        "mean": -0.005632001366629757,
        "std": 0.017247776580546374,
        "min": -0.21423893421888351,
        "max": -0.0,
        "ratio": 0.0048940835314235445,
        "trigger_rate": 0.4183927091963546
      },
      "r_landing_success": {
        "sum": 1200.0,
        "abs_sum": 1200.0,
        "mean": 0.4971002485501243,
        "std": 9.95856119391332,
        "min": 0.0,
        "max": 200.0,
        "ratio": 0.4319690251338761,
        "trigger_rate": 0.0024855012427506215
      },
      "r_crash": {
        "sum": -200.0,
        "abs_sum": 200.0,
        "mean": -0.08285004142502071,
        "std": 2.8771757007763608,
        "min": -100.0,
        "max": 0.0,
        "ratio": 0.07199483752231269,
        "trigger_rate": 0.0008285004142502071
      }
    },
    "dominant_component": "r_landing_success",
    "dominant_component_ratio": 0.4319690251338761
  },
  "diagnostics": {
    "hack_flags": {
      "high_reward_low_progress": false,
      "component_dominance": false,
      "repeated_event_exploitation": false,
      "shaping_goal_mismatch": true,
      "terminal_success_dominance": false,
      "unstable_contact_behavior": true,
      "reward_repetition_risk": false
    },
    "failure_modes": [
      "shaping_goal_mismatch"
    ],
    "hack_score": 0.2,
    "suspected_components": [],
    "dominant_component": "r_landing_success",
    "dominant_component_ratio": 0.4319690251338761,
    "raw_component_dominance": false,
    "benign_terminal_dominance": false,
    "repeated_event_details": {
      "flag": true,
      "event_toggle_counts": {
        "right_contact": 14,
        "contact": 10,
        "left_contact": 12,
        "both_contact": 16
      },
      "max_event": "both_contact",
      "max_toggle_count": 16
    },
    "semantic_notes": [
      "contact_or_landing_toggles_observed_but_not_repeated_reward_exploitation"
    ]
  },
  "semantic_outcome": {
    "episode_count": 6,
    "semantic_score": 1.9151073590824768,
    "success_episode_rate": 0.0,
    "terminal_reward_paid_episode_rate": 1.0,
    "terminal_reward_payment_count_mean": 1.0,
    "terminal_reward_payment_count_max": 1,
    "safe_contact_episode_rate": 0.0,
    "stable_landing_episode_rate": 0.0,
    "progress_score_mean": 0.95534069241581,
    "progress_score_std": 0.023892566908488604,
    "episode_length_mean": 402.3333333333333,
    "episode_length_std": 268.9657144610732,
    "contact_toggle_mean": 184.5,
    "contact_toggle_max": 597.0,
    "reward_repetition_risk": false,
    "one_time_repeat_violations": [],
    "terminal_goal_evidence": true,
    "unstable_contact_behavior": true,
    "event_rule_payment_stats": {
      "r_landing_success": {
        "episode_payment_counts": [
          1,
          1,
          1,
          1,
          1,
          1
        ],
        "episode_paid_rate": 1.0,
        "payment_count_mean": 1.0,
        "payment_count_max": 1,
        "one_time": true
      }
    },
    "terminal_rule_names": [
      "r_landing_success"
    ],
    "one_time_rule_names": [
      "r_crash",
      "r_landing_success"
    ],
    "semantic_risks": [
      "unstable_contact_behavior",
      "terminal_goal_evidence_present"
    ]
  },
  "experiment_mode": {
    "use_memory": true,
    "use_attribution": true,
    "use_hack_detector": true,
    "use_llm_edit": true,
    "use_operator_constraints": true,
    "free_rewrite": false,
    "one_shot": false
  }
}