{
  "note": "Post-hoc oracle reward evaluation only. Not used by EG-RSA reward search.",
  "env_id": "LunarLander-v3",
  "num_episodes": 10,
  "return_mean": 220.59305638198262,
  "return_std": 83.76071971851847,
  "episode_length_mean": 348.0,
  "episode_returns": [
    259.435855415402,
    298.6253950353022,
    214.6324076986133,
    290.7071393714206,
    252.7389327027239,
    7.221388388804911,
    277.90516738560143,
    145.8322447438852,
    261.1877528469989,
    197.64428023107374
  ],
  "episode_lengths": [
    248,
    319,
    265,
    223,
    277,
    234,
    254,
    1000,
    240,
    420
  ]
}