{
  "eval_generated_return": -76.01795548513542,
  "eval_hidden_return": -104.88232977289245,
  "eval_episode_length": 59.7,
  "component_returns": {
    "distance_reward": -24.83906800322954,
    "velocity_penalty": -34.14858347564141,
    "angle_penalty": -2.030304006264487,
    "fuel_efficiency": 0.0,
    "terminal": -15.0
  },
  "diagnostics": {
    "generated_private_gap": 28.86437428775703,
    "action_mean": 0.559463986599665,
    "action_std": 1.0475616007326254,
    "episode_length_mean": 59.7,
    "component_returns": {
      "distance_reward": -24.83906800322954,
      "velocity_penalty": -34.14858347564141,
      "angle_penalty": -2.030304006264487,
      "fuel_efficiency": 0.0,
      "terminal": -15.0
    },
    "ppo_n_envs": 1,
    "ppo_vec_env_type": "dummy",
    "ppo_total_timesteps": 2000000,
    "ppo_n_steps": 1024,
    "ppo_batch_size": 64,
    "ppo_n_epochs": 4,
    "ppo_gae_lambda": 0.98,
    "ppo_gamma": 0.999,
    "ppo_ent_coef": 0.01,
    "ppo_learning_rate": 0.0003,
    "ppo_clip_range": 0.2,
    "ppo_vf_coef": 0.5,
    "ppo_max_grad_norm": 0.5
  }
}