{
  "attribution": {
    "episode_reward_mean": 3382.502245534098,
    "episode_reward_std": 435.72208543575175,
    "component_stats": {
      "r_approach_region": {
        "sum": 8315.218459732367,
        "abs_sum": 8315.218459732367,
        "mean": 1.3858697432887277,
        "std": 0.26232744398891894,
        "min": 0.39977867934860045,
        "max": 1.5,
        "ratio": 0.4049288046770266,
        "trigger_rate": 1.0
      },
      "r_approach_progress": {
        "sum": 8.842291084130684,
        "abs_sum": 8.842291084130684,
        "mean": 0.0014737151806884473,
        "std": 0.004776205625469668,
        "min": 0.0,
        "max": 0.03125662292707321,
        "ratio": 0.00043059582579128164,
        "trigger_rate": 0.13616666666666666
      },
      "r_stability": {
        "sum": 4554.757334993214,
        "abs_sum": 4554.757334993214,
        "mean": 0.759126222498869,
        "std": 0.1400124261583553,
        "min": 0.21828254074574754,
        "max": 0.9690159325887793,
        "ratio": 0.22180444833581478,
        "trigger_rate": 1.0
      },
      "r_landing_quality": {
        "sum": 7536.195387394876,
        "abs_sum": 7536.195387394876,
        "mean": 1.2560325645658126,
        "std": 0.5199607033476269,
        "min": 0.09708963463751974,
        "max": 1.9357822333192325,
        "ratio": 0.3669924734759822,
        "trigger_rate": 1.0
      },
      "r_energy": {
        "sum": -120.0,
        "abs_sum": 120.0,
        "mean": -0.02,
        "std": 0.0,
        "min": -0.02,
        "max": -0.02,
        "ratio": 0.005843677685265187,
        "trigger_rate": 1.0
      },
      "r_safe_contact_once": {
        "sum": 0.0,
        "abs_sum": 0.0,
        "mean": 0.0,
        "std": 0.0,
        "min": 0.0,
        "max": 0.0,
        "ratio": 0.0,
        "trigger_rate": 0.0
      },
      "r_stable_landing_once": {
        "sum": 0.0,
        "abs_sum": 0.0,
        "mean": 0.0,
        "std": 0.0,
        "min": 0.0,
        "max": 0.0,
        "ratio": 0.0,
        "trigger_rate": 0.0
      }
    },
    "dominant_component": "r_approach_region",
    "dominant_component_ratio": 0.4049288046770266
  },
  "diagnostics": {
    "hack_flags": {
      "high_reward_low_progress": false,
      "component_dominance": false,
      "repeated_event_exploitation": true,
      "shaping_goal_mismatch": true,
      "terminal_success_dominance": false,
      "unstable_contact_behavior": true,
      "reward_repetition_risk": false
    },
    "failure_modes": [
      "repeated_event_exploitation",
      "shaping_goal_mismatch"
    ],
    "hack_score": 0.4,
    "suspected_components": [],
    "dominant_component": "r_approach_region",
    "dominant_component_ratio": 0.4049288046770266,
    "raw_component_dominance": false,
    "benign_terminal_dominance": false,
    "repeated_event_details": {
      "flag": true,
      "event_toggle_counts": {
        "landing_region": 11
      },
      "max_event": "landing_region",
      "max_toggle_count": 11
    },
    "semantic_notes": []
  },
  "semantic_outcome": {
    "episode_count": 6,
    "semantic_score": 0.4655604904077295,
    "success_episode_rate": 0.0,
    "terminal_reward_paid_episode_rate": 0.0,
    "terminal_reward_payment_count_mean": 0.0,
    "terminal_reward_payment_count_max": 0,
    "safe_contact_episode_rate": 0.0,
    "stable_landing_episode_rate": 0.0,
    "progress_score_mean": 0.5655604904077295,
    "progress_score_std": 0.19644677289368423,
    "episode_length_mean": 1000.0,
    "episode_length_std": 0.0,
    "contact_toggle_mean": 7.333333333333333,
    "contact_toggle_max": 15.0,
    "reward_repetition_risk": false,
    "one_time_repeat_violations": [],
    "terminal_goal_evidence": false,
    "unstable_contact_behavior": true,
    "event_rule_payment_stats": {
      "r_stable_landing_once": {
        "episode_payment_counts": [
          0,
          0,
          0,
          0,
          0,
          0
        ],
        "episode_paid_rate": 0.0,
        "payment_count_mean": 0.0,
        "payment_count_max": 0,
        "one_time": true
      }
    },
    "terminal_rule_names": [
      "r_stable_landing_once"
    ],
    "one_time_rule_names": [
      "r_safe_contact_once",
      "r_stable_landing_once"
    ],
    "semantic_risks": [
      "unstable_contact_behavior"
    ]
  },
  "experiment_mode": {
    "use_memory": true,
    "use_attribution": true,
    "use_hack_detector": true,
    "use_llm_edit": true,
    "use_operator_constraints": true,
    "free_rewrite": false,
    "one_shot": false
  }
}