{
  "note": "Post-hoc oracle reward evaluation only. Not used by EG-RSA reward search.",
  "env_id": "LunarLander-v3",
  "num_episodes": 6,
  "return_mean": 2.3649117954793106,
  "return_std": 112.67859731198205,
  "episode_length_mean": 732.1666666666666,
  "episode_returns": [
    -27.868620267015526,
    13.283293444825205,
    -94.41378115090457,
    -54.361551742461344,
    243.09305499648042,
    -65.54292450804832
  ],
  "episode_lengths": [
    1000,
    144,
    1000,
    1000,
    249,
    1000
  ]
}