{
  "attribution": {
    "episode_reward_mean": 313.0946419978979,
    "episode_reward_std": 108.71375985294299,
    "component_stats": {
      "r_center_guidance": {
        "sum": 150.91574542209273,
        "abs_sum": 150.91574542209273,
        "mean": 0.0966788888033906,
        "std": 0.05998528047936376,
        "min": 0.0,
        "max": 0.19907226563664154,
        "ratio": 0.06851533586192635,
        "trigger_rate": 0.8923766816143498
      },
      "r_stability": {
        "sum": -79.24839647627618,
        "abs_sum": 79.24839647627618,
        "mean": -0.05076771074713401,
        "std": 0.047017712835044176,
        "min": -0.2821872178465128,
        "max": -0.00010239536554035311,
        "ratio": 0.03597855535818928,
        "trigger_rate": 1.0
      },
      "r_vertical_safety": {
        "sum": -18.811111388375494,
        "abs_sum": 18.811111388375494,
        "mean": -0.012050679941303969,
        "std": 0.03032680779320866,
        "min": -0.12748080492019653,
        "max": 0.0,
        "ratio": 0.008540193146221432,
        "trigger_rate": 0.2966047405509289
      },
      "r_fuel_penalty": {
        "sum": -37.05,
        "abs_sum": 37.05,
        "mean": -0.023734785393978216,
        "std": 0.024967964114054414,
        "min": -0.05,
        "max": -0.0,
        "ratio": 0.01682059871608836,
        "trigger_rate": 0.4746957078795644
      },
      "r_descent_guidance": {
        "sum": 889.6963979959485,
        "abs_sum": 889.6963979959485,
        "mean": 0.5699528494528818,
        "std": 0.07356690573357212,
        "min": 0.29930906295776366,
        "max": 0.6,
        "ratio": 0.40391973251927377,
        "trigger_rate": 1.0
      },
      "r_velocity_penalty": {
        "sum": -26.934783566001926,
        "abs_sum": 26.934783566001926,
        "mean": -0.01725482611531193,
        "std": 0.010514158734093735,
        "min": -0.04564755201339722,
        "max": -0.0,
        "ratio": 0.01222831810710958,
        "trigger_rate": 0.9698910954516335
      },
      "r_landing_success": {
        "sum": 1000.0,
        "abs_sum": 1000.0,
        "mean": 0.6406149903907752,
        "std": 11.301000420858395,
        "min": 0.0,
        "max": 200.0,
        "ratio": 0.4539972662911839,
        "trigger_rate": 0.0032030749519538757
      },
      "r_crash": {
        "sum": 0.0,
        "abs_sum": 0.0,
        "mean": 0.0,
        "std": 0.0,
        "min": 0.0,
        "max": 0.0,
        "ratio": 0.0,
        "trigger_rate": 0.0
      }
    },
    "dominant_component": "r_landing_success",
    "dominant_component_ratio": 0.4539972662911839
  },
  "diagnostics": {
    "hack_flags": {
      "high_reward_low_progress": false,
      "component_dominance": false,
      "repeated_event_exploitation": false,
      "shaping_goal_mismatch": true,
      "terminal_success_dominance": false,
      "unstable_contact_behavior": true,
      "reward_repetition_risk": false
    },
    "failure_modes": [
      "shaping_goal_mismatch"
    ],
    "hack_score": 0.2,
    "suspected_components": [],
    "dominant_component": "r_landing_success",
    "dominant_component_ratio": 0.4539972662911839,
    "raw_component_dominance": false,
    "benign_terminal_dominance": false,
    "repeated_event_details": {
      "flag": true,
      "event_toggle_counts": {
        "right_contact": 10,
        "contact": 6,
        "left_contact": 7,
        "both_contact": 11
      },
      "max_event": "both_contact",
      "max_toggle_count": 11
    },
    "semantic_notes": [
      "contact_or_landing_toggles_observed_but_not_repeated_reward_exploitation"
    ]
  },
  "semantic_outcome": {
    "episode_count": 6,
    "semantic_score": 1.7737086605140162,
    "success_episode_rate": 0.0,
    "terminal_reward_paid_episode_rate": 0.8333333333333334,
    "terminal_reward_payment_count_mean": 0.8333333333333334,
    "terminal_reward_payment_count_max": 1,
    "safe_contact_episode_rate": 0.0,
    "stable_landing_episode_rate": 0.0,
    "progress_score_mean": 0.9663919938473494,
    "progress_score_std": 0.02522452020673926,
    "episode_length_mean": 260.1666666666667,
    "episode_length_std": 42.2863912965967,
    "contact_toggle_mean": 108.5,
    "contact_toggle_max": 132.0,
    "reward_repetition_risk": false,
    "one_time_repeat_violations": [],
    "terminal_goal_evidence": true,
    "unstable_contact_behavior": true,
    "event_rule_payment_stats": {
      "r_landing_success": {
        "episode_payment_counts": [
          1,
          1,
          1,
          0,
          1,
          1
        ],
        "episode_paid_rate": 0.8333333333333334,
        "payment_count_mean": 0.8333333333333334,
        "payment_count_max": 1,
        "one_time": true
      }
    },
    "terminal_rule_names": [
      "r_landing_success"
    ],
    "one_time_rule_names": [
      "r_crash",
      "r_landing_success"
    ],
    "semantic_risks": [
      "unstable_contact_behavior",
      "terminal_goal_evidence_present"
    ]
  },
  "experiment_mode": {
    "use_memory": true,
    "use_attribution": true,
    "use_hack_detector": true,
    "use_llm_edit": true,
    "use_operator_constraints": true,
    "free_rewrite": false,
    "one_shot": false
  }
}