{
  "memory_id": "iter_009_to_010",
  "env_family": "landing_control",
  "failure_modes": [
    "shaping_goal_mismatch"
  ],
  "reward_attribution": {
    "episode_reward_mean": 313.0946419978979,
    "episode_reward_std": 108.71375985294299,
    "component_stats": {
      "r_center_guidance": {
        "sum": 150.91574542209273,
        "abs_sum": 150.91574542209273,
        "mean": 0.0966788888033906,
        "std": 0.05998528047936376,
        "min": 0.0,
        "max": 0.19907226563664154,
        "ratio": 0.06851533586192635,
        "trigger_rate": 0.8923766816143498
      },
      "r_stability": {
        "sum": -79.24839647627618,
        "abs_sum": 79.24839647627618,
        "mean": -0.05076771074713401,
        "std": 0.047017712835044176,
        "min": -0.2821872178465128,
        "max": -0.00010239536554035311,
        "ratio": 0.03597855535818928,
        "trigger_rate": 1.0
      },
      "r_vertical_safety": {
        "sum": -18.811111388375494,
        "abs_sum": 18.811111388375494,
        "mean": -0.012050679941303969,
        "std": 0.03032680779320866,
        "min": -0.12748080492019653,
        "max": 0.0,
        "ratio": 0.008540193146221432,
        "trigger_rate": 0.2966047405509289
      },
      "r_fuel_penalty": {
        "sum": -37.05,
        "abs_sum": 37.05,
        "mean": -0.023734785393978216,
        "std": 0.024967964114054414,
        "min": -0.05,
        "max": -0.0,
        "ratio": 0.01682059871608836,
        "trigger_rate": 0.4746957078795644
      },
      "r_descent_guidance": {
        "sum": 889.6963979959485,
        "abs_sum": 889.6963979959485,
        "mean": 0.5699528494528818,
        "std": 0.07356690573357212,
        "min": 0.29930906295776366,
        "max": 0.6,
        "ratio": 0.40391973251927377,
        "trigger_rate": 1.0
      },
      "r_velocity_penalty": {
        "sum": -26.934783566001926,
        "abs_sum": 26.934783566001926,
        "mean": -0.01725482611531193,
        "std": 0.010514158734093735,
        "min": -0.04564755201339722,
        "max": -0.0,
        "ratio": 0.01222831810710958,
        "trigger_rate": 0.9698910954516335
      },
      "r_landing_success": {
        "sum": 1000.0,
        "abs_sum": 1000.0,
        "mean": 0.6406149903907752,
        "std": 11.301000420858395,
        "min": 0.0,
        "max": 200.0,
        "ratio": 0.4539972662911839,
        "trigger_rate": 0.0032030749519538757
      },
      "r_crash": {
        "sum": 0.0,
        "abs_sum": 0.0,
        "mean": 0.0,
        "std": 0.0,
        "min": 0.0,
        "max": 0.0,
        "ratio": 0.0,
        "trigger_rate": 0.0
      }
    },
    "dominant_component": "r_landing_success",
    "dominant_component_ratio": 0.4539972662911839
  },
  "edit_plan": [],
  "outcome": {
    "status": "not_applicable",
    "before": {
      "task_score": 0.9403753271806827,
      "semantic_score": 1.7737086605140162,
      "selection_score": 2.5140839876946988,
      "hack_score": 0.2,
      "true_hack_risk": true,
      "terminal_goal_evidence": true,
      "reward_repetition_risk": false,
      "high_reward_low_progress": false,
      "shaping_goal_mismatch": true,
      "unstable_contact_behavior": true,
      "benign_terminal_dominance": false,
      "success_episode_rate": 0.0,
      "terminal_reward_paid_episode_rate": 0.8333333333333334,
      "safe_contact_episode_rate": 0.0,
      "stable_landing_episode_rate": 0.0
    },
    "after": {},
    "delta": {},
    "note": "No schema transition was committed for this iteration."
  },
  "lesson": "Final iteration; edit generation skipped.",
  "metadata": {
    "config_path": "configs/eg_rsa_deepseek_v2_bootstrap_10x1m.yml",
    "iteration": 9,
    "schema_snapshot": {
      "version": 5,
      "components": [
        {
          "name": "r_center_guidance",
          "type": "formula_component",
          "weight": 0.2,
          "inputs": [],
          "params": {
            "formula_ast": {
              "op": "sub",
              "left": {
                "const": 1.0
              },
              "right": {
                "op": "min",
                "args": [
                  {
                    "const": 1.0
                  },
                  {
                    "op": "div",
                    "left": {
                      "op": "abs",
                      "arg": {
                        "var": "x"
                      }
                    },
                    "right": {
                      "const": 0.2
                    }
                  }
                ]
              }
            }
          },
          "clip": [
            0.0,
            1.0
          ],
          "enabled": true,
          "semantic_role": "dense_guidance",
          "reward_timing": "dense",
          "behavior_channel": "progress",
          "formula_ast": {
            "op": "sub",
            "left": {
              "const": 1.0
            },
            "right": {
              "op": "min",
              "args": [
                {
                  "const": 1.0
                },
                {
                  "op": "div",
                  "left": {
                    "op": "abs",
                    "arg": {
                      "var": "x"
                    }
                  },
                  "right": {
                    "const": 0.2
                  }
                }
              ]
            }
          }
        },
        {
          "name": "r_stability",
          "type": "formula_component",
          "weight": 0.5,
          "inputs": [],
          "params": {
            "formula_ast": {
              "op": "sub",
              "left": {
                "const": 0.0
              },
              "right": {
                "op": "add",
                "args": [
                  {
                    "op": "abs",
                    "arg": {
                      "var": "angle"
                    }
                  },
                  {
                    "op": "mul",
                    "args": [
                      {
                        "const": 0.5
                      },
                      {
                        "op": "abs",
                        "arg": {
                          "var": "angular_velocity"
                        }
                      }
                    ]
                  }
                ]
              }
            }
          },
          "clip": [
            -1.0,
            0.0
          ],
          "enabled": true,
          "semantic_role": "stability_quality",
          "reward_timing": "dense",
          "behavior_channel": "safety",
          "formula_ast": {
            "op": "sub",
            "left": {
              "const": 0.0
            },
            "right": {
              "op": "add",
              "args": [
                {
                  "op": "abs",
                  "arg": {
                    "var": "angle"
                  }
                },
                {
                  "op": "mul",
                  "args": [
                    {
                      "const": 0.5
                    },
                    {
                      "op": "abs",
                      "arg": {
                        "var": "angular_velocity"
                      }
                    }
                  ]
                }
              ]
            }
          }
        },
        {
          "name": "r_vertical_safety",
          "type": "conditional_formula_component",
          "weight": 0.5,
          "inputs": [],
          "params": {
            "formula_ast": {
              "op": "neg",
              "arg": {
                "op": "abs",
                "arg": {
                  "var": "vy"
                }
              }
            },
            "condition_ast": {
              "op": "lt",
              "left": {
                "var": "y"
              },