{
  "note": "Post-hoc oracle reward evaluation only. Not used by EG-RSA reward search.",
  "env_id": "LunarLander-v3",
  "num_episodes": 10,
  "return_mean": 198.80190376631634,
  "return_std": 114.70359249214546,
  "episode_length_mean": 328.7,
  "episode_returns": [
    172.0105550652834,
    45.99396638719293,
    -3.1428696965321734,
    298.4191626505833,
    305.45732261190517,
    262.7282380856259,
    281.878001244854,
    290.41185069913934,
    276.7530125184519,
    57.50979809665958
  ],
  "episode_lengths": [
    1000,
    198,
    183,
    260,
    277,
    275,
    297,
    312,
    263,
    222
  ]
}