{
  "tool": "trajectory_inspector",
  "num_episodes": 6,
  "success_count": 0,
  "success_rate": 0.0,
  "episode_length_mean": 260.1666666666667,
  "safe_contact_rate_mean": 0.0,
  "stable_landing_rate_mean": 0.0,
  "contact_toggle_mean": 108.5,
  "contact_toggle_max": 132,
  "worst_episodes": [
    {
      "episode": 3,
      "success": 0.0,
      "progress_score": 0.91162091028515,
      "episode_length": 174,
      "safe_contact_rate": 0.0,
      "stable_landing_rate": 0.0,
      "contact_rate": 0.09195402298850575,
      "both_contact_rate": 0.05747126436781609,
      "contact_toggle_count": 84,
      "episode_reward": 72.84921032866404,
      "oracle_reward_posthoc": 68.62516209578723
    },
    {
      "episode": 5,
      "success": 0.0,
      "progress_score": 0.9664603778678907,
      "episode_length": 291,
      "safe_contact_rate": 0.0,
      "stable_landing_rate": 0.0,
      "contact_rate": 0.2611683848797251,
      "both_contact_rate": 0.08247422680412371,
      "contact_toggle_count": 130,
      "episode_reward": 369.3128586862113,
      "oracle_reward_posthoc": 254.9871884586576
    },
    {
      "episode": 1,
      "success": 0.0,
      "progress_score": 0.9737261811170029,
      "episode_length": 267,
      "safe_contact_rate": 0.0,
      "stable_landing_rate": 0.0,
      "contact_rate": 0.30711610486891383,
      "both_contact_rate": 0.30337078651685395,
      "contact_toggle_count": 132,
      "episode_reward": 364.12378746540287,
      "oracle_reward_posthoc": 257.2297355334749
    }
  ],
  "best_episodes": []
}