{
  "attribution": {
    "episode_reward_mean": 446.7344783691874,
    "episode_reward_std": 38.44111890235862,
    "component_stats": {
      "r_approach_progress": {
        "sum": 21.600639110309295,
        "abs_sum": 21.600639110309295,
        "mean": 0.016364120538113102,
        "std": 0.03248453432033334,
        "min": 0.0,
        "max": 0.15920692372152878,
        "ratio": 0.007947001012737997,
        "trigger_rate": 0.31893939393939397
      },
      "r_stability": {
        "sum": 699.6235460217213,
        "abs_sum": 699.6235460217213,
        "mean": 0.5300178378952434,
        "std": 0.22993075103511224,
        "min": 0.19280755817043027,
        "max": 0.9972184581164296,
        "ratio": 0.2573955798426538,
        "trigger_rate": 1.0
      },
      "r_landing_quality": {
        "sum": 1138.0226850830943,
        "abs_sum": 1138.0226850830943,
        "mean": 0.8621383977902229,
        "std": 0.6188196614121206,
        "min": 0.08357715120479375,
        "max": 1.9944369162328592,
        "ratio": 0.4186851780028034,
        "trigger_rate": 1.0
      },
      "r_energy": {
        "sum": -18.84,
        "abs_sum": 18.84,
        "mean": -0.014272727272727272,
        "std": 0.009041227884136787,
        "min": -0.02,
        "max": -0.0,
        "ratio": 0.006931345795621694,
        "trigger_rate": 0.7136363636363636
      },
      "r_safe_contact_once": {
        "sum": 60.0,
        "abs_sum": 60.0,
        "mean": 0.045454545454545456,
        "std": 0.6726658448613064,
        "min": 0.0,
        "max": 10.0,
        "ratio": 0.02207434966758501,
        "trigger_rate": 0.004545454545454545
      },
      "r_stable_landing_once": {
        "sum": 480.0,
        "abs_sum": 480.0,
        "mean": 0.36363636363636365,
        "std": 5.381326758890451,
        "min": 0.0,
        "max": 80.0,
        "ratio": 0.1765947973406801,
        "trigger_rate": 0.004545454545454545
      },
      "r_landing_region_entry_once": {
        "sum": 300.0,
        "abs_sum": 300.0,
        "mean": 0.22727272727272727,
        "std": 3.363329224306532,
        "min": 0.0,
        "max": 50.0,
        "ratio": 0.11037174833792505,
        "trigger_rate": 0.004545454545454545
      }
    },
    "dominant_component": "r_landing_quality",
    "dominant_component_ratio": 0.4186851780028034
  },
  "diagnostics": {
    "hack_flags": {
      "high_reward_low_progress": false,
      "component_dominance": false,
      "repeated_event_exploitation": false,
      "shaping_goal_mismatch": false,
      "terminal_success_dominance": false,
      "unstable_contact_behavior": true,
      "reward_repetition_risk": false
    },
    "failure_modes": [],
    "hack_score": 0.0,
    "suspected_components": [],
    "dominant_component": "r_landing_quality",
    "dominant_component_ratio": 0.4186851780028034,
    "raw_component_dominance": false,
    "benign_terminal_dominance": false,
    "repeated_event_details": {
      "flag": true,
      "event_toggle_counts": {
        "landing_region": 6,
        "left_contact": 18,
        "contact": 18,
        "safe_contact": 10,
        "right_contact": 8,
        "both_contact": 6,
        "stable_both_contact": 6,
        "stable_landing_condition": 6
      },
      "max_event": "left_contact",
      "max_toggle_count": 18
    },
    "semantic_notes": [
      "contact_or_landing_toggles_observed_but_not_repeated_reward_exploitation"
    ]
  },
  "semantic_outcome": {
    "episode_count": 6,
    "semantic_score": 4.472429656632472,
    "success_episode_rate": 1.0,
    "terminal_reward_paid_episode_rate": 1.0,
    "terminal_reward_payment_count_mean": 2.0,
    "terminal_reward_payment_count_max": 2,
    "safe_contact_episode_rate": 1.0,
    "stable_landing_episode_rate": 1.0,
    "progress_score_mean": 0.9944296566324718,
    "progress_score_std": 0.004297276918508668,
    "episode_length_mean": 220.0,
    "episode_length_std": 21.878452108562588,
    "contact_toggle_mean": 32.333333333333336,
    "contact_toggle_max": 67.0,
    "reward_repetition_risk": false,
    "one_time_repeat_violations": [],
    "terminal_goal_evidence": true,
    "unstable_contact_behavior": true,
    "event_rule_payment_stats": {
      "r_stable_landing_once": {
        "episode_payment_counts": [
          1,
          1,
          1,
          1,
          1,
          1
        ],
        "episode_paid_rate": 1.0,
        "payment_count_mean": 1.0,
        "payment_count_max": 1,
        "one_time": true
      },
      "r_landing_region_entry_once": {
        "episode_payment_counts": [
          1,
          1,
          1,
          1,
          1,
          1
        ],
        "episode_paid_rate": 1.0,
        "payment_count_mean": 1.0,
        "payment_count_max": 1,
        "one_time": true
      }
    },
    "terminal_rule_names": [
      "r_landing_region_entry_once",
      "r_stable_landing_once"
    ],
    "one_time_rule_names": [
      "r_landing_region_entry_once",
      "r_safe_contact_once",
      "r_stable_landing_once"
    ],
    "semantic_risks": [
      "unstable_contact_behavior",
      "terminal_goal_evidence_present"
    ]
  },
  "experiment_mode": {
    "use_memory": true,
    "use_attribution": true,
    "use_hack_detector": true,
    "use_llm_edit": true,
    "use_operator_constraints": true,
    "free_rewrite": false,
    "one_shot": false
  }
}