{
  "memory_id": "iter_005_to_006",
  "env_family": "landing_control",
  "failure_modes": [],
  "reward_attribution": {
    "episode_reward_mean": 446.7344783691874,
    "episode_reward_std": 38.44111890235862,
    "component_stats": {
      "r_approach_progress": {
        "sum": 21.600639110309295,
        "abs_sum": 21.600639110309295,
        "mean": 0.016364120538113102,
        "std": 0.03248453432033334,
        "min": 0.0,
        "max": 0.15920692372152878,
        "ratio": 0.007947001012737997,
        "trigger_rate": 0.31893939393939397
      },
      "r_stability": {
        "sum": 699.6235460217213,
        "abs_sum": 699.6235460217213,
        "mean": 0.5300178378952434,
        "std": 0.22993075103511224,
        "min": 0.19280755817043027,
        "max": 0.9972184581164296,
        "ratio": 0.2573955798426538,
        "trigger_rate": 1.0
      },
      "r_landing_quality": {
        "sum": 1138.0226850830943,
        "abs_sum": 1138.0226850830943,
        "mean": 0.8621383977902229,
        "std": 0.6188196614121206,
        "min": 0.08357715120479375,
        "max": 1.9944369162328592,
        "ratio": 0.4186851780028034,
        "trigger_rate": 1.0
      },
      "r_energy": {
        "sum": -18.84,
        "abs_sum": 18.84,
        "mean": -0.014272727272727272,
        "std": 0.009041227884136787,
        "min": -0.02,
        "max": -0.0,
        "ratio": 0.006931345795621694,
        "trigger_rate": 0.7136363636363636
      },
      "r_safe_contact_once": {
        "sum": 60.0,
        "abs_sum": 60.0,
        "mean": 0.045454545454545456,
        "std": 0.6726658448613064,
        "min": 0.0,
        "max": 10.0,
        "ratio": 0.02207434966758501,
        "trigger_rate": 0.004545454545454545
      },
      "r_stable_landing_once": {
        "sum": 480.0,
        "abs_sum": 480.0,
        "mean": 0.36363636363636365,
        "std": 5.381326758890451,
        "min": 0.0,
        "max": 80.0,
        "ratio": 0.1765947973406801,
        "trigger_rate": 0.004545454545454545
      },
      "r_landing_region_entry_once": {
        "sum": 300.0,
        "abs_sum": 300.0,
        "mean": 0.22727272727272727,
        "std": 3.363329224306532,
        "min": 0.0,
        "max": 50.0,
        "ratio": 0.11037174833792505,
        "trigger_rate": 0.004545454545454545
      }
    },
    "dominant_component": "r_landing_quality",
    "dominant_component_ratio": 0.4186851780028034
  },
  "edit_plan": [],
  "outcome": {
    "status": "not_applicable",
    "before": {
      "task_score": 2.972429656632472,
      "semantic_score": 4.472429656632472,
      "selection_score": 7.444859313264944,
      "hack_score": 0.0,
      "true_hack_risk": false,
      "terminal_goal_evidence": true,
      "reward_repetition_risk": false,
      "high_reward_low_progress": false,
      "shaping_goal_mismatch": false,
      "unstable_contact_behavior": true,
      "benign_terminal_dominance": false,
      "success_episode_rate": 1.0,
      "terminal_reward_paid_episode_rate": 1.0,
      "safe_contact_episode_rate": 1.0,
      "stable_landing_episode_rate": 1.0
    },
    "after": {},
    "delta": {},
    "note": "No edit was generated for this iteration."
  },
  "lesson": "Reward appears aligned; prefer checkpoint continuation before risky reward edits.",
  "metadata": {
    "config_path": "configs/eg_rsa_deepseek_v1_role_attrib_10x1m.yml",
    "iteration": 5,
    "schema_snapshot": {
      "version": 2,
      "components": [
        {
          "name": "r_approach_region",
          "type": "metric_value",
          "weight": 1.5,
          "inputs": [],
          "params": {
            "metric": "approach_region_score"
          },
          "clip": [
            0.0,
            1.0
          ],
          "enabled": false,
          "semantic_role": "dense_guidance",
          "reward_timing": "dense",
          "behavior_channel": "progress"
        },
        {
          "name": "r_approach_progress",
          "type": "metric_delta",
          "weight": 5.0,
          "inputs": [],
          "params": {
            "metric": "approach_region_score",
            "positive_only": true
          },
          "clip": [
            0.0,
            1.0
          ],
          "enabled": true,
          "semantic_role": "dense_guidance",
          "reward_timing": "dense",
          "behavior_channel": "progress"
        },
        {
          "name": "r_stability",
          "type": "metric_value",
          "weight": 1.0,
          "inputs": [],
          "params": {
            "metric": "stability"
          },
          "clip": [
            0.0,
            1.0
          ],
          "enabled": true,
          "semantic_role": "stability_quality",
          "reward_timing": "dense",
          "behavior_channel": "stability"
        },
        {
          "name": "r_landing_quality",
          "type": "metric_value",
          "weight": 2.0,
          "inputs": [],
          "params": {
            "metric": "landing_quality"
          },
          "clip": [
            0.0,
            1.0
          ],
          "enabled": true,
          "semantic_role": "stability_quality",
          "reward_timing": "dense",
          "behavior_channel": "stability"
        },
        {
          "name": "r_energy",
          "type": "action_penalty",
          "weight": 0.02,
          "inputs": [
            "action"
          ],
          "params": {},
          "clip": [
            -1.0,
            0.0
          ],
          "enabled": true,
          "semantic_role": "control_cost",
          "reward_timing": "dense",
          "behavior_channel": "control_effort"
        }
      ],
      "event_rules": [
        {
          "name": "r_safe_contact_once",
          "type": "event_bonus",
          "weight": 10.0,
          "condition": {
            "safe_contact": true,
            "duration_steps": 2
          },
          "one_time": true,
          "enabled": true,
          "semantic_role": "safety_constraint",
          "reward_timing": "sparse_event",
          "behavior_channel": "safety"
        },
        {
          "name": "r_stable_landing_once",
          "type": "event_bonus",
          "weight": 80.0,
          "condition": {
            "stable_landing_condition": true,
            "duration_steps": 5
          },
          "one_time": true,
          "enabled": true,
          "semantic_role": "terminal_success",
          "reward_timing": "sparse_terminal",
          "behavior_channel": "success"
        },
        {
          "name": "r_landing_region_entry_once",
          "type": "event_bonus",
          "weight": 50.0,
          "condition": {
            "landing_region": true,
            "duration_steps": 1
          },
          "one_time": true,
          "enabled": true,
          "semantic_role": "approach_progress",
          "reward_timing": "sparse_event",
          "behavior_channel": "progress"
        }
      ],
      "metadata": {
        "env": "LunarLander-v3",
        "note": "Aligned initial schema for EG-RSA. v1 adds semantic_role metadata so generic tools can reason over reward roles rather than environment-specific names.",
        "semantic_role_version": 1
      }
    },
    "validation_errors": [],
    "validation_warnings": [],
    "candidate_evaluation": {},
    "gate_result": {},
    "reflection_report": {
      "strategy": {
        "recommended_next_action": "continue_training",
        "plan_type": "continue_training",
        "max_reasonable_edits": 0
      },
      "rationale": "Reward appears aligned; prefer checkpoint continuation before risky reward edits.",
      "source": "AgentActionController"
    },
    "semantic_outcome": {
      "episode_count": 6,
      "semantic_score": 4.472429656632472,
      "success_episode_rate": 1.0,
      "terminal_reward_paid_episode_rate": 1.0,
      "terminal_reward_payment_count_mean": 2.0,
      "terminal_reward_payment_count_max": 2,