{
  "note": "Post-hoc oracle reward evaluation only. Not used by EG-RSA reward search.",
  "env_id": "LunarLander-v3",
  "num_episodes": 10,
  "return_mean": 221.56953757365463,
  "return_std": 106.03637206868164,
  "episode_length_mean": 250.1,
  "episode_returns": [
    278.5188000621937,
    320.7114950923389,
    247.30160497471346,
    294.846536984553,
    11.508152439011937,
    265.07209613187763,
    289.14285373047414,
    20.5424084775851,
    269.7962427645115,
    218.25518507928692
  ],
  "episode_lengths": [
    217,
    235,
    205,
    247,
    100,
    241,
    213,
    146,
    577,
    320
  ]
}