{
  "tool": "trajectory_inspector",
  "num_episodes": 6,
  "success_count": 6,
  "success_rate": 1.0,
  "episode_length_mean": 220.0,
  "safe_contact_rate_mean": 0.19194052412658225,
  "stable_landing_rate_mean": 0.18362165891531476,
  "contact_toggle_mean": 32.333333333333336,
  "contact_toggle_max": 67,
  "worst_episodes": [],
  "best_episodes": [
    {
      "episode": 1,
      "success": 1.0,
      "progress_score": 0.9972184581164296,
      "episode_length": 185,
      "safe_contact_rate": 0.2,
      "stable_landing_rate": 0.17297297297297298,
      "contact_rate": 0.21621621621621623,
      "both_contact_rate": 0.17297297297297298,
      "contact_toggle_count": 25,
      "episode_reward": 393.17432002558184,
      "oracle_reward_posthoc": 265.4212726952335
    },
    {
      "episode": 4,
      "success": 1.0,
      "progress_score": 0.996979652484939,
      "episode_length": 210,
      "safe_contact_rate": 0.2,
      "stable_landing_rate": 0.19523809523809524,
      "contact_rate": 0.23333333333333334,
      "both_contact_rate": 0.19523809523809524,
      "contact_toggle_count": 35,
      "episode_reward": 416.01616671804146,
      "oracle_reward_posthoc": 260.79434610958435
    },
    {
      "episode": 0,
      "success": 1.0,
      "progress_score": 0.9852527092670003,
      "episode_length": 211,
      "safe_contact_rate": 0.18009478672985782,
      "stable_landing_rate": 0.16587677725118483,
      "contact_rate": 0.1848341232227488,
      "both_contact_rate": 0.17061611374407584,
      "contact_toggle_count": 17,
      "episode_reward": 453.14278122114354,
      "oracle_reward_posthoc": 257.53301463631794
    }
  ]
}