{
  "attribution": {
    "episode_reward_mean": 2013.5718215263878,
    "episode_reward_std": 1271.653639311868,
    "component_stats": {
      "r_approach_region": {
        "sum": 4303.342776588239,
        "abs_sum": 4303.342776588239,
        "mean": 0.9915536351585804,
        "std": 0.18212763671195653,
        "min": 0.2797852067075733,
        "max": 1.0499999999999998,
        "ratio": 0.3526465603039251,
        "trigger_rate": 1.0
      },
      "r_approach_progress": {
        "sum": 8.885581528507016,
        "abs_sum": 8.885581528507016,
        "mean": 0.0020473690157850268,
        "std": 0.008072982250847108,
        "min": 0.0,
        "max": 0.07347857403405955,
        "ratio": 0.0007281478434335549,
        "trigger_rate": 0.10990783410138248
      },
      "r_stability": {
        "sum": 3219.097411250871,
        "abs_sum": 3219.097411250871,
        "mean": 0.7417275141131039,
        "std": 0.20046779725558536,
        "min": 0.11652212959094688,
        "max": 0.9841434375107015,
        "ratio": 0.2637957718675847,
        "trigger_rate": 1.0
      },
      "r_landing_quality": {
        "sum": 4610.885159790718,
        "abs_sum": 4610.885159790718,
        "mean": 1.0624159354356493,
        "std": 0.4773968657274815,
        "min": 0.08947455943172997,
        "max": 1.968286875021403,
        "ratio": 0.37784877384221305,
        "trigger_rate": 1.0
      },
      "r_energy": {
        "sum": -60.78000000000001,
        "abs_sum": 60.78000000000001,
        "mean": -0.014004608294930878,
        "std": 0.009163138785600208,
        "min": -0.02,
        "max": -0.0,
        "ratio": 0.004980746142715056,
        "trigger_rate": 0.7002304147465438
      },
      "r_safe_contact_once": {
        "sum": 0.0,
        "abs_sum": 0.0,
        "mean": 0.0,
        "std": 0.0,
        "min": 0.0,
        "max": 0.0,
        "ratio": 0.0,
        "trigger_rate": 0.0
      },
      "r_stable_landing_once": {
        "sum": 0.0,
        "abs_sum": 0.0,
        "mean": 0.0,
        "std": 0.0,
        "min": 0.0,
        "max": 0.0,
        "ratio": 0.0,
        "trigger_rate": 0.0
      }
    },
    "dominant_component": "r_landing_quality",
    "dominant_component_ratio": 0.37784877384221305
  },
  "diagnostics": {
    "hack_flags": {
      "high_reward_low_progress": false,
      "component_dominance": false,
      "repeated_event_exploitation": false,
      "shaping_goal_mismatch": true,
      "terminal_success_dominance": false,
      "unstable_contact_behavior": true,
      "reward_repetition_risk": false
    },
    "failure_modes": [
      "shaping_goal_mismatch"
    ],
    "hack_score": 0.2,
    "suspected_components": [],
    "dominant_component": "r_landing_quality",
    "dominant_component_ratio": 0.37784877384221305,
    "raw_component_dominance": false,
    "benign_terminal_dominance": false,
    "repeated_event_details": {
      "flag": false,
      "event_toggle_counts": {
        "landing_region": 4,
        "right_contact": 5,
        "contact": 5,
        "left_contact": 3,
        "both_contact": 3
      },
      "max_event": "right_contact",
      "max_toggle_count": 5
    },
    "semantic_notes": [
      "contact_or_landing_toggles_observed_but_not_repeated_reward_exploitation"
    ]
  },
  "semantic_outcome": {
    "episode_count": 6,
    "semantic_score": 0.42204796929545574,
    "success_episode_rate": 0.0,
    "terminal_reward_paid_episode_rate": 0.0,
    "terminal_reward_payment_count_mean": 0.0,
    "terminal_reward_payment_count_max": 0,
    "safe_contact_episode_rate": 0.0,
    "stable_landing_episode_rate": 0.0,
    "progress_score_mean": 0.4943813026287891,
    "progress_score_std": 0.29599260156557833,
    "episode_length_mean": 723.3333333333334,
    "episode_length_std": 393.4677736344984,
    "contact_toggle_mean": 316.1666666666667,
    "contact_toggle_max": 499.0,
    "reward_repetition_risk": false,
    "one_time_repeat_violations": [],
    "terminal_goal_evidence": false,
    "unstable_contact_behavior": true,
    "event_rule_payment_stats": {
      "r_stable_landing_once": {
        "episode_payment_counts": [
          0,
          0,
          0,
          0,
          0,
          0
        ],
        "episode_paid_rate": 0.0,
        "payment_count_mean": 0.0,
        "payment_count_max": 0,
        "one_time": true
      }
    },
    "terminal_rule_names": [
      "r_stable_landing_once"
    ],
    "one_time_rule_names": [
      "r_safe_contact_once",
      "r_stable_landing_once"
    ],
    "semantic_risks": [
      "unstable_contact_behavior"
    ]
  },
  "experiment_mode": {
    "use_memory": true,
    "use_attribution": true,
    "use_hack_detector": true,
    "use_llm_edit": true,
    "use_operator_constraints": true,
    "free_rewrite": false,
    "one_shot": false
  }
}