{
  "note": "Post-hoc oracle reward evaluation only. Not used by EG-RSA reward search.",
  "env_id": "LunarLander-v3",
  "num_episodes": 10,
  "return_mean": -24.613340916765164,
  "return_std": 30.501895671213543,
  "episode_length_mean": 963.8,
  "episode_returns": [
    -3.422141631981818,
    -82.57569417771137,
    -56.92229048436175,
    -33.45561944323478,
    0.6674252346457432,
    -28.356100533677534,
    -51.15697392080183,
    -16.02771330629714,
    3.1211308752941918,
    21.99456822047464
  ],
  "episode_lengths": [
    1000,
    638,
    1000,
    1000,
    1000,
    1000,
    1000,
    1000,
    1000,
    1000
  ]
}