{
  "tool": "trajectory_inspector",
  "num_episodes": 6,
  "success_count": 0,
  "success_rate": 0.0,
  "episode_length_mean": 723.3333333333334,
  "safe_contact_rate_mean": 0.0,
  "stable_landing_rate_mean": 0.0,
  "contact_toggle_mean": 316.1666666666667,
  "contact_toggle_max": 499,
  "worst_episodes": [
    {
      "episode": 2,
      "success": 0.0,
      "progress_score": 0.08073551377879758,
      "episode_length": 98,
      "safe_contact_rate": 0.0,
      "stable_landing_rate": 0.0,
      "contact_rate": 0.09183673469387756,
      "both_contact_rate": 0.04081632653061224,
      "contact_toggle_count": 15,
      "episode_reward": 112.526362070962,
      "oracle_reward_posthoc": -27.673175981279343
    },
    {
      "episode": 3,
      "success": 0.0,
      "progress_score": 0.20412233125082413,
      "episode_length": 242,
      "safe_contact_rate": 0.0,
      "stable_landing_rate": 0.0,
      "contact_rate": 0.26859504132231404,
      "both_contact_rate": 0.09090909090909091,
      "contact_toggle_count": 19,
      "episode_reward": 353.2166714544033,
      "oracle_reward_posthoc": 205.0967041254945
    },
    {
      "episode": 5,
      "success": 0.0,
      "progress_score": 0.47283703391648546,
      "episode_length": 1000,
      "safe_contact_rate": 0.0,
      "stable_landing_rate": 0.0,
      "contact_rate": 0.0,
      "both_contact_rate": 0.0,
      "contact_toggle_count": 464,
      "episode_reward": 2981.763010970387,
      "oracle_reward_posthoc": -30.375290445378024
    }
  ],
  "best_episodes": []
}