{
  "eval_generated_return": -1501.9717404631972,
  "eval_hidden_return": -581.6661968663843,
  "eval_episode_length": 94.0,
  "component_returns": {
    "velocity_penalty": -440.22541291515034,
    "angle_penalty": -50.14624595052252,
    "distance_reward": -875.266748264191,
    "fuel_efficiency_penalty": -36.333333333333336,
    "ground_contact_bonus": 0.0,
    "terminal": -100.0
  },
  "diagnostics": {
    "generated_private_gap": -920.3055435968129,
    "action_mean": 1.5460992907801419,
    "action_std": 0.8377204573182072,
    "episode_length_mean": 94.0,
    "component_returns": {
      "velocity_penalty": -440.22541291515034,
      "angle_penalty": -50.14624595052252,
      "distance_reward": -875.266748264191,
      "fuel_efficiency_penalty": -36.333333333333336,
      "ground_contact_bonus": 0.0,
      "terminal": -100.0
    }
  }
}