{
  "eval_generated_return": -23.58788927259263,
  "eval_hidden_return": -100.80353025010385,
  "eval_episode_length": 76.6,
  "component_returns": {
    "distance_reward": -18.626275904192244,
    "velocity_penalty": -19.88980384432167,
    "angle_penalty": -2.571809524078708,
    "fuel_efficiency": 0.0,
    "terminal": 17.5
  },
  "diagnostics": {
    "generated_private_gap": 77.21564097751121,
    "action_mean": 0.6775456919060052,
    "action_std": 1.0883634358700596,
    "episode_length_mean": 76.6,
    "component_returns": {
      "distance_reward": -18.626275904192244,
      "velocity_penalty": -19.88980384432167,
      "angle_penalty": -2.571809524078708,
      "fuel_efficiency": 0.0,
      "terminal": 17.5
    },
    "ppo_n_envs": 1,
    "ppo_vec_env_type": "dummy",
    "ppo_total_timesteps": 2000000,
    "ppo_n_steps": 1024,
    "ppo_batch_size": 64,
    "ppo_n_epochs": 4,
    "ppo_gae_lambda": 0.98,
    "ppo_gamma": 0.999,
    "ppo_ent_coef": 0.01,
    "ppo_learning_rate": 0.0003,
    "ppo_clip_range": 0.2,
    "ppo_vf_coef": 0.5,
    "ppo_max_grad_norm": 0.5
  }
}