{
  "eval_generated_return": -343.43095565976233,
  "eval_hidden_return": -620.1095869701975,
  "eval_episode_length": 98.66666666666667,
  "component_returns": {
    "progress": -237.20387907646887,
    "stability": -26.627076583293576,
    "effort": -29.600000000000048,
    "terminal": -50.0
  },
  "diagnostics": {
    "generated_private_gap": 276.67863131043515,
    "action_mean": 2.0,
    "action_std": 0.0,
    "episode_length_mean": 98.66666666666667,
    "component_returns": {
      "progress": -237.20387907646887,
      "stability": -26.627076583293576,
      "effort": -29.600000000000048,
      "terminal": -50.0
    }
  }
}