{
  "note": "Post-hoc oracle reward evaluation only. Not used by EG-RSA reward search.",
  "env_id": "LunarLander-v3",
  "num_episodes": 3,
  "return_mean": -136.9008058808856,
  "return_std": 28.007979909223266,
  "episode_length_mean": 1000.0,
  "episode_returns": [
    -134.22303033619838,
    -104.01554214450096,
    -172.4638451619575
  ],
  "episode_lengths": [
    1000,
    1000,
    1000
  ]
}