{
  "eval_generated_return": 74.22538463628118,
  "eval_hidden_return": -94.03014130874594,
  "eval_episode_length": 75.4,
  "component_returns": {
    "distance_reward": -36.71343764123914,
    "velocity_penalty": -38.62204253667484,
    "angle_penalty": -2.639135185804844,
    "fuel_efficiency": 0.0,
    "terminal": 152.2
  },
  "diagnostics": {
    "generated_private_gap": 168.2555259450271,
    "action_mean": 0.9880636604774535,
    "action_std": 1.1749443087114122,
    "episode_length_mean": 75.4,
    "component_returns": {
      "distance_reward": -36.71343764123914,
      "velocity_penalty": -38.62204253667484,
      "angle_penalty": -2.639135185804844,
      "fuel_efficiency": 0.0,
      "terminal": 152.2
    },
    "ppo_n_envs": 1,
    "ppo_vec_env_type": "dummy",
    "ppo_total_timesteps": 2000000,
    "ppo_n_steps": 1024,
    "ppo_batch_size": 64,
    "ppo_n_epochs": 4,
    "ppo_gae_lambda": 0.98,
    "ppo_gamma": 0.999,
    "ppo_ent_coef": 0.01,
    "ppo_learning_rate": 0.0003,
    "ppo_clip_range": 0.2,
    "ppo_vf_coef": 0.5,
    "ppo_max_grad_norm": 0.5
  }
}