{
  "attribution": {
    "episode_reward_mean": 2873.22423933387,
    "episode_reward_std": 975.2447884401429,
    "component_stats": {
      "r_approach_region": {
        "sum": 12282.30007838253,
        "abs_sum": 12282.30007838253,
        "mean": 1.3330041326657835,
        "std": 0.29517635873954384,
        "min": 0.39301510173354354,
        "max": 1.5,
        "ratio": 0.4235041882100415,
        "trigger_rate": 1.0
      },
      "r_approach_progress": {
        "sum": 15.491754150816327,
        "abs_sum": 15.491754150816327,
        "mean": 0.0016813277784693214,
        "std": 0.007180221218217293,
        "min": 0.0,
        "max": 0.0814675663614477,
        "ratio": 0.0005341689035214495,
        "trigger_rate": 0.17082700238767093
      },
      "r_stability": {
        "sum": 6761.676115705003,
        "abs_sum": 6761.676115705003,
        "mean": 0.733848069861624,
        "std": 0.17992879489773328,
        "min": 0.14682790734949558,
        "max": 0.9851901284483834,
        "ratio": 0.23314836276968606,
        "trigger_rate": 1.0
      },
      "r_landing_quality": {
        "sum": 9807.454445100348,
        "abs_sum": 9807.454445100348,
        "mean": 1.0644079059149498,
        "std": 0.5525199040267673,
        "min": 0.09029546204494455,
        "max": 1.9605076664939705,
        "ratio": 0.33816939878301394,
        "trigger_rate": 1.0
      },
      "r_energy": {
        "sum": -134.67999999999998,
        "abs_sum": 134.67999999999998,
        "mean": -0.01461688734534404,
        "std": 0.008870420014881034,
        "min": -0.02,
        "max": -0.0,
        "ratio": 0.004643881333636958,
        "trigger_rate": 0.730844367267202
      },
      "r_safe_contact_once": {
        "sum": 0.0,
        "abs_sum": 0.0,
        "mean": 0.0,
        "std": 0.0,
        "min": 0.0,
        "max": 0.0,
        "ratio": 0.0,
        "trigger_rate": 0.0
      },
      "r_stable_landing_once": {
        "sum": 0.0,
        "abs_sum": 0.0,
        "mean": 0.0,
        "std": 0.0,
        "min": 0.0,
        "max": 0.0,
        "ratio": 0.0,
        "trigger_rate": 0.0
      }
    },
    "dominant_component": "r_approach_region",
    "dominant_component_ratio": 0.4235041882100415
  },
  "diagnostics": {
    "hack_flags": {
      "high_reward_low_progress": false,
      "component_dominance": false,
      "repeated_event_exploitation": true,
      "shaping_goal_mismatch": true,
      "terminal_success_dominance": false,
      "unstable_contact_behavior": true,
      "reward_repetition_risk": false
    },
    "failure_modes": [
      "repeated_event_exploitation",
      "shaping_goal_mismatch"
    ],
    "hack_score": 0.4,
    "suspected_components": [],
    "dominant_component": "r_approach_region",
    "dominant_component_ratio": 0.4235041882100415,
    "raw_component_dominance": false,
    "benign_terminal_dominance": false,
    "repeated_event_details": {
      "flag": true,
      "event_toggle_counts": {
        "landing_region": 20,
        "left_contact": 15,
        "right_contact": 11,
        "contact": 11,
        "both_contact": 15
      },
      "max_event": "landing_region",
      "max_toggle_count": 20
    },
    "semantic_notes": []
  },
  "semantic_outcome": {
    "episode_count": 10,
    "semantic_score": 0.47513239003586616,
    "success_episode_rate": 0.0,
    "terminal_reward_paid_episode_rate": 0.0,
    "terminal_reward_payment_count_mean": 0.0,
    "terminal_reward_payment_count_max": 0,
    "safe_contact_episode_rate": 0.0,
    "stable_landing_episode_rate": 0.0,
    "progress_score_mean": 0.5672723900358662,
    "progress_score_std": 0.2960316757107305,
    "episode_length_mean": 921.4,
    "episode_length_std": 235.79999999999998,
    "contact_toggle_mean": 412.0,
    "contact_toggle_max": 538.0,
    "reward_repetition_risk": false,
    "one_time_repeat_violations": [],
    "terminal_goal_evidence": false,
    "unstable_contact_behavior": true,
    "event_rule_payment_stats": {
      "r_stable_landing_once": {
        "episode_payment_counts": [
          0,
          0,
          0,
          0,
          0,
          0,
          0,
          0,
          0,
          0
        ],
        "episode_paid_rate": 0.0,
        "payment_count_mean": 0.0,
        "payment_count_max": 0,
        "one_time": true
      }
    },
    "terminal_rule_names": [
      "r_stable_landing_once"
    ],
    "one_time_rule_names": [
      "r_safe_contact_once",
      "r_stable_landing_once"
    ],
    "semantic_risks": [
      "unstable_contact_behavior"
    ]
  },
  "experiment_mode": {
    "use_memory": true,
    "use_attribution": true,
    "use_hack_detector": true,
    "use_llm_edit": true,
    "use_operator_constraints": true,
    "free_rewrite": false,
    "one_shot": false
  }
}