{
  "eval_generated_return": -118.4650204239142,
  "eval_hidden_return": -774.2276463071415,
  "eval_episode_length": 216.33333333333334,
  "component_returns": {
    "landing_bonus": 0.0,
    "distance_penalty": -44.90307510640802,
    "velocity_penalty": -49.04911365252142,
    "angle_penalty": -14.525158151596164,
    "fuel_penalty": -3.4533333333333354,
    "crash_penalty": -10.0,
    "progress": -1.4176735133885814,
    "stability": 14.883333333333383,
    "effort": 0.0,
    "terminal": -10.0
  },
  "diagnostics": {
    "generated_private_gap": 655.7626258832273,
    "action_mean": 1.62557781201849,
    "action_std": 0.8345536698862671,
    "episode_length_mean": 216.33333333333334,
    "component_returns": {
      "landing_bonus": 0.0,
      "distance_penalty": -44.90307510640802,
      "velocity_penalty": -49.04911365252142,
      "angle_penalty": -14.525158151596164,
      "fuel_penalty": -3.4533333333333354,
      "crash_penalty": -10.0,
      "progress": -1.4176735133885814,
      "stability": 14.883333333333383,
      "effort": 0.0,
      "terminal": -10.0
    }
  }
}