{
  "eval_generated_return": 1217.4121513863008,
  "eval_hidden_return": 205.07294905128046,
  "eval_episode_length": 639.0,
  "component_returns": {
    "shaping": 1088.9966189588765,
    "velocity_penalty": -16.05789747057269,
    "angle_penalty": -65.64762797491562,
    "fuel_efficiency": 0.0,
    "terminal": 210.1210578729128
  },
  "diagnostics": {
    "generated_private_gap": 1012.3392023350203,
    "action_mean": 1.5651017214397496,
    "action_std": 0.9230501323185266,
    "episode_length_mean": 639.0,
    "component_returns": {
      "shaping": 1088.9966189588765,
      "velocity_penalty": -16.05789747057269,
      "angle_penalty": -65.64762797491562,
      "fuel_efficiency": 0.0,
      "terminal": 210.1210578729128
    },
    "ppo_n_envs": 1,
    "ppo_vec_env_type": "dummy",
    "ppo_total_timesteps": 2000000,
    "ppo_n_steps": 1024,
    "ppo_batch_size": 64,
    "ppo_n_epochs": 4,
    "ppo_gae_lambda": 0.98,
    "ppo_gamma": 0.999,
    "ppo_ent_coef": 0.01,
    "ppo_learning_rate": 0.0003,
    "ppo_clip_range": 0.2,
    "ppo_vf_coef": 0.5,
    "ppo_max_grad_norm": 0.5
  }
}