{
  "attribution": {
    "episode_reward_mean": 2429.8972823748577,
    "episode_reward_std": 1342.001862824726,
    "component_stats": {
      "r_approach_region": {
        "sum": 10467.814981984073,
        "abs_sum": 10467.814981984073,
        "mean": 1.3275605557367245,
        "std": 0.30432662878489486,
        "min": 0.3930822906020874,
        "max": 1.5,
        "ratio": 0.42701212960416407,
        "trigger_rate": 1.0
      },
      "r_approach_progress": {
        "sum": 15.138986971780163,
        "abs_sum": 15.138986971780163,
        "mean": 0.0019199729831046498,
        "std": 0.006420436768493733,
        "min": 0.0,
        "max": 0.05702608072739568,
        "ratio": 0.0006175626028923424,
        "trigger_rate": 0.20367786937222573
      },
      "r_stability": {
        "sum": 5632.534644435347,
        "abs_sum": 5632.534644435347,
        "mean": 0.7143354019575583,
        "std": 0.18222298328073205,
        "min": 0.16376747638339142,
        "max": 0.9856433065171776,
        "ratio": 0.22976720717065022,
        "trigger_rate": 1.0
      },
      "r_landing_quality": {
        "sum": 8276.685772007393,
        "abs_sum": 8276.685772007393,
        "mean": 1.0496747967035376,
        "std": 0.5689686218580203,
        "min": 0.0917228657095206,
        "max": 1.928633121425696,
        "ratio": 0.3376296986192509,
        "trigger_rate": 1.0
      },
      "r_energy": {
        "sum": -107.55999999999999,
        "abs_sum": 107.55999999999999,
        "mean": -0.013641090678503486,
        "std": 0.00931356315654299,
        "min": -0.02,
        "max": -0.0,
        "ratio": 0.0043876802120855225,
        "trigger_rate": 0.6820545339251743
      },
      "r_landing_region_progress": {
        "sum": 14.35843834998946,
        "abs_sum": 14.35843834998946,
        "mean": 0.001820981401393717,
        "std": 0.004236365490659446,
        "min": 0.0,
        "max": 0.029649026628748354,
        "ratio": 0.0005857217908581131,
        "trigger_rate": 0.35688015218769814
      },
      "r_safe_contact_once": {
        "sum": 0.0,
        "abs_sum": 0.0,
        "mean": 0.0,
        "std": 0.0,
        "min": 0.0,
        "max": 0.0,
        "ratio": 0.0,
        "trigger_rate": 0.0
      },
      "r_stable_landing_once": {
        "sum": 0.0,
        "abs_sum": 0.0,
        "mean": 0.0,
        "std": 0.0,
        "min": 0.0,
        "max": 0.0,
        "ratio": 0.0,
        "trigger_rate": 0.0
      }
    },
    "dominant_component": "r_approach_region",
    "dominant_component_ratio": 0.42701212960416407
  },
  "diagnostics": {
    "hack_flags": {
      "high_reward_low_progress": false,
      "component_dominance": false,
      "repeated_event_exploitation": true,
      "shaping_goal_mismatch": true,
      "terminal_success_dominance": false,
      "unstable_contact_behavior": true,
      "reward_repetition_risk": false
    },
    "failure_modes": [
      "repeated_event_exploitation",
      "shaping_goal_mismatch"
    ],
    "hack_score": 0.4,
    "suspected_components": [],
    "dominant_component": "r_approach_region",
    "dominant_component_ratio": 0.42701212960416407,
    "raw_component_dominance": false,
    "benign_terminal_dominance": false,
    "repeated_event_details": {
      "flag": true,
      "event_toggle_counts": {
        "landing_region": 11,
        "right_contact": 3,
        "contact": 3,
        "left_contact": 1,
        "both_contact": 1
      },
      "max_event": "landing_region",
      "max_toggle_count": 11
    },
    "semantic_notes": []
  },
  "semantic_outcome": {
    "episode_count": 10,
    "semantic_score": 0.38228219284295006,
    "success_episode_rate": 0.0,
    "terminal_reward_paid_episode_rate": 0.0,
    "terminal_reward_payment_count_mean": 0.0,
    "terminal_reward_payment_count_max": 0,
    "safe_contact_episode_rate": 0.0,
    "stable_landing_episode_rate": 0.0,
    "progress_score_mean": 0.46113219284295004,
    "progress_score_std": 0.300056434870263,
    "episode_length_mean": 788.5,
    "episode_length_std": 328.1942260308673,
    "contact_toggle_mean": 393.9,
    "contact_toggle_max": 563.0,
    "reward_repetition_risk": false,
    "one_time_repeat_violations": [],
    "terminal_goal_evidence": false,
    "unstable_contact_behavior": true,
    "event_rule_payment_stats": {
      "r_stable_landing_once": {
        "episode_payment_counts": [
          0,
          0,
          0,
          0,
          0,
          0,
          0,
          0,
          0,
          0
        ],
        "episode_paid_rate": 0.0,
        "payment_count_mean": 0.0,
        "payment_count_max": 0,
        "one_time": true
      }
    },
    "terminal_rule_names": [
      "r_stable_landing_once"
    ],
    "one_time_rule_names": [
      "r_safe_contact_once",
      "r_stable_landing_once"
    ],
    "semantic_risks": [
      "unstable_contact_behavior"
    ]
  },
  "experiment_mode": {
    "use_memory": true,
    "use_attribution": true,
    "use_hack_detector": true,
    "use_llm_edit": true,
    "use_operator_constraints": true,
    "free_rewrite": false,
    "one_shot": false
  }
}