{
  "attribution": {
    "episode_reward_mean": 1576.9505208470969,
    "episode_reward_std": 955.7727039676961,
    "component_stats": {
      "r_approach_region": {
        "sum": 4680.866806831582,
        "abs_sum": 4680.866806831582,
        "mean": 0.6589058005112024,
        "std": 0.1317867060571266,
        "min": 0.18476651203245958,
        "max": 0.705,
        "ratio": 0.2917826799828686,
        "trigger_rate": 1.0
      },
      "r_approach_progress": {
        "sum": 14.618354406457895,
        "abs_sum": 14.618354406457895,
        "mean": 0.002057763852260402,
        "std": 0.007069051983601908,
        "min": 0.0,
        "max": 0.06843838221298881,
        "ratio": 0.0009112377689171726,
        "trigger_rate": 0.12176238738738739
      },
      "r_stability": {
        "sum": 4732.342704213023,
        "abs_sum": 4732.342704213023,
        "mean": 0.666151844624581,
        "std": 0.20740475143695403,
        "min": 0.12104630503218065,
        "max": 0.9958531932195562,
        "ratio": 0.2949914393670406,
        "trigger_rate": 1.0
      },
      "r_landing_quality": {
        "sum": 6428.077343019903,
        "abs_sum": 6428.077343019903,
        "mean": 0.9048532295917656,
        "std": 0.37962366794318264,
        "min": 0.07191556813501462,
        "max": 1.9917063864391125,
        "ratio": 0.40069536512898024,
        "trigger_rate": 1.0
      },
      "r_energy": {
        "sum": -136.39999999999998,
        "abs_sum": 136.39999999999998,
        "mean": -0.01920045045045045,
        "std": 0.003918126020026169,
        "min": -0.02,
        "max": -0.0,
        "ratio": 0.00850251869836963,
        "trigger_rate": 0.9600225225225225
      },
      "r_safe_contact_once": {
        "sum": 10.0,
        "abs_sum": 10.0,
        "mean": 0.0014076576576576576,
        "std": 0.11863639861566688,
        "min": 0.0,
        "max": 10.0,
        "ratio": 0.0006233518107309114,
        "trigger_rate": 0.00014076576576576576
      },
      "r_stable_landing_once": {
        "sum": 40.0,
        "abs_sum": 40.0,
        "mean": 0.00563063063063063,
        "std": 0.47454559446266753,
        "min": 0.0,
        "max": 40.0,
        "ratio": 0.0024934072429236456,
        "trigger_rate": 0.00014076576576576576
      }
    },
    "dominant_component": "r_landing_quality",
    "dominant_component_ratio": 0.40069536512898024
  },
  "diagnostics": {
    "hack_flags": {
      "high_reward_low_progress": false,
      "component_dominance": false,
      "repeated_event_exploitation": false,
      "shaping_goal_mismatch": true,
      "terminal_success_dominance": false,
      "unstable_contact_behavior": true,
      "reward_repetition_risk": false
    },
    "failure_modes": [
      "shaping_goal_mismatch"
    ],
    "hack_score": 0.2,
    "suspected_components": [],
    "dominant_component": "r_landing_quality",
    "dominant_component_ratio": 0.40069536512898024,
    "raw_component_dominance": false,
    "benign_terminal_dominance": false,
    "repeated_event_details": {
      "flag": true,
      "event_toggle_counts": {
        "landing_region": 18,
        "left_contact": 14,
        "contact": 12,
        "right_contact": 10,
        "both_contact": 10,
        "safe_contact": 3,
        "stable_both_contact": 2,
        "stable_landing_condition": 2
      },
      "max_event": "landing_region",
      "max_toggle_count": 18
    },
    "semantic_notes": [
      "contact_or_landing_toggles_observed_but_not_repeated_reward_exploitation"
    ]
  },
  "semantic_outcome": {
    "episode_count": 10,
    "semantic_score": 0.8045081424469835,
    "success_episode_rate": 0.1,
    "terminal_reward_paid_episode_rate": 0.1,
    "terminal_reward_payment_count_mean": 0.1,
    "terminal_reward_payment_count_max": 1,
    "safe_contact_episode_rate": 0.1,
    "stable_landing_episode_rate": 0.1,
    "progress_score_mean": 0.5255481424469834,
    "progress_score_std": 0.24229381251084905,
    "episode_length_mean": 710.4,
    "episode_length_std": 365.36863576393637,
    "contact_toggle_mean": 9.3,
    "contact_toggle_max": 15.0,
    "reward_repetition_risk": false,
    "one_time_repeat_violations": [],
    "terminal_goal_evidence": true,
    "unstable_contact_behavior": true,
    "event_rule_payment_stats": {
      "r_stable_landing_once": {
        "episode_payment_counts": [
          0,
          1,
          0,
          0,
          0,
          0,
          0,
          0,
          0,
          0
        ],
        "episode_paid_rate": 0.1,
        "payment_count_mean": 0.1,
        "payment_count_max": 1,
        "one_time": true
      }
    },
    "terminal_rule_names": [
      "r_stable_landing_once"
    ],
    "one_time_rule_names": [
      "r_safe_contact_once",
      "r_stable_landing_once"
    ],
    "semantic_risks": [
      "unstable_contact_behavior",
      "terminal_goal_evidence_present"
    ]
  },
  "experiment_mode": {
    "use_memory": true,
    "use_attribution": true,
    "use_hack_detector": true,
    "use_llm_edit": true,
    "use_operator_constraints": true,
    "free_rewrite": false,
    "one_shot": false
  }
}