{
  "note": "Post-hoc oracle reward evaluation only. Not used by EG-RSA reward search.",
  "env_id": "LunarLander-v3",
  "num_episodes": 10,
  "return_mean": 78.8009482596243,
  "return_std": 125.12633322168205,
  "episode_length_mean": 781.5,
  "episode_returns": [
    212.85294379392525,
    269.2084344700954,
    -68.74963486207034,
    203.79118438700186,
    229.14821249965283,
    -43.24030388196555,
    -12.998724708766774,
    -1.8046769763605257,
    -6.185874079416018,
    5.987921954146968
  ],
  "episode_lengths": [
    424,
    629,
    1000,
    447,
    315,
    1000,
    1000,
    1000,
    1000,
    1000
  ]
}