{
  "note": "Post-hoc oracle reward evaluation only. Not used by EG-RSA reward search.",
  "env_id": "LunarLander-v3",
  "num_episodes": 10,
  "return_mean": -38.614492076775,
  "return_std": 57.90301830396417,
  "episode_length_mean": 836.4,
  "episode_returns": [
    -85.09708431557786,
    -15.57116001892964,
    -178.205429224049,
    -55.057530841648486,
    15.347628841153822,
    -71.49571674129076,
    5.675746440032727,
    -11.178340746224876,
    -12.845955513174603,
    22.28292135195872
  ],
  "episode_lengths": [
    309,
    1000,
    742,
    313,
    1000,
    1000,
    1000,
    1000,
    1000,
    1000
  ]
}