{
  "attribution": {
    "episode_reward_mean": 2019.7850729545382,
    "episode_reward_std": 1309.2315897908504,
    "component_stats": {
      "r_approach_region": {
        "sum": 9197.508196771894,
        "abs_sum": 9197.508196771894,
        "mean": 1.328160028414714,
        "std": 0.3124232012143734,
        "min": 0.39307596668686784,
        "max": 1.5,
        "ratio": 0.45107912490912594,
        "trigger_rate": 1.0
      },
      "r_approach_progress": {
        "sum": 14.288665966349573,
        "abs_sum": 14.288665966349573,
        "mean": 0.0020633452658988553,
        "std": 0.007789563647852856,
        "min": 0.0,
        "max": 0.07308873715758857,
        "ratio": 0.0007007679473970927,
        "trigger_rate": 0.12505415162454875
      },
      "r_stability": {
        "sum": 4872.496995381606,
        "abs_sum": 4872.496995381606,
        "mean": 0.7036096744233367,
        "std": 0.20564664721587364,
        "min": 0.14609101013152972,
        "max": 0.981384664399553,
        "ratio": 0.23896490590467584,
        "trigger_rate": 1.0
      },
      "r_landing_quality": {
        "sum": 6209.636871425513,
        "abs_sum": 6209.636871425513,
        "mean": 0.8966984651877997,
        "std": 0.4984767879572939,
        "min": 0.0827197614859885,
        "max": 1.954690707040905,
        "ratio": 0.30454308993702883,
        "trigger_rate": 1.0
      },
      "r_energy": {
        "sum": -96.08,
        "abs_sum": 96.08,
        "mean": -0.013874368231046931,
        "std": 0.009218962566919028,
        "min": -0.02,
        "max": -0.0,
        "ratio": 0.004712111301676253,
        "trigger_rate": 0.6937184115523466
      },
      "r_safe_contact_once": {
        "sum": 0.0,
        "abs_sum": 0.0,
        "mean": 0.0,
        "std": 0.0,
        "min": 0.0,
        "max": 0.0,
        "ratio": 0.0,
        "trigger_rate": 0.0
      },
      "r_stable_landing_once": {
        "sum": 0.0,
        "abs_sum": 0.0,
        "mean": 0.0,
        "std": 0.0,
        "min": 0.0,
        "max": 0.0,
        "ratio": 0.0,
        "trigger_rate": 0.0
      }
    },
    "dominant_component": "r_approach_region",
    "dominant_component_ratio": 0.45107912490912594
  },
  "diagnostics": {
    "hack_flags": {
      "high_reward_low_progress": false,
      "component_dominance": false,
      "repeated_event_exploitation": true,
      "shaping_goal_mismatch": true,
      "terminal_success_dominance": false,
      "unstable_contact_behavior": true,
      "reward_repetition_risk": false
    },
    "failure_modes": [
      "repeated_event_exploitation",
      "shaping_goal_mismatch"
    ],
    "hack_score": 0.4,
    "suspected_components": [],
    "dominant_component": "r_approach_region",
    "dominant_component_ratio": 0.45107912490912594,
    "raw_component_dominance": false,
    "benign_terminal_dominance": false,
    "repeated_event_details": {
      "flag": true,
      "event_toggle_counts": {
        "landing_region": 18,
        "left_contact": 22,
        "contact": 20,
        "right_contact": 6,
        "both_contact": 6
      },
      "max_event": "left_contact",
      "max_toggle_count": 22
    },
    "semantic_notes": []
  },
  "semantic_outcome": {
    "episode_count": 10,
    "semantic_score": 0.25759748025294493,
    "success_episode_rate": 0.0,
    "terminal_reward_paid_episode_rate": 0.0,
    "terminal_reward_payment_count_mean": 0.0,
    "terminal_reward_payment_count_max": 0,
    "safe_contact_episode_rate": 0.0,
    "stable_landing_episode_rate": 0.0,
    "progress_score_mean": 0.32684748025294497,
    "progress_score_std": 0.2321322985007146,
    "episode_length_mean": 692.5,
    "episode_length_std": 373.2632449090052,
    "contact_toggle_mean": 329.0,
    "contact_toggle_max": 597.0,
    "reward_repetition_risk": false,
    "one_time_repeat_violations": [],
    "terminal_goal_evidence": false,
    "unstable_contact_behavior": true,
    "event_rule_payment_stats": {
      "r_stable_landing_once": {
        "episode_payment_counts": [
          0,
          0,
          0,
          0,
          0,
          0,
          0,
          0,
          0,
          0
        ],
        "episode_paid_rate": 0.0,
        "payment_count_mean": 0.0,
        "payment_count_max": 0,
        "one_time": true
      }
    },
    "terminal_rule_names": [
      "r_stable_landing_once"
    ],
    "one_time_rule_names": [
      "r_safe_contact_once",
      "r_stable_landing_once"
    ],
    "semantic_risks": [
      "unstable_contact_behavior"
    ]
  },
  "experiment_mode": {
    "use_memory": true,
    "use_attribution": true,
    "use_hack_detector": true,
    "use_llm_edit": true,
    "use_operator_constraints": true,
    "free_rewrite": false,
    "one_shot": false
  }
}