{
  "note": "Post-hoc oracle reward evaluation only. Not used by EG-RSA reward search.",
  "env_id": "LunarLander-v3",
  "num_episodes": 10,
  "return_mean": 13.701676212659411,
  "return_std": 110.65741604403857,
  "episode_length_mean": 799.2,
  "episode_returns": [
    -68.16081813494479,
    230.7410213382253,
    -44.02667301200674,
    4.277329824235504,
    230.3546037091751,
    -44.492731203735026,
    -67.10308838450885,
    -61.508734666461244,
    -32.20402610886522,
    -10.860121234519944
  ],
  "episode_lengths": [
    1000,
    385,
    1000,
    1000,
    221,
    1000,
    386,
    1000,
    1000,
    1000
  ]
}