{
  "eval_generated_return": 1513.4471672968712,
  "eval_hidden_return": 28.690016666769274,
  "eval_episode_length": 1000.0,
  "component_returns": {
    "shaping": 1444.6612061952987,
    "velocity_penalty": -58.378215407469064,
    "angle_penalty": -22.835823490957953,
    "fuel_efficiency": -99.99999999999861,
    "terminal": 250.0
  },
  "diagnostics": {
    "generated_private_gap": 1484.757150630102,
    "action_mean": 1.8657,
    "action_std": 0.8681379556268694,
    "episode_length_mean": 1000.0,
    "component_returns": {
      "shaping": 1444.6612061952987,
      "velocity_penalty": -58.378215407469064,
      "angle_penalty": -22.835823490957953,
      "fuel_efficiency": -99.99999999999861,
      "terminal": 250.0
    },
    "ppo_n_envs": 1,
    "ppo_vec_env_type": "dummy",
    "ppo_total_timesteps": 2000000,
    "ppo_n_steps": 1024,
    "ppo_batch_size": 64,
    "ppo_n_epochs": 4,
    "ppo_gae_lambda": 0.98,
    "ppo_gamma": 0.999,
    "ppo_ent_coef": 0.01,
    "ppo_learning_rate": 0.0003,
    "ppo_clip_range": 0.2,
    "ppo_vf_coef": 0.5,
    "ppo_max_grad_norm": 0.5
  }
}