{
  "memory_id": "iter_001_to_002",
  "env_family": "landing_control",
  "failure_modes": [
    "repeated_event_exploitation",
    "shaping_goal_mismatch"
  ],
  "reward_attribution": {
    "episode_reward_mean": 787.4584421101135,
    "episode_reward_std": 938.1108709659758,
    "component_stats": {
      "r_approach_region": {
        "sum": 1969.2816421952632,
        "abs_sum": 1969.2816421952632,
        "mean": 0.6227962182780719,
        "std": 0.1826864710304312,
        "min": 0.19654103785421234,
        "max": 0.75,
        "ratio": 0.30832907751684463,
        "trigger_rate": 1.0
      },
      "r_approach_progress": {
        "sum": 10.643936415613581,
        "abs_sum": 10.643936415613581,
        "mean": 0.003366203800004295,
        "std": 0.007997863632896117,
        "min": 0.0,
        "max": 0.03991416566132311,
        "ratio": 0.0016665138321787477,
        "trigger_rate": 0.2820999367488931
      },
      "r_stability": {
        "sum": 1821.944892132144,
        "abs_sum": 1821.944892132144,
        "mean": 0.5762001556395142,
        "std": 0.22008191663951351,
        "min": 0.11905124032015071,
        "max": 0.972976467657496,
        "ratio": 0.28526066350337215,
        "trigger_rate": 1.0
      },
      "r_landing_quality": {
        "sum": 2541.4370661378935,
        "abs_sum": 2541.4370661378935,
        "mean": 0.8037435376780182,
        "std": 0.6053211097667087,
        "min": 0.07444149032999008,
        "max": 1.945952935314992,
        "ratio": 0.3979110602462598,
        "trigger_rate": 1.0
      },
      "r_energy": {
        "sum": -43.64,
        "abs_sum": 43.64,
        "mean": -0.013801391524351676,
        "std": 0.009249293079937906,
        "min": -0.02,
        "max": -0.0,
        "ratio": 0.006832684901198571,
        "trigger_rate": 0.6900695762175838
      },
      "r_safe_contact_once": {
        "sum": 0.0,
        "abs_sum": 0.0,
        "mean": 0.0,
        "std": 0.0,
        "min": 0.0,
        "max": 0.0,
        "ratio": 0.0,
        "trigger_rate": 0.0
      },
      "r_stable_landing_once": {
        "sum": 0.0,
        "abs_sum": 0.0,
        "mean": 0.0,
        "std": 0.0,
        "min": 0.0,
        "max": 0.0,
        "ratio": 0.0,
        "trigger_rate": 0.0
      }
    },
    "dominant_component": "r_landing_quality",
    "dominant_component_ratio": 0.3979110602462598
  },
  "edit_plan": [],
  "outcome": {
    "status": "not_applicable",
    "before": {
      "task_score": -0.27407279249216066,
      "hack_score": 0.5
    },
    "after": {},
    "delta": {},
    "note": "No edit was generated for this iteration."
  },
  "lesson": "Rollback applied after mixed/rejected previous edit; edit generation skipped to rebase on best accepted schema.",
  "metadata": {
    "config_path": "configs/eg_rsa_deepseek_aligned_long_5x500k.yml",
    "iteration": 1,
    "validation_errors": [],
    "validation_warnings": [],
    "candidate_evaluation": {},
    "gate_result": {},
    "structural_response": {},
    "outcome_decision": {
      "decision": "uncertain",
      "continuation": "rollback_to_best_schema",
      "reason": "Outcome change is too small or ambiguous; keep lesson as evidence but continue from best accepted schema.",
      "task_delta": -0.048112021656120774,
      "hack_delta": 0.0,
      "accepted_for_best": false,
      "rollback_recommended": true
    },
    "rollback_applied": true,
    "experiment_mode": {
      "use_memory": true,
      "use_attribution": true,
      "use_hack_detector": true,
      "use_llm_edit": true,
      "use_operator_constraints": true,
      "free_rewrite": false,
      "one_shot": false
    },
    "edit_generated": false,
    "edit_decision": "rollback",
    "next_action": "rollback_to_best_schema",
    "agent_analysis": {
      "diagnostic_analysis": {},
      "memory_reflection": {},
      "reward_editor": {},
      "auditor_check": {},
      "distilled_lessons": {}
    }
  }
}