{
  "note": "Post-hoc oracle reward evaluation only. Not used by EG-RSA reward search.",
  "env_id": "LunarLander-v3",
  "num_episodes": 8,
  "return_mean": 27.509366284671962,
  "return_std": 78.69759055174555,
  "episode_length_mean": 710.75,
  "episode_returns": [
    -9.883683134864537,
    22.846559400819714,
    -34.2364884540328,
    -22.778111153604698,
    228.0236310316355,
    -11.614671166797887,
    27.16111385191244,
    20.556579902307973
  ],
  "episode_lengths": [
    1000,
    155,
    1000,
    217,
    314,
    1000,
    1000,
    1000
  ]
}