{
  "attribution": {
    "episode_reward_mean": 2813.557400200852,
    "episode_reward_std": 1170.505543494674,
    "component_stats": {
      "r_approach_region": {
        "sum": 7139.448796302322,
        "abs_sum": 7139.448796302322,
        "mean": 1.3692843874764715,
        "std": 0.27385651684241064,
        "min": 0.39969788181353183,
        "max": 1.5,
        "ratio": 0.4190578656881251,
        "trigger_rate": 1.0
      },
      "r_approach_progress": {
        "sum": 9.003358353418552,
        "abs_sum": 9.003358353418552,
        "mean": 0.0017267660823587557,
        "std": 0.007581562492313155,
        "min": 0.0,
        "max": 0.0814675663614477,
        "ratio": 0.0005284621044642848,
        "trigger_rate": 0.1503644035289605
      },
      "r_stability": {
        "sum": 3861.34561757158,
        "abs_sum": 3861.34561757158,
        "mean": 0.7405726155680054,
        "std": 0.178028499074318,
        "min": 0.14682790734949558,
        "max": 0.9820506661834807,
        "ratio": 0.22664596376429022,
        "trigger_rate": 1.0
      },
      "r_landing_quality": {
        "sum": 5949.326628977797,
        "abs_sum": 5949.326628977797,
        "mean": 1.1410292729148057,
        "std": 0.553496887194413,
        "min": 0.1054901017129245,
        "max": 1.9605076664939705,
        "ratio": 0.34920232507475946,
        "trigger_rate": 1.0
      },
      "r_energy": {
        "sum": -77.78,
        "abs_sum": 77.78,
        "mean": -0.01491752972765631,
        "std": 0.008707347551213081,
        "min": -0.02,
        "max": -0.0,
        "ratio": 0.004565383368265585,
        "trigger_rate": 0.7458764863828155
      },
      "r_safe_contact_once": {
        "sum": 0.0,
        "abs_sum": 0.0,
        "mean": 0.0,
        "std": 0.0,
        "min": 0.0,
        "max": 0.0,
        "ratio": 0.0,
        "trigger_rate": 0.0
      },
      "r_stable_landing_once": {
        "sum": 0.0,
        "abs_sum": 0.0,
        "mean": 0.0,
        "std": 0.0,
        "min": 0.0,
        "max": 0.0,
        "ratio": 0.0,
        "trigger_rate": 0.0
      }
    },
    "dominant_component": "r_approach_region",
    "dominant_component_ratio": 0.4190578656881251
  },
  "diagnostics": {
    "hack_flags": {
      "high_reward_low_progress": false,
      "component_dominance": false,
      "repeated_event_exploitation": true,
      "shaping_goal_mismatch": true,
      "terminal_success_dominance": false,
      "unstable_contact_behavior": true,
      "reward_repetition_risk": false
    },
    "failure_modes": [
      "repeated_event_exploitation",
      "shaping_goal_mismatch"
    ],
    "hack_score": 0.4,
    "suspected_components": [],
    "dominant_component": "r_approach_region",
    "dominant_component_ratio": 0.4190578656881251,
    "raw_component_dominance": false,
    "benign_terminal_dominance": false,
    "repeated_event_details": {
      "flag": true,
      "event_toggle_counts": {
        "landing_region": 13,
        "left_contact": 7,
        "right_contact": 3,
        "contact": 3,
        "both_contact": 7
      },
      "max_event": "landing_region",
      "max_toggle_count": 13
    },
    "semantic_notes": []
  },
  "semantic_outcome": {
    "episode_count": 6,
    "semantic_score": 0.47808236711188024,
    "success_episode_rate": 0.0,
    "terminal_reward_paid_episode_rate": 0.0,
    "terminal_reward_payment_count_mean": 0.0,
    "terminal_reward_payment_count_max": 0,
    "safe_contact_episode_rate": 0.0,
    "stable_landing_episode_rate": 0.0,
    "progress_score_mean": 0.5649823671118802,
    "progress_score_std": 0.3028824058902235,
    "episode_length_mean": 869.0,
    "episode_length_std": 292.92490505247247,
    "contact_toggle_mean": 370.1666666666667,
    "contact_toggle_max": 483.0,
    "reward_repetition_risk": false,
    "one_time_repeat_violations": [],
    "terminal_goal_evidence": false,
    "unstable_contact_behavior": true,
    "event_rule_payment_stats": {
      "r_stable_landing_once": {
        "episode_payment_counts": [
          0,
          0,
          0,
          0,
          0,
          0
        ],
        "episode_paid_rate": 0.0,
        "payment_count_mean": 0.0,
        "payment_count_max": 0,
        "one_time": true
      }
    },
    "terminal_rule_names": [
      "r_stable_landing_once"
    ],
    "one_time_rule_names": [
      "r_safe_contact_once",
      "r_stable_landing_once"
    ],
    "semantic_risks": [
      "unstable_contact_behavior"
    ]
  },
  "experiment_mode": {
    "use_memory": true,
    "use_attribution": true,
    "use_hack_detector": true,
    "use_llm_edit": true,
    "use_operator_constraints": true,
    "free_rewrite": false,
    "one_shot": false
  }
}