{
  "eval_generated_return": 7665.382198414784,
  "eval_hidden_return": 4.6305939148434785,
  "eval_episode_length": 901.0,
  "component_returns": {
    "shaping": 7691.358511092016,
    "velocity_penalty": -12.528583570520222,
    "angle_penalty": -13.447729106710355,
    "fuel_efficiency": 0.0,
    "terminal": 0.0
  },
  "diagnostics": {
    "generated_private_gap": 7660.751604499941,
    "action_mean": 1.9312985571587125,
    "action_std": 0.7424405421233227,
    "episode_length_mean": 901.0,
    "component_returns": {
      "shaping": 7691.358511092016,
      "velocity_penalty": -12.528583570520222,
      "angle_penalty": -13.447729106710355,
      "fuel_efficiency": 0.0,
      "terminal": 0.0
    },
    "ppo_n_envs": 1,
    "ppo_vec_env_type": "dummy",
    "ppo_total_timesteps": 2000000,
    "ppo_n_steps": 1024,
    "ppo_batch_size": 64,
    "ppo_n_epochs": 4,
    "ppo_gae_lambda": 0.98,
    "ppo_gamma": 0.999,
    "ppo_ent_coef": 0.01,
    "ppo_learning_rate": 0.0003,
    "ppo_clip_range": 0.2,
    "ppo_vf_coef": 0.5,
    "ppo_max_grad_norm": 0.5
  }
}