{
  "attribution": {
    "episode_reward_mean": 812.1668752421253,
    "episode_reward_std": 48.54374686733182,
    "component_stats": {
      "r_approach_region": {
        "sum": 963.7252030458112,
        "abs_sum": 963.7252030458112,
        "mean": 0.4635522862173214,
        "std": 0.17165608944499824,
        "min": 0.15726679079702252,
        "max": 0.6000000000000001,
        "ratio": 0.14723038619438047,
        "trigger_rate": 1.0
      },
      "r_approach_progress": {
        "sum": 5.77772065732487,
        "abs_sum": 5.77772065732487,
        "mean": 0.0027790864152596774,
        "std": 0.004221852924578251,
        "min": 0.0,
        "max": 0.01906794959394109,
        "ratio": 0.000882674896342577,
        "trigger_rate": 0.42664742664742666
      },
      "r_stability": {
        "sum": 519.266169774284,
        "abs_sum": 519.266169774284,
        "mean": 0.24976727742870802,
        "std": 0.10979861485459907,
        "min": 0.08556738542736059,
        "max": 0.498810756515304,
        "ratio": 0.07932941721553213,
        "trigger_rate": 1.0
      },
      "r_landing_quality": {
        "sum": 792.7459084595824,
        "abs_sum": 792.7459084595824,
        "mean": 0.3813111632802224,
        "std": 0.2995004972716918,
        "min": 0.03088621887988761,
        "max": 0.997621513030608,
        "ratio": 0.12110950910865734,
        "trigger_rate": 1.0
      },
      "r_energy": {
        "sum": -24.18,
        "abs_sum": 24.18,
        "mean": -0.01163059163059163,
        "std": 0.009866162928628562,
        "min": -0.02,
        "max": -0.0,
        "ratio": 0.0036940309612416475,
        "trigger_rate": 0.5815295815295816
      },
      "r_safe_contact_once": {
        "sum": 800.0,
        "abs_sum": 800.0,
        "mean": 0.3848003848003848,
        "std": 6.191281542935677,
        "min": 0.0,
        "max": 100.0,
        "ratio": 0.12221773238185765,
        "trigger_rate": 0.003848003848003848
      },
      "r_stable_landing_once": {
        "sum": 3200.0,
        "abs_sum": 3200.0,
        "mean": 1.5392015392015392,
        "std": 24.765126171742708,
        "min": 0.0,
        "max": 400.0,
        "ratio": 0.4888709295274306,
        "trigger_rate": 0.003848003848003848
      },
      "r_landing_region_once": {
        "sum": 240.0,
        "abs_sum": 240.0,
        "mean": 0.11544011544011544,
        "std": 1.8573844628807026,
        "min": 0.0,
        "max": 30.0,
        "ratio": 0.0366653197145573,
        "trigger_rate": 0.003848003848003848
      }
    },
    "dominant_component": "r_stable_landing_once",
    "dominant_component_ratio": 0.4888709295274306
  },
  "diagnostics": {
    "hack_flags": {
      "high_reward_low_progress": false,
      "component_dominance": false,
      "repeated_event_exploitation": true,
      "shaping_goal_mismatch": false
    },
    "failure_modes": [
      "repeated_event_exploitation"
    ],
    "hack_score": 0.25,
    "suspected_components": [],
    "dominant_component": "r_stable_landing_once",
    "dominant_component_ratio": 0.4888709295274306,
    "repeated_event_details": {
      "flag": true,
      "event_toggle_counts": {
        "landing_region": 8,
        "right_contact": 22,
        "contact": 20,
        "left_contact": 14,
        "safe_contact": 22,
        "both_contact": 14,
        "stable_both_contact": 14,
        "stable_landing_condition": 14
      },
      "max_event": "right_contact",
      "max_toggle_count": 22
    }
  },
  "experiment_mode": {
    "use_memory": true,
    "use_attribution": true,
    "use_hack_detector": true,
    "use_llm_edit": true,
    "use_operator_constraints": true,
    "free_rewrite": false,
    "one_shot": false
  }
}