{
  "note": "Post-hoc oracle reward evaluation only. Not used by EG-RSA reward search.",
  "env_id": "LunarLander-v3",
  "num_episodes": 8,
  "return_mean": 253.77865694505158,
  "return_std": 44.85942220673365,
  "episode_length_mean": 369.75,
  "episode_returns": [
    274.7709725768307,
    303.2137602737305,
    233.51044485577393,
    289.515971508036,
    264.2600808822066,
    245.28506442576452,
    271.0028444614037,
    148.67011657666689
  ],
  "episode_lengths": [
    229,
    420,
    261,
    223,
    301,
    251,
    273,
    1000
  ]
}