{
  "attribution": {
    "episode_reward_mean": -97.89731499587275,
    "episode_reward_std": 22.959126924720973,
    "component_stats": {
      "r_distance": {
        "sum": -775.9681878016922,
        "abs_sum": 775.9681878016922,
        "mean": -1.015665167279702,
        "std": 0.4076381659098031,
        "min": -1.531421853716745,
        "max": -0.07468207068337468,
        "ratio": 0.5627145008769153,
        "trigger_rate": 1.0
      },
      "r_velocity": {
        "sum": -389.8078838556852,
        "abs_sum": 389.8078838556852,
        "mean": -0.5102197432666037,
        "std": 0.25285995632271907,
        "min": -0.9996726773752027,
        "max": -9.112605881579935e-08,
        "ratio": 0.2826798214797384,
        "trigger_rate": 1.0
      },
      "r_angle": {
        "sum": -11.757078301350136,
        "abs_sum": 11.757078301350136,
        "mean": -0.015388845944175571,
        "std": 0.04376016016406694,
        "min": -0.6,
        "max": -7.779251601505165e-05,
        "ratio": 0.008525966079689105,
        "trigger_rate": 1.0
      },
      "r_energy": {
        "sum": -1.44,
        "abs_sum": 1.44,
        "mean": -0.0018848167539267015,
        "std": 0.007279558257333906,
        "min": -0.03,
        "max": -0.0,
        "ratio": 0.0010442552852048645,
        "trigger_rate": 0.06282722513089005
      },
      "r_contact_one_time": {
        "sum": 200.0,
        "abs_sum": 200.0,
        "mean": 0.2617801047120419,
        "std": 2.2731197221039174,
        "min": 0.0,
        "max": 20.0,
        "ratio": 0.1450354562784534,
        "trigger_rate": 0.013089005235602094
      }
    },
    "dominant_component": "r_distance",
    "dominant_component_ratio": 0.5627145008769153
  },
  "diagnostics": {
    "hack_flags": {
      "high_reward_low_progress": false,
      "component_dominance": false,
      "repeated_event_exploitation": true,
      "shaping_goal_mismatch": false
    },
    "failure_modes": [
      "repeated_event_exploitation"
    ],
    "hack_score": 0.25,
    "suspected_components": [],
    "dominant_component": "r_distance",
    "dominant_component_ratio": 0.5627145008769153,
    "repeated_event_details": {
      "flag": true,
      "event_toggle_counts": {
        "low_vy": 18,
        "engine_on": 31,
        "near_y": 10,
        "near_goal": 5,
        "left_contact": 8,
        "right_contact": 10,
        "contact": 10,
        "both_contact": 8,
        "low_vx": 5,
        "stable_motion": 7,
        "stable_landing_condition": 4,
        "near_x": 5,
        "low_angle": 2
      },
      "max_event": "engine_on",
      "max_toggle_count": 31
    }
  },
  "experiment_mode": {
    "use_memory": true,
    "use_attribution": true,
    "use_hack_detector": true,
    "use_llm_edit": true,
    "use_operator_constraints": true,
    "free_rewrite": false,
    "one_shot": false
  }
}