{
  "note": "Post-hoc oracle reward evaluation only. Not used by EG-RSA reward search.",
  "env_id": "LunarLander-v3",
  "num_episodes": 10,
  "return_mean": -111.48007352507209,
  "return_std": 19.598237031612097,
  "episode_length_mean": 67.0,
  "episode_returns": [
    -93.97578413127309,
    -99.32143301888755,
    -107.02220671306358,
    -125.25977925701531,
    -84.66442326506623,
    -119.58392296839116,
    -121.06893158814103,
    -124.34751915907438,
    -88.17986131495675,
    -151.37687383485178
  ],
  "episode_lengths": [
    54,
    54,
    62,
    69,
    51,
    81,
    70,
    86,
    54,
    89
  ]
}