{
  "eval_generated_return": -100.9865377924642,
  "eval_hidden_return": -107.31378535713051,
  "eval_episode_length": 69.3,
  "component_returns": {
    "distance_penalty": -66.8241432580518,
    "velocity_penalty": -72.71724562313257,
    "angle_penalty": -1.44514891127983,
    "engine_usage_penalty": 0.0,
    "terminal": 40.0
  },
  "diagnostics": {
    "generated_private_gap": 6.327247564666308,
    "action_mean": 2.0144300144300145,
    "action_std": 1.0063691110475135,
    "episode_length_mean": 69.3,
    "component_returns": {
      "distance_penalty": -66.8241432580518,
      "velocity_penalty": -72.71724562313257,
      "angle_penalty": -1.44514891127983,
      "engine_usage_penalty": 0.0,
      "terminal": 40.0
    },
    "n_envs": 16,
    "vec_env_type": "dummy",
    "n_steps": 1024,
    "batch_size": 64,
    "n_epochs": 4,
    "gae_lambda": 0.98,
    "gamma": 0.999,
    "ent_coef": 0.01
  }
}