{
  "attribution": {
    "episode_reward_mean": 929.6015344524827,
    "episode_reward_std": 773.1883841403173,
    "component_stats": {
      "r_approach_progress": {
        "sum": 21.60065971006579,
        "abs_sum": 21.60065971006579,
        "mean": 0.008918521763032945,
        "std": 0.019456179064022045,
        "min": 0.0,
        "max": 0.10049294031785394,
        "ratio": 0.0038197931256881285,
        "trigger_rate": 0.2332782824112304
      },
      "r_stability": {
        "sum": 1701.1257581897132,
        "abs_sum": 1701.1257581897132,
        "mean": 0.7023640620106165,
        "std": 0.25350143966066235,
        "min": 0.2075628562062833,
        "max": 0.9994145709381308,
        "ratio": 0.30082176027411156,
        "trigger_rate": 1.0
      },
      "r_landing_quality": {
        "sum": 3053.54278881512,
        "abs_sum": 3053.54278881512,
        "mean": 1.2607525965380346,
        "std": 0.6905545122752127,
        "min": 0.08766973963072902,
        "max": 1.9988291418762616,
        "ratio": 0.5399789594516521,
        "trigger_rate": 1.0
      },
      "r_energy": {
        "sum": -38.66,
        "abs_sum": 38.66,
        "mean": -0.015962014863748965,
        "std": 0.008028348445629175,
        "min": -0.02,
        "max": -0.0,
        "ratio": 0.006836513524181306,
        "trigger_rate": 0.7981007431874484
      },
      "r_safe_contact_once": {
        "sum": 60.0,
        "abs_sum": 60.0,
        "mean": 0.02477291494632535,
        "std": 0.49710708318059155,
        "min": 0.0,
        "max": 10.0,
        "ratio": 0.010610212401729912,
        "trigger_rate": 0.002477291494632535
      },
      "r_stable_landing_once": {
        "sum": 480.0,
        "abs_sum": 480.0,
        "mean": 0.1981833195706028,
        "std": 3.976856665444733,
        "min": 0.0,
        "max": 80.0,
        "ratio": 0.0848816992138393,
        "trigger_rate": 0.002477291494632535
      },
      "r_landing_region_entry_once": {
        "sum": 300.0,
        "abs_sum": 300.0,
        "mean": 0.12386457473162675,
        "std": 2.4855354159029575,
        "min": 0.0,
        "max": 50.0,
        "ratio": 0.053051062008649556,
        "trigger_rate": 0.002477291494632535
      }
    },
    "dominant_component": "r_landing_quality",
    "dominant_component_ratio": 0.5399789594516521
  },
  "diagnostics": {
    "hack_flags": {
      "high_reward_low_progress": false,
      "component_dominance": false,
      "repeated_event_exploitation": false,
      "shaping_goal_mismatch": false,
      "terminal_success_dominance": false,
      "unstable_contact_behavior": true,
      "reward_repetition_risk": false
    },
    "failure_modes": [],
    "hack_score": 0.0,
    "suspected_components": [],
    "dominant_component": "r_landing_quality",
    "dominant_component_ratio": 0.5399789594516521,
    "raw_component_dominance": false,
    "benign_terminal_dominance": false,
    "repeated_event_details": {
      "flag": true,
      "event_toggle_counts": {
        "landing_region": 6,
        "left_contact": 20,
        "contact": 20,
        "safe_contact": 20,
        "right_contact": 6,
        "both_contact": 6,
        "stable_both_contact": 6,
        "stable_landing_condition": 6
      },
      "max_event": "left_contact",
      "max_toggle_count": 20
    },
    "semantic_notes": [
      "contact_or_landing_toggles_observed_but_not_repeated_reward_exploitation"
    ]
  },
  "semantic_outcome": {
    "episode_count": 6,
    "semantic_score": 4.455304817951679,
    "success_episode_rate": 1.0,
    "terminal_reward_paid_episode_rate": 1.0,
    "terminal_reward_payment_count_mean": 2.0,
    "terminal_reward_payment_count_max": 2,
    "safe_contact_episode_rate": 1.0,
    "stable_landing_episode_rate": 1.0,
    "progress_score_mean": 0.9956714846183453,
    "progress_score_std": 0.0032983147851751186,
    "episode_length_mean": 403.6666666666667,
    "episode_length_std": 266.93673824002235,
    "contact_toggle_mean": 115.83333333333333,
    "contact_toggle_max": 639.0,
    "reward_repetition_risk": false,
    "one_time_repeat_violations": [],
    "terminal_goal_evidence": true,
    "unstable_contact_behavior": true,
    "event_rule_payment_stats": {
      "r_stable_landing_once": {
        "episode_payment_counts": [
          1,
          1,
          1,
          1,
          1,
          1
        ],
        "episode_paid_rate": 1.0,
        "payment_count_mean": 1.0,
        "payment_count_max": 1,
        "one_time": true
      },
      "r_landing_region_entry_once": {
        "episode_payment_counts": [
          1,
          1,
          1,
          1,
          1,
          1
        ],
        "episode_paid_rate": 1.0,
        "payment_count_mean": 1.0,
        "payment_count_max": 1,
        "one_time": true
      }
    },
    "terminal_rule_names": [
      "r_landing_region_entry_once",
      "r_stable_landing_once"
    ],
    "one_time_rule_names": [
      "r_landing_region_entry_once",
      "r_safe_contact_once",
      "r_stable_landing_once"
    ],
    "semantic_risks": [
      "unstable_contact_behavior",
      "terminal_goal_evidence_present"
    ]
  },
  "experiment_mode": {
    "use_memory": true,
    "use_attribution": true,
    "use_hack_detector": true,
    "use_llm_edit": true,
    "use_operator_constraints": true,
    "free_rewrite": false,
    "one_shot": false
  }
}