{
  "memory_id": "iter_004_to_005",
  "env_family": "landing_control",
  "failure_modes": [],
  "reward_attribution": {
    "episode_reward_mean": 929.6015344524827,
    "episode_reward_std": 773.1883841403173,
    "component_stats": {
      "r_approach_progress": {
        "sum": 21.60065971006579,
        "abs_sum": 21.60065971006579,
        "mean": 0.008918521763032945,
        "std": 0.019456179064022045,
        "min": 0.0,
        "max": 0.10049294031785394,
        "ratio": 0.0038197931256881285,
        "trigger_rate": 0.2332782824112304
      },
      "r_stability": {
        "sum": 1701.1257581897132,
        "abs_sum": 1701.1257581897132,
        "mean": 0.7023640620106165,
        "std": 0.25350143966066235,
        "min": 0.2075628562062833,
        "max": 0.9994145709381308,
        "ratio": 0.30082176027411156,
        "trigger_rate": 1.0
      },
      "r_landing_quality": {
        "sum": 3053.54278881512,
        "abs_sum": 3053.54278881512,
        "mean": 1.2607525965380346,
        "std": 0.6905545122752127,
        "min": 0.08766973963072902,
        "max": 1.9988291418762616,
        "ratio": 0.5399789594516521,
        "trigger_rate": 1.0
      },
      "r_energy": {
        "sum": -38.66,
        "abs_sum": 38.66,
        "mean": -0.015962014863748965,
        "std": 0.008028348445629175,
        "min": -0.02,
        "max": -0.0,
        "ratio": 0.006836513524181306,
        "trigger_rate": 0.7981007431874484
      },
      "r_safe_contact_once": {
        "sum": 60.0,
        "abs_sum": 60.0,
        "mean": 0.02477291494632535,
        "std": 0.49710708318059155,
        "min": 0.0,
        "max": 10.0,
        "ratio": 0.010610212401729912,
        "trigger_rate": 0.002477291494632535
      },
      "r_stable_landing_once": {
        "sum": 480.0,
        "abs_sum": 480.0,
        "mean": 0.1981833195706028,
        "std": 3.976856665444733,
        "min": 0.0,
        "max": 80.0,
        "ratio": 0.0848816992138393,
        "trigger_rate": 0.002477291494632535
      },
      "r_landing_region_entry_once": {
        "sum": 300.0,
        "abs_sum": 300.0,
        "mean": 0.12386457473162675,
        "std": 2.4855354159029575,
        "min": 0.0,
        "max": 50.0,
        "ratio": 0.053051062008649556,
        "trigger_rate": 0.002477291494632535
      }
    },
    "dominant_component": "r_landing_quality",
    "dominant_component_ratio": 0.5399789594516521
  },
  "edit_plan": [],
  "outcome": {
    "status": "not_applicable",
    "before": {
      "task_score": 2.9553048179516783,
      "semantic_score": 4.455304817951679,
      "selection_score": 7.4106096359033575,
      "hack_score": 0.0,
      "true_hack_risk": false,
      "terminal_goal_evidence": true,
      "reward_repetition_risk": false,
      "high_reward_low_progress": false,
      "shaping_goal_mismatch": false,
      "unstable_contact_behavior": true,
      "benign_terminal_dominance": false,
      "success_episode_rate": 1.0,
      "terminal_reward_paid_episode_rate": 1.0,
      "safe_contact_episode_rate": 1.0,
      "stable_landing_episode_rate": 1.0
    },
    "after": {},
    "delta": {},
    "note": "No edit was generated for this iteration."
  },
  "lesson": "Reward appears aligned; prefer checkpoint continuation before risky reward edits.",
  "metadata": {
    "config_path": "configs/eg_rsa_deepseek_v1_role_attrib_10x1m.yml",
    "iteration": 4,
    "schema_snapshot": {
      "version": 2,
      "components": [
        {
          "name": "r_approach_region",
          "type": "metric_value",
          "weight": 1.5,
          "inputs": [],
          "params": {
            "metric": "approach_region_score"
          },
          "clip": [
            0.0,
            1.0
          ],
          "enabled": false,
          "semantic_role": "dense_guidance",
          "reward_timing": "dense",
          "behavior_channel": "progress"
        },
        {
          "name": "r_approach_progress",
          "type": "metric_delta",
          "weight": 5.0,
          "inputs": [],
          "params": {
            "metric": "approach_region_score",
            "positive_only": true
          },
          "clip": [
            0.0,
            1.0
          ],
          "enabled": true,
          "semantic_role": "dense_guidance",
          "reward_timing": "dense",
          "behavior_channel": "progress"
        },
        {
          "name": "r_stability",
          "type": "metric_value",
          "weight": 1.0,
          "inputs": [],
          "params": {
            "metric": "stability"
          },
          "clip": [
            0.0,
            1.0
          ],
          "enabled": true,
          "semantic_role": "stability_quality",
          "reward_timing": "dense",
          "behavior_channel": "stability"
        },
        {
          "name": "r_landing_quality",
          "type": "metric_value",
          "weight": 2.0,
          "inputs": [],
          "params": {
            "metric": "landing_quality"
          },
          "clip": [
            0.0,
            1.0
          ],
          "enabled": true,
          "semantic_role": "stability_quality",
          "reward_timing": "dense",
          "behavior_channel": "stability"
        },
        {
          "name": "r_energy",
          "type": "action_penalty",
          "weight": 0.02,
          "inputs": [
            "action"
          ],
          "params": {},
          "clip": [
            -1.0,
            0.0
          ],
          "enabled": true,
          "semantic_role": "control_cost",
          "reward_timing": "dense",
          "behavior_channel": "control_effort"
        }
      ],
      "event_rules": [
        {
          "name": "r_safe_contact_once",
          "type": "event_bonus",
          "weight": 10.0,
          "condition": {
            "safe_contact": true,
            "duration_steps": 2
          },
          "one_time": true,
          "enabled": true,
          "semantic_role": "safety_constraint",
          "reward_timing": "sparse_event",
          "behavior_channel": "safety"
        },
        {
          "name": "r_stable_landing_once",
          "type": "event_bonus",
          "weight": 80.0,
          "condition": {
            "stable_landing_condition": true,
            "duration_steps": 5
          },
          "one_time": true,
          "enabled": true,
          "semantic_role": "terminal_success",
          "reward_timing": "sparse_terminal",
          "behavior_channel": "success"
        },
        {
          "name": "r_landing_region_entry_once",
          "type": "event_bonus",
          "weight": 50.0,
          "condition": {
            "landing_region": true,
            "duration_steps": 1
          },
          "one_time": true,
          "enabled": true,
          "semantic_role": "approach_progress",
          "reward_timing": "sparse_event",
          "behavior_channel": "progress"
        }
      ],
      "metadata": {
        "env": "LunarLander-v3",
        "note": "Aligned initial schema for EG-RSA. v1 adds semantic_role metadata so generic tools can reason over reward roles rather than environment-specific names.",
        "semantic_role_version": 1
      }
    },
    "validation_errors": [],
    "validation_warnings": [],
    "candidate_evaluation": {},
    "gate_result": {},
    "reflection_report": {
      "strategy": {
        "recommended_next_action": "continue_training",
        "plan_type": "continue_training",
        "max_reasonable_edits": 0
      },
      "rationale": "Reward appears aligned; prefer checkpoint continuation before risky reward edits.",
      "source": "AgentActionController"
    },
    "semantic_outcome": {
      "episode_count": 6,
      "semantic_score": 4.455304817951679,
      "success_episode_rate": 1.0,
      "terminal_reward_paid_episode_rate": 1.0,
      "terminal_reward_payment_count_mean": 2.0,
      "terminal_reward_payment_count_max": 2,