{
  "note": "Post-hoc oracle reward evaluation only. Not used by EG-RSA reward search.",
  "env_id": "LunarLander-v3",
  "num_episodes": 10,
  "return_mean": 260.59071566824366,
  "return_std": 42.33334538492941,
  "episode_length_mean": 396.9,
  "episode_returns": [
    264.5154717363234,
    304.53490867907954,
    235.07245986490562,
    281.98872786416393,
    298.5076741081857,
    247.04352066180022,
    281.60445364013793,
    148.858912753404,
    266.2600992496202,
    277.5209281248163
  ],
  "episode_lengths": [
    803,
    246,
    270,
    294,
    237,
    298,
    256,
    1000,
    262,
    303
  ]
}