{
  "tool": "trajectory_inspector",
  "num_episodes": 6,
  "success_count": 6,
  "success_rate": 1.0,
  "episode_length_mean": 403.6666666666667,
  "safe_contact_rate_mean": 0.24238915635475108,
  "stable_landing_rate_mean": 0.2331548517495106,
  "contact_toggle_mean": 115.83333333333333,
  "contact_toggle_max": 639,
  "worst_episodes": [],
  "best_episodes": [
    {
      "episode": 1,
      "success": 1.0,
      "progress_score": 0.9977445719291931,
      "episode_length": 264,
      "safe_contact_rate": 0.17424242424242425,
      "stable_landing_rate": 0.16666666666666666,
      "contact_rate": 0.1893939393939394,
      "both_contact_rate": 0.17424242424242425,
      "contact_toggle_count": 9,
      "episode_reward": 555.5485071450646,
      "oracle_reward_posthoc": 252.3022803734832
    },
    {
      "episode": 4,
      "success": 1.0,
      "progress_score": 0.9958156535512298,
      "episode_length": 279,
      "safe_contact_rate": 0.11469534050179211,
      "stable_landing_rate": 0.11469534050179211,
      "contact_rate": 0.11469534050179211,
      "both_contact_rate": 0.11469534050179211,
      "contact_toggle_count": 19,
      "episode_reward": 586.502790097003,
      "oracle_reward_posthoc": 240.88701093165074
    },
    {
      "episode": 2,
      "success": 1.0,
      "progress_score": 0.995571209283188,
      "episode_length": 285,
      "safe_contact_rate": 0.14035087719298245,
      "stable_landing_rate": 0.12982456140350876,
      "contact_rate": 0.14385964912280702,
      "both_contact_rate": 0.12982456140350876,
      "contact_toggle_count": 7,
      "episode_reward": 550.7525890965258,
      "oracle_reward_posthoc": 274.7736259769723
    }
  ]
}