{
  "attribution": {
    "episode_reward_mean": -6.857784237364362,
    "episode_reward_std": 4.428775497573209,
    "component_stats": {
      "r_distance": {
        "sum": -158.62530318838245,
        "abs_sum": 158.62530318838245,
        "mean": -0.20735333750115353,
        "std": 0.0642072937294082,
        "min": -0.25,
        "max": -0.018776933548877054,
        "ratio": 0.3385249767356586,
        "trigger_rate": 1.0
      },
      "r_velocity": {
        "sum": -97.70773660208667,
        "abs_sum": 97.70773660208667,
        "mean": -0.12772253150599563,
        "std": 0.06335965030720907,
        "min": -0.25,
        "max": -1.3326201278187314e-08,
        "ratio": 0.2085197543851739,
        "trigger_rate": 1.0
      },
      "r_angle": {
        "sum": -10.534802583174553,
        "abs_sum": 10.534802583174553,
        "mean": -0.013770983768855626,
        "std": 0.04425066777639761,
        "min": -0.6,
        "max": -7.776096513794073e-05,
        "ratio": 0.02248250265059297,
        "trigger_rate": 1.0
      },
      "r_energy": {
        "sum": -1.71,
        "abs_sum": 1.71,
        "mean": -0.002235294117647059,
        "std": 0.007877961902486215,
        "min": -0.03,
        "max": -0.0,
        "ratio": 0.003649340291759787,
        "trigger_rate": 0.07450980392156863
      },
      "r_contact_one_time": {
        "sum": 200.0,
        "abs_sum": 200.0,
        "mean": 0.26143790849673204,
        "std": 2.2716532283637605,
        "min": 0.0,
        "max": 20.0,
        "ratio": 0.42682342593681716,
        "trigger_rate": 0.013071895424836602
      }
    },
    "dominant_component": "r_contact_one_time",
    "dominant_component_ratio": 0.42682342593681716
  },
  "diagnostics": {
    "hack_flags": {
      "high_reward_low_progress": false,
      "component_dominance": false,
      "repeated_event_exploitation": true,
      "shaping_goal_mismatch": true
    },
    "failure_modes": [
      "repeated_event_exploitation",
      "shaping_goal_mismatch"
    ],
    "hack_score": 0.5,
    "suspected_components": [],
    "dominant_component": "r_contact_one_time",
    "dominant_component_ratio": 0.42682342593681716,
    "repeated_event_details": {
      "flag": true,
      "event_toggle_counts": {
        "engine_on": 36,
        "low_vy": 18,
        "near_y": 10,
        "near_goal": 5,
        "right_contact": 11,
        "contact": 10,
        "left_contact": 9,
        "both_contact": 10,
        "low_vx": 5,
        "stable_motion": 7,
        "near_x": 5,
        "low_angle": 3,
        "stable_landing_condition": 3
      },
      "max_event": "engine_on",
      "max_toggle_count": 36
    }
  },
  "experiment_mode": {
    "use_memory": true,
    "use_attribution": true,
    "use_hack_detector": true,
    "use_llm_edit": true,
    "use_operator_constraints": true,
    "free_rewrite": false,
    "one_shot": false
  }
}