{
  "note": "Post-hoc oracle reward evaluation only. Not used by EG-RSA reward search.",
  "env_id": "LunarLander-v3",
  "num_episodes": 10,
  "return_mean": -111.31292956589277,
  "return_std": 18.003175111029716,
  "episode_length_mean": 67.0,
  "episode_returns": [
    -93.97578413127309,
    -99.32143301888755,
    -107.02220671306358,
    -117.92762403199697,
    -86.43391998039365,
    -119.58392296839116,
    -120.39279492804343,
    -124.34751915907438,
    -94.0995692352461,
    -150.02452149255777
  ],
  "episode_lengths": [
    54,
    54,
    62,
    69,
    51,
    81,
    70,
    86,
    54,
    89
  ]
}