{
  "attribution": {
    "episode_reward_mean": 2780.8365709268123,
    "episode_reward_std": 43.575118323275085,
    "component_stats": {
      "horizontal_approach": {
        "sum": 9217.019414760358,
        "abs_sum": 9217.019414760358,
        "mean": 0.9217019414760358,
        "std": 0.08283030063333036,
        "min": 0.5334084630012512,
        "max": 0.9999999046325669,
        "ratio": 0.3177212634922603,
        "trigger_rate": 1.0
      },
      "vertical_approach": {
        "sum": 8561.630120903254,
        "abs_sum": 8561.630120903254,
        "mean": 0.8561630120903253,
        "std": 0.2515172932820447,
        "min": 0.0,
        "max": 0.9566880352795124,
        "ratio": 0.2951292405016053,
        "trigger_rate": 0.949
      },
      "descent_rate": {
        "sum": 1076.2100230728154,
        "abs_sum": 1076.2100230728154,
        "mean": 0.10762100230728154,
        "std": 0.2874138860291011,
        "min": 4.536733821142782e-11,
        "max": 0.9999998895794445,
        "ratio": 0.037098197684833654,
        "trigger_rate": 0.999
      },
      "attitude_stability": {
        "sum": 9554.206150531701,
        "abs_sum": 9554.206150531701,
        "mean": 0.9554206150531701,
        "std": 0.08313126984209848,
        "min": 0.4669881950040012,
        "max": 0.9999985698569799,
        "ratio": 0.32934447821073426,
        "trigger_rate": 1.0
      },
      "control_cost": {
        "sum": -600.6999999999999,
        "abs_sum": 600.6999999999999,
        "mean": -0.06006999999999999,
        "std": 0.04897545405608814,
        "min": -0.1,
        "max": -0.0,
        "ratio": 0.02070682011086585,
        "trigger_rate": 0.6007
      },
      "landing_bonus": {
        "sum": 0.0,
        "abs_sum": 0.0,
        "mean": 0.0,
        "std": 0.0,
        "min": 0.0,
        "max": 0.0,
        "ratio": 0.0,
        "trigger_rate": 0.0
      }
    },
    "dominant_component": "attitude_stability",
    "dominant_component_ratio": 0.32934447821073426
  },
  "diagnostics": {
    "hack_flags": {
      "high_reward_low_progress": false,
      "component_dominance": false,
      "repeated_event_exploitation": false,
      "shaping_goal_mismatch": true,
      "terminal_success_dominance": false,
      "unstable_contact_behavior": true,
      "reward_repetition_risk": false
    },
    "failure_modes": [
      "shaping_goal_mismatch"
    ],
    "hack_score": 0.2,
    "suspected_components": [],
    "dominant_component": "attitude_stability",
    "dominant_component_ratio": 0.32934447821073426,
    "raw_component_dominance": false,
    "benign_terminal_dominance": false,
    "repeated_event_details": {
      "flag": false,
      "event_toggle_counts": {},
      "max_event": null,
      "max_toggle_count": 0
    },
    "semantic_notes": [
      "contact_or_landing_toggles_observed_but_not_repeated_reward_exploitation"
    ]
  },
  "semantic_outcome": {
    "episode_count": 10,
    "semantic_score": 0.8726805500921359,
    "success_episode_rate": 0.0,
    "terminal_reward_paid_episode_rate": 0.0,
    "terminal_reward_payment_count_mean": 0.0,
    "terminal_reward_payment_count_max": 0,
    "safe_contact_episode_rate": 0.0,
    "stable_landing_episode_rate": 0.0,
    "progress_score_mean": 0.9726805500921358,
    "progress_score_std": 0.012703972435391066,
    "episode_length_mean": 1000.0,
    "episode_length_std": 0.0,
    "contact_toggle_mean": 650.6,
    "contact_toggle_max": 670.0,
    "reward_repetition_risk": false,
    "one_time_repeat_violations": [],
    "terminal_goal_evidence": false,
    "unstable_contact_behavior": true,
    "event_rule_payment_stats": {
      "landing_bonus": {
        "episode_payment_counts": [
          0,
          0,
          0,
          0,
          0,
          0,
          0,
          0,
          0,
          0
        ],
        "episode_paid_rate": 0.0,
        "payment_count_mean": 0.0,
        "payment_count_max": 0,
        "one_time": true
      }
    },
    "terminal_rule_names": [
      "landing_bonus"
    ],
    "one_time_rule_names": [
      "landing_bonus"
    ],
    "semantic_risks": [
      "unstable_contact_behavior"
    ]
  },
  "experiment_mode": {
    "use_memory": true,
    "use_attribution": true,
    "use_hack_detector": true,
    "use_llm_edit": true,
    "use_operator_constraints": true,
    "free_rewrite": false,
    "one_shot": false
  }
}