{
  "memory_id": "iter_000_to_001",
  "env_family": "landing_control",
  "failure_modes": [
    "shaping_goal_mismatch"
  ],
  "reward_attribution": {
    "episode_reward_mean": 2780.8365709268123,
    "episode_reward_std": 43.575118323275085,
    "component_stats": {
      "horizontal_approach": {
        "sum": 9217.019414760358,
        "abs_sum": 9217.019414760358,
        "mean": 0.9217019414760358,
        "std": 0.08283030063333036,
        "min": 0.5334084630012512,
        "max": 0.9999999046325669,
        "ratio": 0.3177212634922603,
        "trigger_rate": 1.0
      },
      "vertical_approach": {
        "sum": 8561.630120903254,
        "abs_sum": 8561.630120903254,
        "mean": 0.8561630120903253,
        "std": 0.2515172932820447,
        "min": 0.0,
        "max": 0.9566880352795124,
        "ratio": 0.2951292405016053,
        "trigger_rate": 0.949
      },
      "descent_rate": {
        "sum": 1076.2100230728154,
        "abs_sum": 1076.2100230728154,
        "mean": 0.10762100230728154,
        "std": 0.2874138860291011,
        "min": 4.536733821142782e-11,
        "max": 0.9999998895794445,
        "ratio": 0.037098197684833654,
        "trigger_rate": 0.999
      },
      "attitude_stability": {
        "sum": 9554.206150531701,
        "abs_sum": 9554.206150531701,
        "mean": 0.9554206150531701,
        "std": 0.08313126984209848,
        "min": 0.4669881950040012,
        "max": 0.9999985698569799,
        "ratio": 0.32934447821073426,
        "trigger_rate": 1.0
      },
      "control_cost": {
        "sum": -600.6999999999999,
        "abs_sum": 600.6999999999999,
        "mean": -0.06006999999999999,
        "std": 0.04897545405608814,
        "min": -0.1,
        "max": -0.0,
        "ratio": 0.02070682011086585,
        "trigger_rate": 0.6007
      },
      "landing_bonus": {
        "sum": 0.0,
        "abs_sum": 0.0,
        "mean": 0.0,
        "std": 0.0,
        "min": 0.0,
        "max": 0.0,
        "ratio": 0.0,
        "trigger_rate": 0.0
      }
    },
    "dominant_component": "attitude_stability",
    "dominant_component_ratio": 0.32934447821073426
  },
  "edit_plan": [],
  "outcome": {
    "status": "not_applicable",
    "before": {
      "task_score": 0.8726805500921356,
      "semantic_score": 0.8726805500921359,
      "selection_score": 1.5453611001842715,
      "hack_score": 0.2,
      "true_hack_risk": true,
      "terminal_goal_evidence": false,
      "reward_repetition_risk": false,
      "high_reward_low_progress": false,
      "shaping_goal_mismatch": true,
      "unstable_contact_behavior": true,
      "benign_terminal_dominance": false,
      "success_episode_rate": 0.0,
      "terminal_reward_paid_episode_rate": 0.0,
      "safe_contact_episode_rate": 0.0,
      "stable_landing_episode_rate": 0.0
    },
    "after": {},
    "delta": {},
    "note": "No schema transition was committed for this iteration."
  },
  "lesson": "Final iteration; edit generation skipped.",
  "metadata": {
    "config_path": "configs/generated_landing_1M_3seeds/eg_rsa_landing_v2_1_1M_seed1.yml",
    "iteration": 0,
    "schema_snapshot": {
      "version": 2,
      "components": [
        {
          "name": "horizontal_approach",
          "type": "formula_component",
          "weight": 1.0,
          "inputs": [],
          "params": {
            "formula_ast": {
              "op": "sub",
              "left": {
                "const": 1.0
              },
              "right": {
                "op": "min",
                "args": [
                  {
                    "op": "abs",
                    "arg": {
                      "var": "x_pos"
                    }
                  },
                  {
                    "const": 1.0
                  }
                ]
              }
            }
          },
          "clip": [
            0.0,
            1.0
          ],
          "enabled": true,
          "semantic_role": "dense_guidance",
          "reward_timing": "dense",
          "behavior_channel": "progress",
          "formula_ast": {
            "op": "sub",
            "left": {
              "const": 1.0
            },
            "right": {
              "op": "min",
              "args": [
                {
                  "op": "abs",
                  "arg": {
                    "var": "x_pos"
                  }
                },
                {
                  "const": 1.0
                }
              ]
            }
          }
        },
        {
          "name": "vertical_approach",
          "type": "formula_component",
          "weight": 1.0,
          "inputs": [],
          "params": {
            "formula_ast": {
              "op": "sub",
              "left": {
                "const": 1.0
              },
              "right": {
                "op": "min",
                "args": [
                  {
                    "var": "y_pos"
                  },
                  {
                    "const": 1.0
                  }
                ]
              }
            }
          },
          "clip": [
            0.0,
            1.0
          ],
          "enabled": true,
          "semantic_role": "dense_guidance",
          "reward_timing": "dense",
          "behavior_channel": "progress",
          "formula_ast": {
            "op": "sub",
            "left": {
              "const": 1.0
            },
            "right": {
              "op": "min",
              "args": [
                {
                  "var": "y_pos"
                },
                {
                  "const": 1.0
                }
              ]
            }
          }
        },
        {
          "name": "descent_rate",
          "type": "formula_component",
          "weight": 1.0,
          "inputs": [],
          "params": {
            "formula_ast": {
              "op": "exp",
              "arg": {
                "op": "mul",
                "args": [
                  {
                    "const": -25.0
                  },
                  {
                    "op": "add",
                    "args": [
                      {
                        "var": "y_vel"
                      },
                      {
                        "const": 0.5
                      }
                    ]
                  },
                  {
                    "op": "add",
                    "args": [
                      {
                        "var": "y_vel"
                      },
                      {
                        "const": 0.5
                      }
                    ]
                  }
                ]
              }
            }
          },
          "clip": [
            0.0,
            1.0
          ],
          "enabled": true,
          "semantic_role": "dense_guidance",
          "reward_timing": "dense",
          "behavior_channel": "progress",
          "formula_ast": {
            "op": "exp",
            "arg": {
              "op": "mul",
              "args": [
                {
                  "const": -25.0
                },
                {
                  "op": "add",
                  "args": [
                    {
                      "var": "y_vel"
                    },
                    {
                      "const": 0.5
                    }
                  ]
                },
                {
                  "op": "add",
                  "args": [
                    {
                      "var": "y_vel"
                    },
                    {
                      "const": 0.5
                    }
                  ]
                }
              ]
            }
          }
        },
        {
          "name": "attitude_stability",
          "type": "formula_component",
          "weight": 1.0,
          "inputs": [],
          "params": {
            "formula_ast": {
              "op": "exp",
              "arg": {
                "op": "add",