{
  "note": "Post-hoc oracle reward evaluation only. Not used by EG-RSA reward search.",
  "env_id": "LunarLander-v3",
  "num_episodes": 10,
  "return_mean": 25.772366487030087,
  "return_std": 61.240357573583594,
  "episode_length_mean": 933.3,
  "episode_returns": [
    18.55335930215438,
    12.401303910586646,
    -7.686857505811568,
    -3.5253951833424146,
    -26.428517100556636,
    23.14051725767943,
    35.82628828331748,
    -4.024279890964848,
    202.46922461161535,
    6.998021185623018
  ],
  "episode_lengths": [
    1000,
    1000,
    1000,
    1000,
    1000,
    1000,
    1000,
    1000,
    333,
    1000
  ]
}