{
  "attribution": {
    "episode_reward_mean": 2592.936849286138,
    "episode_reward_std": 1524.292885129536,
    "component_stats": {
      "r_approach_region": {
        "sum": 6331.9114977338895,
        "abs_sum": 6331.9114977338895,
        "mean": 1.3934664387618594,
        "std": 0.2662741095770115,
        "min": 0.39970565854453455,
        "max": 1.5,
        "ratio": 0.4036566151935619,
        "trigger_rate": 1.0
      },
      "r_approach_progress": {
        "sum": 8.694398993760686,
        "abs_sum": 8.694398993760686,
        "mean": 0.0019133800602466298,
        "std": 0.00848798716054712,
        "min": 0.0,
        "max": 0.08344316276415498,
        "ratio": 0.0005542641697092218,
        "trigger_rate": 0.13776408450704225
      },
      "r_stability": {
        "sum": 3242.990047180071,
        "abs_sum": 3242.990047180071,
        "mean": 0.713686189960403,
        "std": 0.1981577995884249,
        "min": 0.11483655367981457,
        "max": 0.9773977994689281,
        "ratio": 0.20673921074538248,
        "trigger_rate": 1.0
      },
      "r_landing_quality": {
        "sum": 6038.405151809115,
        "abs_sum": 6038.405151809115,
        "mean": 1.3288743731974284,
        "std": 0.5615499847493148,
        "min": 0.09358777848832747,
        "max": 1.9547955989378563,
        "ratio": 0.38494571277867085,
        "trigger_rate": 1.0
      },
      "r_energy": {
        "sum": -64.38000000000001,
        "abs_sum": 64.38000000000001,
        "mean": -0.014168133802816904,
        "std": 0.009089920824837536,
        "min": -0.02,
        "max": -0.0,
        "ratio": 0.004104197112587894,
        "trigger_rate": 0.7084066901408451
      },
      "r_safe_contact_once": {
        "sum": 0.0,
        "abs_sum": 0.0,
        "mean": 0.0,
        "std": 0.0,
        "min": 0.0,
        "max": 0.0,
        "ratio": 0.0,
        "trigger_rate": 0.0
      },
      "r_stable_landing_once": {
        "sum": 0.0,
        "abs_sum": 0.0,
        "mean": 0.0,
        "std": 0.0,
        "min": 0.0,
        "max": 0.0,
        "ratio": 0.0,
        "trigger_rate": 0.0
      }
    },
    "dominant_component": "r_approach_region",
    "dominant_component_ratio": 0.4036566151935619
  },
  "diagnostics": {
    "hack_flags": {
      "high_reward_low_progress": false,
      "component_dominance": false,
      "repeated_event_exploitation": true,
      "shaping_goal_mismatch": true,
      "terminal_success_dominance": false,
      "unstable_contact_behavior": true,
      "reward_repetition_risk": false
    },
    "failure_modes": [
      "repeated_event_exploitation",
      "shaping_goal_mismatch"
    ],
    "hack_score": 0.4,
    "suspected_components": [],
    "dominant_component": "r_approach_region",
    "dominant_component_ratio": 0.4036566151935619,
    "raw_component_dominance": false,
    "benign_terminal_dominance": false,
    "repeated_event_details": {
      "flag": true,
      "event_toggle_counts": {
        "landing_region": 9,
        "right_contact": 4,
        "contact": 2,
        "left_contact": 2,
        "both_contact": 4
      },
      "max_event": "landing_region",
      "max_toggle_count": 9
    },
    "semantic_notes": []
  },
  "semantic_outcome": {
    "episode_count": 6,
    "semantic_score": 0.5106417608537879,
    "success_episode_rate": 0.0,
    "terminal_reward_paid_episode_rate": 0.0,
    "terminal_reward_payment_count_mean": 0.0,
    "terminal_reward_payment_count_max": 0,
    "safe_contact_episode_rate": 0.0,
    "stable_landing_episode_rate": 0.0,
    "progress_score_mean": 0.5863750941871212,
    "progress_score_std": 0.34393068858873815,
    "episode_length_mean": 757.3333333333334,
    "episode_length_std": 357.2611867465532,
    "contact_toggle_mean": 382.1666666666667,
    "contact_toggle_max": 581.0,
    "reward_repetition_risk": false,
    "one_time_repeat_violations": [],
    "terminal_goal_evidence": false,
    "unstable_contact_behavior": true,
    "event_rule_payment_stats": {
      "r_stable_landing_once": {
        "episode_payment_counts": [
          0,
          0,
          0,
          0,
          0,
          0
        ],
        "episode_paid_rate": 0.0,
        "payment_count_mean": 0.0,
        "payment_count_max": 0,
        "one_time": true
      }
    },
    "terminal_rule_names": [
      "r_stable_landing_once"
    ],
    "one_time_rule_names": [
      "r_safe_contact_once",
      "r_stable_landing_once"
    ],
    "semantic_risks": [
      "unstable_contact_behavior"
    ]
  },
  "experiment_mode": {
    "use_memory": true,
    "use_attribution": true,
    "use_hack_detector": true,
    "use_llm_edit": true,
    "use_operator_constraints": true,
    "free_rewrite": false,
    "one_shot": false
  }
}