{
  "note": "Post-hoc oracle reward evaluation only. Not used by EG-RSA reward search.",
  "env_id": "LunarLander-v3",
  "num_episodes": 10,
  "return_mean": 29.357495831235287,
  "return_std": 70.89470977814796,
  "episode_length_mean": 833.4,
  "episode_returns": [
    -2.647472542230118,
    22.19980612039423,
    -45.24556661667438,
    -7.533303273978134,
    36.68195407733009,
    -14.11569539975973,
    22.81136063830828,
    229.86840500453815,
    21.204539521421648,
    30.350930783002884
  ],
  "episode_lengths": [
    1000,
    143,
    1000,
    1000,
    1000,
    1000,
    1000,
    191,
    1000,
    1000
  ]
}