{
  "attribution": {
    "episode_reward_mean": 1529.3319510839076,
    "episode_reward_std": 366.2621595160223,
    "component_stats": {
      "r_approach_region": {
        "sum": 6068.925723950117,
        "abs_sum": 6068.925723950117,
        "mean": 0.642078472698912,
        "std": 0.16585476255693524,
        "min": 0.19656326650036599,
        "max": 0.75,
        "ratio": 0.390262539152139,
        "trigger_rate": 1.0
      },
      "r_stability": {
        "sum": 6959.883506356494,
        "abs_sum": 6959.883506356494,
        "mean": 0.7363397700334843,
        "std": 0.15740031752912742,
        "min": 0.2647885926180599,
        "max": 0.9803577155755412,
        "ratio": 0.4475556190570546,
        "trigger_rate": 1.0
      },
      "r_landing_quality": {
        "sum": 2393.290280532462,
        "abs_sum": 2393.290280532462,
        "mean": 0.25320464246005736,
        "std": 0.1358718405634454,
        "min": 0.02359057275562386,
        "max": 0.4851055101700225,
        "ratio": 0.15390063815129512,
        "trigger_rate": 1.0
      },
      "r_energy": {
        "sum": -128.78,
        "abs_sum": 128.78,
        "mean": -0.013624629707998307,
        "std": 0.00931998173173618,
        "min": -0.02,
        "max": -0.0,
        "ratio": 0.00828120363933219,
        "trigger_rate": 0.6812314853999154
      },
      "r_safe_contact_once": {
        "sum": 0.0,
        "abs_sum": 0.0,
        "mean": 0.0,
        "std": 0.0,
        "min": 0.0,
        "max": 0.0,
        "ratio": 0.0,
        "trigger_rate": 0.0
      },
      "r_stable_landing_once": {
        "sum": 0.0,
        "abs_sum": 0.0,
        "mean": 0.0,
        "std": 0.0,
        "min": 0.0,
        "max": 0.0,
        "ratio": 0.0,
        "trigger_rate": 0.0
      }
    },
    "dominant_component": "r_stability",
    "dominant_component_ratio": 0.4475556190570546
  },
  "diagnostics": {
    "hack_flags": {
      "high_reward_low_progress": false,
      "component_dominance": false,
      "repeated_event_exploitation": true,
      "shaping_goal_mismatch": true,
      "terminal_success_dominance": false,
      "unstable_contact_behavior": true,
      "reward_repetition_risk": false
    },
    "failure_modes": [
      "repeated_event_exploitation",
      "shaping_goal_mismatch"
    ],
    "hack_score": 0.4,
    "suspected_components": [],
    "dominant_component": "r_stability",
    "dominant_component_ratio": 0.4475556190570546,
    "raw_component_dominance": false,
    "benign_terminal_dominance": false,
    "repeated_event_details": {
      "flag": true,
      "event_toggle_counts": {
        "landing_region": 22,
        "right_contact": 1,
        "contact": 1,
        "left_contact": 1,
        "both_contact": 1
      },
      "max_event": "landing_region",
      "max_toggle_count": 22
    },
    "semantic_notes": []
  },
  "semantic_outcome": {
    "episode_count": 10,
    "semantic_score": 0.5724388152880174,
    "success_episode_rate": 0.0,
    "terminal_reward_paid_episode_rate": 0.0,
    "terminal_reward_payment_count_mean": 0.0,
    "terminal_reward_payment_count_max": 0,
    "safe_contact_episode_rate": 0.0,
    "stable_landing_episode_rate": 0.0,
    "progress_score_mean": 0.6669588152880175,
    "progress_score_std": 0.2185148805805802,
    "episode_length_mean": 945.2,
    "episode_length_std": 164.39999999999998,
    "contact_toggle_mean": 504.1,
    "contact_toggle_max": 575.0,
    "reward_repetition_risk": false,
    "one_time_repeat_violations": [],
    "terminal_goal_evidence": false,
    "unstable_contact_behavior": true,
    "event_rule_payment_stats": {
      "r_stable_landing_once": {
        "episode_payment_counts": [
          0,
          0,
          0,
          0,
          0,
          0,
          0,
          0,
          0,
          0
        ],
        "episode_paid_rate": 0.0,
        "payment_count_mean": 0.0,
        "payment_count_max": 0,
        "one_time": true
      }
    },
    "terminal_rule_names": [
      "r_stable_landing_once"
    ],
    "one_time_rule_names": [
      "r_safe_contact_once",
      "r_stable_landing_once"
    ],
    "semantic_risks": [
      "unstable_contact_behavior"
    ]
  },
  "experiment_mode": {
    "use_memory": true,
    "use_attribution": true,
    "use_hack_detector": true,
    "use_llm_edit": true,
    "use_operator_constraints": true,
    "free_rewrite": false,
    "one_shot": false
  }
}