{
  "memory_id": "iter_002_to_003",
  "env_family": "landing_control",
  "failure_modes": [
    "repeated_event_exploitation",
    "shaping_goal_mismatch"
  ],
  "reward_attribution": {
    "episode_reward_mean": 1529.3319510839076,
    "episode_reward_std": 366.2621595160223,
    "component_stats": {
      "r_approach_region": {
        "sum": 6068.925723950117,
        "abs_sum": 6068.925723950117,
        "mean": 0.642078472698912,
        "std": 0.16585476255693524,
        "min": 0.19656326650036599,
        "max": 0.75,
        "ratio": 0.390262539152139,
        "trigger_rate": 1.0
      },
      "r_stability": {
        "sum": 6959.883506356494,
        "abs_sum": 6959.883506356494,
        "mean": 0.7363397700334843,
        "std": 0.15740031752912742,
        "min": 0.2647885926180599,
        "max": 0.9803577155755412,
        "ratio": 0.4475556190570546,
        "trigger_rate": 1.0
      },
      "r_landing_quality": {
        "sum": 2393.290280532462,
        "abs_sum": 2393.290280532462,
        "mean": 0.25320464246005736,
        "std": 0.1358718405634454,
        "min": 0.02359057275562386,
        "max": 0.4851055101700225,
        "ratio": 0.15390063815129512,
        "trigger_rate": 1.0
      },
      "r_energy": {
        "sum": -128.78,
        "abs_sum": 128.78,
        "mean": -0.013624629707998307,
        "std": 0.00931998173173618,
        "min": -0.02,
        "max": -0.0,
        "ratio": 0.00828120363933219,
        "trigger_rate": 0.6812314853999154
      },
      "r_safe_contact_once": {
        "sum": 0.0,
        "abs_sum": 0.0,
        "mean": 0.0,
        "std": 0.0,
        "min": 0.0,
        "max": 0.0,
        "ratio": 0.0,
        "trigger_rate": 0.0
      },
      "r_stable_landing_once": {
        "sum": 0.0,
        "abs_sum": 0.0,
        "mean": 0.0,
        "std": 0.0,
        "min": 0.0,
        "max": 0.0,
        "ratio": 0.0,
        "trigger_rate": 0.0
      }
    },
    "dominant_component": "r_stability",
    "dominant_component_ratio": 0.4475556190570546
  },
  "edit_plan": [],
  "outcome": {
    "status": "not_applicable",
    "before": {
      "task_score": 0.5724388152880174,
      "semantic_score": 0.5724388152880174,
      "selection_score": 0.7448776305760348,
      "hack_score": 0.4,
      "true_hack_risk": true,
      "terminal_goal_evidence": false,
      "reward_repetition_risk": false,
      "high_reward_low_progress": false,
      "shaping_goal_mismatch": true,
      "unstable_contact_behavior": true,
      "benign_terminal_dominance": false,
      "success_episode_rate": 0.0,
      "terminal_reward_paid_episode_rate": 0.0,
      "safe_contact_episode_rate": 0.0,
      "stable_landing_episode_rate": 0.0
    },
    "after": {},
    "delta": {},
    "note": "No edit was generated for this iteration."
  },
  "lesson": "Rollback/final iteration; edit generation skipped.",
  "metadata": {
    "config_path": "configs/eg_rsa_deepseek_aligned_balanced_10x1m.yml",
    "iteration": 2,
    "validation_errors": [],
    "validation_warnings": [],
    "candidate_evaluation": {},
    "gate_result": {},
    "reflection_report": {},
    "semantic_outcome": {
      "episode_count": 10,
      "semantic_score": 0.5724388152880174,
      "success_episode_rate": 0.0,
      "terminal_reward_paid_episode_rate": 0.0,
      "terminal_reward_payment_count_mean": 0.0,
      "terminal_reward_payment_count_max": 0,
      "safe_contact_episode_rate": 0.0,
      "stable_landing_episode_rate": 0.0,
      "progress_score_mean": 0.6669588152880175,
      "progress_score_std": 0.2185148805805802,
      "episode_length_mean": 945.2,
      "episode_length_std": 164.39999999999998,
      "contact_toggle_mean": 504.1,
      "contact_toggle_max": 575.0,
      "reward_repetition_risk": false,
      "one_time_repeat_violations": [],
      "terminal_goal_evidence": false,
      "unstable_contact_behavior": true,
      "event_rule_payment_stats": {
        "r_stable_landing_once": {
          "episode_payment_counts": [
            0,
            0,
            0,
            0,
            0,
            0,
            0,
            0,
            0,
            0
          ],
          "episode_paid_rate": 0.0,
          "payment_count_mean": 0.0,
          "payment_count_max": 0,
          "one_time": true
        }
      },
      "terminal_rule_names": [
        "r_stable_landing_once"
      ],
      "one_time_rule_names": [
        "r_safe_contact_once",
        "r_stable_landing_once"
      ],
      "semantic_risks": [
        "unstable_contact_behavior"
      ]
    },
    "structural_response": {},
    "outcome_decision": {
      "decision": "reject",
      "continuation": "rollback_to_best_schema",
      "reason": "Both task proxy and semantic outcome evidence degraded.",
      "task_delta": -0.10494619854026,
      "hack_delta": 0.0,
      "semantic_delta": -0.10494619854026,
      "accepted_for_best": false,
      "rollback_recommended": true
    },
    "rollback_applied": true,
    "experiment_mode": {
      "use_memory": true,
      "use_attribution": true,
      "use_hack_detector": true,
      "use_llm_edit": true,
      "use_operator_constraints": true,
      "free_rewrite": false,
      "one_shot": false
    },
    "edit_generated": false,
    "edit_decision": "rollback",
    "next_action": "rollback_to_best_schema",
    "agent_analysis": {
      "reflection_report": {},
      "diagnostic_analysis": {},
      "memory_reflection": {},
      "reward_editor": {},
      "auditor_check": {},
      "distilled_lessons": {}
    }
  }
}