{
  "note": "Post-hoc oracle reward evaluation only. Not used by EG-RSA reward search.",
  "env_id": "LunarLander-v3",
  "num_episodes": 10,
  "return_mean": -7.265139196352427,
  "return_std": 23.518130483050335,
  "episode_length_mean": 1000.0,
  "episode_returns": [
    -14.179792144097817,
    14.414878575078552,
    -64.1204833688107,
    -10.520110524199081,
    -0.28077120683507895,
    -32.15910033479245,
    5.55730598019372,
    10.262214576821552,
    2.531822913691765,
    15.84264356942527
  ],
  "episode_lengths": [
    1000,
    1000,
    1000,
    1000,
    1000,
    1000,
    1000,
    1000,
    1000,
    1000
  ]
}