{
  "attribution": {
    "episode_reward_mean": 235.7119731535275,
    "episode_reward_std": 16.826444386258174,
    "component_stats": {
      "r_approach_region": {
        "sum": 645.7919264462632,
        "abs_sum": 645.7919264462632,
        "mean": 0.24424808110675614,
        "std": 0.03852830835330287,
        "min": 0.13760844194739466,
        "max": 0.26249999999999996,
        "ratio": 0.26389878603982947,
        "trigger_rate": 1.0
      },
      "r_approach_progress": {
        "sum": 14.45007383373327,
        "abs_sum": 14.45007383373327,
        "mean": 0.005465232161018635,
        "std": 0.01032715560202123,
        "min": 0.0,
        "max": 0.0506840078964963,
        "ratio": 0.005904931273905336,
        "trigger_rate": 0.32223903177004537
      },
      "r_stability": {
        "sum": 466.7905990923049,
        "abs_sum": 466.7905990923049,
        "mean": 0.1765471252240185,
        "std": 0.08189250245389497,
        "min": 0.05595474757656763,
        "max": 0.34940951301919576,
        "ratio": 0.19075102581901715,
        "trigger_rate": 1.0
      },
      "r_landing_quality": {
        "sum": 775.0871321629736,
        "abs_sum": 775.0871321629736,
        "mean": 0.29314944484227445,
        "std": 0.2147733685635409,
        "min": 0.020923062514450065,
        "max": 0.6988190260383915,
        "ratio": 0.3167344540500722,
        "trigger_rate": 1.0
      },
      "r_energy": {
        "sum": -45.0,
        "abs_sum": 45.0,
        "mean": -0.0170196671709531,
        "std": 0.007122097500669538,
        "min": -0.02,
        "max": -0.0,
        "ratio": 0.018388965370226704,
        "trigger_rate": 0.850983358547655
      },
      "r_safe_contact_once": {
        "sum": 100.0,
        "abs_sum": 100.0,
        "mean": 0.037821482602118005,
        "std": 0.6138276317297533,
        "min": 0.0,
        "max": 10.0,
        "ratio": 0.04086436748939268,
        "trigger_rate": 0.0037821482602118004
      },
      "r_stable_landing_once": {
        "sum": 400.0,
        "abs_sum": 400.0,
        "mean": 0.15128593040847202,
        "std": 2.455310526919013,
        "min": 0.0,
        "max": 40.0,
        "ratio": 0.1634574699575707,
        "trigger_rate": 0.0037821482602118004
      }
    },
    "dominant_component": "r_landing_quality",
    "dominant_component_ratio": 0.3167344540500722
  },
  "diagnostics": {
    "hack_flags": {
      "high_reward_low_progress": false,
      "component_dominance": false,
      "repeated_event_exploitation": false,
      "shaping_goal_mismatch": false,
      "terminal_success_dominance": false,
      "unstable_contact_behavior": true,
      "reward_repetition_risk": false
    },
    "failure_modes": [],
    "hack_score": 0.0,
    "suspected_components": [],
    "dominant_component": "r_landing_quality",
    "dominant_component_ratio": 0.3167344540500722,
    "raw_component_dominance": false,
    "benign_terminal_dominance": false,
    "repeated_event_details": {
      "flag": true,
      "event_toggle_counts": {
        "landing_region": 10,
        "left_contact": 10,
        "contact": 10,
        "right_contact": 12,
        "both_contact": 12,
        "safe_contact": 20,
        "stable_both_contact": 12,
        "stable_landing_condition": 12
      },
      "max_event": "safe_contact",
      "max_toggle_count": 20
    },
    "semantic_notes": [
      "contact_or_landing_toggles_observed_but_not_repeated_reward_exploitation"
    ]
  },
  "semantic_outcome": {
    "episode_count": 10,
    "semantic_score": 4.468103392953405,
    "success_episode_rate": 1.0,
    "terminal_reward_paid_episode_rate": 1.0,
    "terminal_reward_payment_count_mean": 1.0,
    "terminal_reward_payment_count_max": 1,
    "safe_contact_episode_rate": 1.0,
    "stable_landing_episode_rate": 1.0,
    "progress_score_mean": 0.9945433929534054,
    "progress_score_std": 0.0028016021185188773,
    "episode_length_mean": 264.4,
    "episode_length_std": 20.475351034841868,
    "contact_toggle_mean": 9.8,
    "contact_toggle_max": 20.0,
    "reward_repetition_risk": false,
    "one_time_repeat_violations": [],
    "terminal_goal_evidence": true,
    "unstable_contact_behavior": true,
    "event_rule_payment_stats": {
      "r_stable_landing_once": {
        "episode_payment_counts": [
          1,
          1,
          1,
          1,
          1,
          1,
          1,
          1,
          1,
          1
        ],
        "episode_paid_rate": 1.0,
        "payment_count_mean": 1.0,
        "payment_count_max": 1,
        "one_time": true
      }
    },
    "terminal_rule_names": [
      "r_stable_landing_once"
    ],
    "one_time_rule_names": [
      "r_safe_contact_once",
      "r_stable_landing_once"
    ],
    "semantic_risks": [
      "unstable_contact_behavior",
      "terminal_goal_evidence_present"
    ]
  },
  "experiment_mode": {
    "use_memory": true,
    "use_attribution": true,
    "use_hack_detector": true,
    "use_llm_edit": true,
    "use_operator_constraints": true,
    "free_rewrite": false,
    "one_shot": false
  }
}