{
  "memory_id": "iter_002_to_003",
  "env_family": "landing_control",
  "failure_modes": [],
  "reward_attribution": {
    "episode_reward_mean": 235.7119731535275,
    "episode_reward_std": 16.826444386258174,
    "component_stats": {
      "r_approach_region": {
        "sum": 645.7919264462632,
        "abs_sum": 645.7919264462632,
        "mean": 0.24424808110675614,
        "std": 0.03852830835330287,
        "min": 0.13760844194739466,
        "max": 0.26249999999999996,
        "ratio": 0.26389878603982947,
        "trigger_rate": 1.0
      },
      "r_approach_progress": {
        "sum": 14.45007383373327,
        "abs_sum": 14.45007383373327,
        "mean": 0.005465232161018635,
        "std": 0.01032715560202123,
        "min": 0.0,
        "max": 0.0506840078964963,
        "ratio": 0.005904931273905336,
        "trigger_rate": 0.32223903177004537
      },
      "r_stability": {
        "sum": 466.7905990923049,
        "abs_sum": 466.7905990923049,
        "mean": 0.1765471252240185,
        "std": 0.08189250245389497,
        "min": 0.05595474757656763,
        "max": 0.34940951301919576,
        "ratio": 0.19075102581901715,
        "trigger_rate": 1.0
      },
      "r_landing_quality": {
        "sum": 775.0871321629736,
        "abs_sum": 775.0871321629736,
        "mean": 0.29314944484227445,
        "std": 0.2147733685635409,
        "min": 0.020923062514450065,
        "max": 0.6988190260383915,
        "ratio": 0.3167344540500722,
        "trigger_rate": 1.0
      },
      "r_energy": {
        "sum": -45.0,
        "abs_sum": 45.0,
        "mean": -0.0170196671709531,
        "std": 0.007122097500669538,
        "min": -0.02,
        "max": -0.0,
        "ratio": 0.018388965370226704,
        "trigger_rate": 0.850983358547655
      },
      "r_safe_contact_once": {
        "sum": 100.0,
        "abs_sum": 100.0,
        "mean": 0.037821482602118005,
        "std": 0.6138276317297533,
        "min": 0.0,
        "max": 10.0,
        "ratio": 0.04086436748939268,
        "trigger_rate": 0.0037821482602118004
      },
      "r_stable_landing_once": {
        "sum": 400.0,
        "abs_sum": 400.0,
        "mean": 0.15128593040847202,
        "std": 2.455310526919013,
        "min": 0.0,
        "max": 40.0,
        "ratio": 0.1634574699575707,
        "trigger_rate": 0.0037821482602118004
      }
    },
    "dominant_component": "r_landing_quality",
    "dominant_component_ratio": 0.3167344540500722
  },
  "edit_plan": [],
  "outcome": {
    "status": "not_applicable",
    "before": {
      "task_score": 2.9681033929534055,
      "semantic_score": 4.468103392953405,
      "selection_score": 7.43620678590681,
      "hack_score": 0.0,
      "true_hack_risk": false,
      "terminal_goal_evidence": true,
      "reward_repetition_risk": false,
      "high_reward_low_progress": false,
      "shaping_goal_mismatch": false,
      "unstable_contact_behavior": true,
      "benign_terminal_dominance": false,
      "success_episode_rate": 1.0,
      "terminal_reward_paid_episode_rate": 1.0,
      "safe_contact_episode_rate": 1.0,
      "stable_landing_episode_rate": 1.0
    },
    "after": {},
    "delta": {},
    "note": "No edit was generated for this iteration."
  },
  "lesson": "Current schema achieves 100% landing success with no reward hacking; only benign unstable contact. Continue training to further refine policy.",
  "metadata": {
    "config_path": "configs/eg_rsa_deepseek_semantic_10x500k_v3.yml",
    "iteration": 2,
    "validation_errors": [
      "LLM chose no_edit with next_action=continue_training; no schema edit applied."
    ],
    "validation_warnings": [],
    "candidate_evaluation": {},
    "gate_result": {},
    "reflection_report": {
      "reflection_summary": "Current schema yields 100% landing success, all episodes trigger one-time terminal bonuses, and no reward hacking is detected. Unstable contact behaviour persists but does not cause repeated reward exploitation. The primary task objective is achieved; further training without edits is appropriate to refine the policy and potentially reduce bounce.",
      "failure_assessment": {
        "observed_facts": [
          "Episode reward mean 235.7, std 16.8",
          "Success episode rate 1.0",
          "Terminal rewards r_stable_landing_once paid exactly once per episode in all 10 eval episodes",
          "One-time bonuses remain strictly one-time per episode",
          "Dominant component r_landing_quality (ratio 0.317), all shaping components trigger every step",
          "Episode length mean 264.4 steps, contact toggle mean 9.8, max 20",
          "Hack flags: only unstable_contact_behavior = true; all others false",
          "Hack score 0.0, suspected components empty",
          "Semantic score 4.468, progress score 0.995"
        ],
        "likely_true_failures": [],
        "likely_false_positives": [
          "Unstable contact behaviour flag is not a reward hack because terminal bonuses are one-time and not triggered repeatedly by bouncing."
        ],
        "root_cause_hypotheses": [],
        "failure_kind": "unclear",
        "confidence": 0.0
      },
      "memory_assessment": {
        "reusable_lessons": [
          {
            "lesson_id": "lesson_iter_000_to_001",
            "summary": "Atomic rebalancing that jointly cut dense shaping weights (to 35% of original) and relaxed terminal event durations shifted the policy from hovering/exploitation to successful landings. This is a strong positive lesson for landing environments when shaping dominates and terminal goals are unreachable."
          }
        ],
        "failed_or_weak_lessons": [],
        "conflicting_lessons": [],
        "avoid_actions": [
          "Do not alter one-time terminal bonuses to become repeatable, as that could re-introduce exploitation.",
          "Avoid reducing shaping weights further without evidence of new exploitation; current balance already yields 1.0 success."
        ],
        "recommended_actions": [
          "Continue training on the current schema to consolidate the landing policy.",
          "Monitor for any degradation in success rate or emergence of new reward hacking; if success stays high, no edit needed."
        ],
        "memory_confidence": 0.9
      },
      "strategy": {
        "recommended_next_action": "continue_training",
        "plan_type": "continue_training",
        "atomicity": "separable",
        "why_atomic_or_separable": "No edit is planned; training continuation can be applied independently.",
        "max_reasonable_edits": 0,
        "editor_constraints": [],
        "must_preserve": [],
        "must_avoid": [],
        "expected_effect": "Further training should maintain or improve the success rate, possibly reducing contact toggling and episode length as the policy refines landing precision. No immediate hack risk is present.",
        "risk_analysis": "Minimal risk: the reward structure is stable and already leads to perfect success. Over-training might cause the policy to become slightly more conservative or overfit to evaluation seeds, but the one-time terminal bonuses prevent reward inflation. Regular monitoring of success rate and semantic score is sufficient."
      },
      "auditor_hints": {
        "package_should_be_rejected_if": [
          "Any edit that makes terminal bonuses repeatable or weakens the one-time constraint.",
          "Edits that significantly increase continuous shaping weights could re-create hovering incentives."
        ],
        "package_should_be_accepted_if": [
          "Only minor tuning (e.g., small weight adjustments) if later evidence shows a very specific instability that hampers landing without exploitation; such edits should be minimal and accompanied by strong justification."
        ],