{
  "note": "Post-hoc oracle reward evaluation only. Not used by EG-RSA reward search.",
  "env_id": "LunarLander-v3",
  "num_episodes": 10,
  "return_mean": 233.97141597304895,
  "return_std": 84.08799072496438,
  "episode_length_mean": 331.0,
  "episode_returns": [
    276.6304743622567,
    294.16706281886,
    234.02086606211034,
    298.14127660202087,
    278.4752048717919,
    252.04388071745316,
    276.93373337899584,
    138.58568661004972,
    272.225513328851,
    18.490460978100273
  ],
  "episode_lengths": [
    242,
    272,
    239,
    242,
    266,
    263,
    272,
    1000,
    254,
    260
  ]
}