{
  "attribution": {
    "episode_reward_mean": 78.63079320874745,
    "episode_reward_std": 0.0,
    "component_stats": {
      "r_center": {
        "sum": 40.93032741494244,
        "abs_sum": 40.93032741494244,
        "mean": 0.3861351642919098,
        "std": 0.1433807817824133,
        "min": 0.0,
        "max": 0.4997454166295938,
        "ratio": 0.40999701694603236,
        "trigger_rate": 0.9905660377358491
      },
      "r_slow_vx": {
        "sum": 13.47832740544327,
        "abs_sum": 13.47832740544327,
        "mean": 0.1271540321268233,
        "std": 0.1242244337183302,
        "min": 0.0,
        "max": 0.2999811132343893,
        "ratio": 0.13501172305883613,
        "trigger_rate": 0.5943396226415094
      },
      "r_slow_vy": {
        "sum": 9.294653324782848,
        "abs_sum": 9.294653324782848,
        "mean": 0.08768540872436649,
        "std": 0.09263182619574867,
        "min": 0.0,
        "max": 0.2602408781647682,
        "ratio": 0.0931040716600104,
        "trigger_rate": 0.5943396226415094
      },
      "r_upright": {
        "sum": 12.280298640672118,
        "abs_sum": 12.280298640672118,
        "mean": 0.11585187396860488,
        "std": 0.14181692765313217,
        "min": 0.0,
        "max": 0.3992748946882785,
        "ratio": 0.12301112959198801,
        "trigger_rate": 0.5283018867924528
      },
      "r_stable_angvel": {
        "sum": 13.247186422906815,
        "abs_sum": 13.247186422906815,
        "mean": 0.12497345681987561,
        "std": 0.016444855992951708,
        "min": 0.09542896747589112,
        "max": 0.19709521736949684,
        "ratio": 0.13269639554207346,
        "trigger_rate": 1.0
      },
      "r_control_cost": {
        "sum": -10.6,
        "abs_sum": 10.6,
        "mean": -0.09999999999999999,
        "std": 1.3877787807814457e-17,
        "min": -0.1,
        "max": -0.1,
        "ratio": 0.10617966320106591,
        "trigger_rate": 1.0
      },
      "r_landing_success": {
        "sum": 0.0,
        "abs_sum": 0.0,
        "mean": 0.0,
        "std": 0.0,
        "min": 0.0,
        "max": 0.0,
        "ratio": 0.0,
        "trigger_rate": 0.0
      }
    },
    "dominant_component": "r_center",
    "dominant_component_ratio": 0.40999701694603236
  },
  "diagnostics": {
    "hack_flags": {
      "high_reward_low_progress": false,
      "component_dominance": false,
      "repeated_event_exploitation": false,
      "shaping_goal_mismatch": true,
      "terminal_success_dominance": false,
      "unstable_contact_behavior": false,
      "reward_repetition_risk": false
    },
    "failure_modes": [
      "shaping_goal_mismatch"
    ],
    "hack_score": 0.2,
    "suspected_components": [],
    "dominant_component": "r_center",
    "dominant_component_ratio": 0.40999701694603236,
    "raw_component_dominance": false,
    "benign_terminal_dominance": false,
    "repeated_event_details": {
      "flag": false,
      "event_toggle_counts": {},
      "max_event": null,
      "max_toggle_count": 0
    },
    "semantic_notes": []
  },
  "semantic_outcome": {
    "episode_count": 1,
    "semantic_score": 0.2768842574448386,
    "success_episode_rate": 0.0,
    "terminal_reward_paid_episode_rate": 0.0,
    "terminal_reward_payment_count_mean": 0.0,
    "terminal_reward_payment_count_max": 0,
    "safe_contact_episode_rate": 0.0,
    "stable_landing_episode_rate": 0.0,
    "progress_score_mean": 0.2874842574448386,
    "progress_score_std": 0.0,
    "episode_length_mean": 106.0,
    "episode_length_std": 0.0,
    "contact_toggle_mean": 0.0,
    "contact_toggle_max": 0.0,
    "reward_repetition_risk": false,
    "one_time_repeat_violations": [],
    "terminal_goal_evidence": false,
    "unstable_contact_behavior": false,
    "event_rule_payment_stats": {
      "r_landing_success": {
        "episode_payment_counts": [
          0
        ],
        "episode_paid_rate": 0.0,
        "payment_count_mean": 0.0,
        "payment_count_max": 0,
        "one_time": true
      }
    },
    "terminal_rule_names": [
      "r_landing_success"
    ],
    "one_time_rule_names": [
      "r_landing_success"
    ],
    "semantic_risks": []
  },
  "experiment_mode": {
    "use_memory": true,
    "use_attribution": true,
    "use_hack_detector": true,
    "use_llm_edit": true,
    "use_operator_constraints": true,
    "free_rewrite": false,
    "one_shot": false
  }
}