{
  "memory_id": "iter_000_to_001",
  "env_family": "landing_control",
  "failure_modes": [
    "shaping_goal_mismatch"
  ],
  "reward_attribution": {
    "episode_reward_mean": 78.63079320874745,
    "episode_reward_std": 0.0,
    "component_stats": {
      "r_center": {
        "sum": 40.93032741494244,
        "abs_sum": 40.93032741494244,
        "mean": 0.3861351642919098,
        "std": 0.1433807817824133,
        "min": 0.0,
        "max": 0.4997454166295938,
        "ratio": 0.40999701694603236,
        "trigger_rate": 0.9905660377358491
      },
      "r_slow_vx": {
        "sum": 13.47832740544327,
        "abs_sum": 13.47832740544327,
        "mean": 0.1271540321268233,
        "std": 0.1242244337183302,
        "min": 0.0,
        "max": 0.2999811132343893,
        "ratio": 0.13501172305883613,
        "trigger_rate": 0.5943396226415094
      },
      "r_slow_vy": {
        "sum": 9.294653324782848,
        "abs_sum": 9.294653324782848,
        "mean": 0.08768540872436649,
        "std": 0.09263182619574867,
        "min": 0.0,
        "max": 0.2602408781647682,
        "ratio": 0.0931040716600104,
        "trigger_rate": 0.5943396226415094
      },
      "r_upright": {
        "sum": 12.280298640672118,
        "abs_sum": 12.280298640672118,
        "mean": 0.11585187396860488,
        "std": 0.14181692765313217,
        "min": 0.0,
        "max": 0.3992748946882785,
        "ratio": 0.12301112959198801,
        "trigger_rate": 0.5283018867924528
      },
      "r_stable_angvel": {
        "sum": 13.247186422906815,
        "abs_sum": 13.247186422906815,
        "mean": 0.12497345681987561,
        "std": 0.016444855992951708,
        "min": 0.09542896747589112,
        "max": 0.19709521736949684,
        "ratio": 0.13269639554207346,
        "trigger_rate": 1.0
      },
      "r_control_cost": {
        "sum": -10.6,
        "abs_sum": 10.6,
        "mean": -0.09999999999999999,
        "std": 1.3877787807814457e-17,
        "min": -0.1,
        "max": -0.1,
        "ratio": 0.10617966320106591,
        "trigger_rate": 1.0
      },
      "r_landing_success": {
        "sum": 0.0,
        "abs_sum": 0.0,
        "mean": 0.0,
        "std": 0.0,
        "min": 0.0,
        "max": 0.0,
        "ratio": 0.0,
        "trigger_rate": 0.0
      }
    },
    "dominant_component": "r_center",
    "dominant_component_ratio": 0.40999701694603236
  },
  "edit_plan": [],
  "outcome": {
    "status": "not_applicable",
    "before": {
      "task_score": 0.2768842574448386,
      "semantic_score": 0.2768842574448386,
      "selection_score": 0.35376851488967714,
      "hack_score": 0.2,
      "true_hack_risk": true,
      "terminal_goal_evidence": false,
      "reward_repetition_risk": false,
      "high_reward_low_progress": false,
      "shaping_goal_mismatch": true,
      "unstable_contact_behavior": false,
      "benign_terminal_dominance": false,
      "success_episode_rate": 0.0,
      "terminal_reward_paid_episode_rate": 0.0,
      "safe_contact_episode_rate": 0.0,
      "stable_landing_episode_rate": 0.0
    },
    "after": {},
    "delta": {},
    "note": "No schema transition was committed for this iteration."
  },
  "lesson": "Final iteration; edit generation skipped.",
  "metadata": {
    "config_path": "configs/eg_rsa_lunar_lander_v2_1_eureka_like_bootstrap_check.yml",
    "iteration": 0,
    "schema_snapshot": {
      "version": 2,
      "components": [
        {
          "name": "r_center",
          "type": "formula_component",
          "weight": 0.5,
          "inputs": [],
          "params": {
            "formula_ast": {
              "op": "sub",
              "left": {
                "const": 1.0
              },
              "right": {
                "op": "min",
                "args": [
                  {
                    "op": "abs",
                    "arg": {
                      "var": "x"
                    }
                  },
                  {
                    "const": 1.0
                  }
                ]
              }
            }
          },
          "clip": [
            0.0,
            1.0
          ],
          "enabled": true,
          "semantic_role": "dense_guidance",
          "reward_timing": "dense",
          "behavior_channel": "progress",
          "formula_ast": {
            "op": "sub",
            "left": {
              "const": 1.0
            },
            "right": {
              "op": "min",
              "args": [
                {
                  "op": "abs",
                  "arg": {
                    "var": "x"
                  }
                },
                {
                  "const": 1.0
                }
              ]
            }
          }
        },
        {
          "name": "r_slow_vx",
          "type": "formula_component",
          "weight": 0.3,
          "inputs": [],
          "params": {
            "formula_ast": {
              "op": "sub",
              "left": {
                "const": 1.0
              },
              "right": {
                "op": "min",
                "args": [
                  {
                    "op": "abs",
                    "arg": {
                      "var": "vx"
                    }
                  },
                  {
                    "const": 2.0
                  }
                ]
              }
            }
          },
          "clip": [
            0.0,
            1.0
          ],
          "enabled": true,
          "semantic_role": "dense_guidance",
          "reward_timing": "dense",
          "behavior_channel": "progress",
          "formula_ast": {
            "op": "sub",
            "left": {
              "const": 1.0
            },
            "right": {
              "op": "min",
              "args": [
                {
                  "op": "abs",
                  "arg": {
                    "var": "vx"
                  }
                },
                {
                  "const": 2.0
                }
              ]
            }
          }
        },
        {
          "name": "r_slow_vy",
          "type": "formula_component",
          "weight": 0.3,
          "inputs": [],
          "params": {
            "formula_ast": {
              "op": "sub",
              "left": {
                "const": 1.0
              },
              "right": {
                "op": "min",
                "args": [
                  {
                    "op": "abs",
                    "arg": {
                      "var": "vy"
                    }
                  },
                  {
                    "const": 2.0
                  }
                ]
              }
            }
          },
          "clip": [
            0.0,
            1.0
          ],
          "enabled": true,
          "semantic_role": "dense_guidance",
          "reward_timing": "dense",
          "behavior_channel": "progress",
          "formula_ast": {
            "op": "sub",
            "left": {
              "const": 1.0
            },
            "right": {
              "op": "min",
              "args": [
                {
                  "op": "abs",
                  "arg": {
                    "var": "vy"
                  }
                },
                {
                  "const": 2.0
                }
              ]
            }
          }
        },
        {
          "name": "r_upright",
          "type": "formula_component",
          "weight": 0.4,
          "inputs": [],
          "params": {
            "formula_ast": {
              "op": "sub",
              "left": {
                "const": 1.0
              },
              "right": {
                "op": "div",
                "left": {
                  "op": "min",
                  "args": [
                    {
                      "op": "abs",