{
  "eval_generated_return": -41.11997745954085,
  "eval_hidden_return": -120.89929540022165,
  "eval_episode_length": 72.3,
  "component_returns": {
    "shaping": 7.5795252815184835,
    "velocity_penalty": -47.43863397985697,
    "angle_penalty": -1.0908687612023642,
    "fuel_efficiency": -0.17,
    "terminal": 0.0
  },
  "diagnostics": {
    "generated_private_gap": 79.7793179406808,
    "action_mean": 0.07745504840940526,
    "action_std": 0.4034130277262298,
    "episode_length_mean": 72.3,
    "component_returns": {
      "shaping": 7.5795252815184835,
      "velocity_penalty": -47.43863397985697,
      "angle_penalty": -1.0908687612023642,
      "fuel_efficiency": -0.17,
      "terminal": 0.0
    },
    "ppo_n_envs": 1,
    "ppo_vec_env_type": "dummy",
    "ppo_total_timesteps": 2000000,
    "ppo_n_steps": 1024,
    "ppo_batch_size": 64,
    "ppo_n_epochs": 4,
    "ppo_gae_lambda": 0.98,
    "ppo_gamma": 0.999,
    "ppo_ent_coef": 0.01,
    "ppo_learning_rate": 0.0003,
    "ppo_clip_range": 0.2,
    "ppo_vf_coef": 0.5,
    "ppo_max_grad_norm": 0.5
  }
}