{
  "attribution": {
    "episode_reward_mean": 468.0116148580544,
    "episode_reward_std": 156.9247212331889,
    "component_stats": {
      "r_center_guidance": {
        "sum": 851.2706953849338,
        "abs_sum": 851.2706953849338,
        "mean": 0.38139368072801694,
        "std": 0.15759888260819957,
        "min": 0.0,
        "max": 0.7486217022160417,
        "ratio": 0.22828526628434398,
        "trigger_rate": 0.9601254480286738
      },
      "r_stability": {
        "sum": -83.41866584391592,
        "abs_sum": 83.41866584391592,
        "mean": -0.037373954231145125,
        "std": 0.053515658296491755,
        "min": -0.22803953289985657,
        "max": -0.000319669081363827,
        "ratio": 0.02237038400182675,
        "trigger_rate": 1.0
      },
      "r_vertical_safety": {
        "sum": -15.87280095441918,
        "abs_sum": 15.87280095441918,
        "mean": -0.007111469961657338,
        "std": 0.015861364049389672,
        "min": -0.09790033847093582,
        "max": -0.0,
        "ratio": 0.0042566091047213355,
        "trigger_rate": 0.48342293906810035
      },
      "r_fuel_penalty": {
        "sum": -68.45,
        "abs_sum": 68.45,
        "mean": -0.030667562724014337,
        "std": 0.024349101272313177,
        "min": -0.05,
        "max": -0.0,
        "ratio": 0.018356236813834418,
        "trigger_rate": 0.6133512544802867
      },
      "r_descent_guidance": {
        "sum": 1217.2530608928791,
        "abs_sum": 1217.2530608928791,
        "mean": 0.5453642745935838,
        "std": 0.26789305150577686,
        "min": 0.0,
        "max": 0.75,
        "ratio": 0.3264307589205916,
        "trigger_rate": 0.8862007168458781
      },
      "r_speed_penalty": {
        "sum": -92.71260033115178,
        "abs_sum": 92.71260033115178,
        "mean": -0.041537903374171944,
        "std": 0.04672461391883422,
        "min": -0.2002244710922241,
        "max": -0.0,
        "ratio": 0.02486273845588028,
        "trigger_rate": 0.9843189964157706
      },
      "r_landing_success": {
        "sum": 1200.0,
        "abs_sum": 1200.0,
        "mean": 0.5376344086021505,
        "std": 10.355570045300118,
        "min": 0.0,
        "max": 200.0,
        "ratio": 0.3218040055018452,
        "trigger_rate": 0.002688172043010753
      },
      "r_crash": {
        "sum": -200.0,
        "abs_sum": 200.0,
        "mean": -0.08960573476702509,
        "std": 2.992080261122581,
        "min": -100.0,
        "max": 0.0,
        "ratio": 0.05363400091697419,
        "trigger_rate": 0.0008960573476702509
      }
    },
    "dominant_component": "r_descent_guidance",
    "dominant_component_ratio": 0.3264307589205916
  },
  "diagnostics": {
    "hack_flags": {
      "high_reward_low_progress": false,
      "component_dominance": false,
      "repeated_event_exploitation": false,
      "shaping_goal_mismatch": true,
      "terminal_success_dominance": false,
      "unstable_contact_behavior": true,
      "reward_repetition_risk": false
    },
    "failure_modes": [
      "shaping_goal_mismatch"
    ],
    "hack_score": 0.2,
    "suspected_components": [],
    "dominant_component": "r_descent_guidance",
    "dominant_component_ratio": 0.3264307589205916,
    "raw_component_dominance": false,
    "benign_terminal_dominance": false,
    "repeated_event_details": {
      "flag": true,
      "event_toggle_counts": {
        "left_contact": 8,
        "right_contact": 9,
        "contact": 8,
        "both_contact": 9
      },
      "max_event": "right_contact",
      "max_toggle_count": 9
    },
    "semantic_notes": [
      "contact_or_landing_toggles_observed_but_not_repeated_reward_exploitation"
    ]
  },
  "semantic_outcome": {
    "episode_count": 6,
    "semantic_score": 1.9400976013740445,
    "success_episode_rate": 0.0,
    "terminal_reward_paid_episode_rate": 1.0,
    "terminal_reward_payment_count_mean": 1.0,
    "terminal_reward_payment_count_max": 1,
    "safe_contact_episode_rate": 0.0,
    "stable_landing_episode_rate": 0.0,
    "progress_score_mean": 0.9772976013740445,
    "progress_score_std": 0.003902355970042251,
    "episode_length_mean": 372.0,
    "episode_length_std": 169.666339226927,
    "contact_toggle_mean": 119.33333333333333,
    "contact_toggle_max": 427.0,
    "reward_repetition_risk": false,
    "one_time_repeat_violations": [],
    "terminal_goal_evidence": true,
    "unstable_contact_behavior": true,
    "event_rule_payment_stats": {
      "r_landing_success": {
        "episode_payment_counts": [
          1,
          1,
          1,
          1,
          1,
          1
        ],
        "episode_paid_rate": 1.0,
        "payment_count_mean": 1.0,
        "payment_count_max": 1,
        "one_time": true
      }
    },
    "terminal_rule_names": [
      "r_landing_success"
    ],
    "one_time_rule_names": [
      "r_crash",
      "r_landing_success"
    ],
    "semantic_risks": [
      "unstable_contact_behavior",
      "terminal_goal_evidence_present"
    ]
  },
  "experiment_mode": {
    "use_memory": true,
    "use_attribution": true,
    "use_hack_detector": true,
    "use_llm_edit": true,
    "use_operator_constraints": true,
    "free_rewrite": false,
    "one_shot": false
  }
}