{
  "note": "Post-hoc oracle reward evaluation only. Not used by EG-RSA reward search.",
  "env_id": "LunarLander-v3",
  "num_episodes": 10,
  "return_mean": 225.7834967367772,
  "return_std": 55.73666163630052,
  "episode_length_mean": 582.5,
  "episode_returns": [
    275.66622741995894,
    290.26477948208196,
    235.76043101071204,
    175.28982637166993,
    288.2854622953324,
    252.3389338376362,
    158.32971675734112,
    151.22436108876255,
    156.89326108393422,
    273.7819680203428
  ],
  "episode_lengths": [
    268,
    303,
    268,
    1000,
    296,
    287,
    1000,
    1000,
    1000,
    403
  ]
}