{
  "tool": "trajectory_inspector",
  "num_episodes": 6,
  "success_count": 0,
  "success_rate": 0.0,
  "episode_length_mean": 372.0,
  "safe_contact_rate_mean": 0.0,
  "stable_landing_rate_mean": 0.0,
  "contact_toggle_mean": 119.33333333333333,
  "contact_toggle_max": 427,
  "worst_episodes": [
    {
      "episode": 0,
      "success": 0.0,
      "progress_score": 0.9729611927553096,
      "episode_length": 312,
      "safe_contact_rate": 0.0,
      "stable_landing_rate": 0.0,
      "contact_rate": 0.13141025641025642,
      "both_contact_rate": 0.13141025641025642,
      "contact_toggle_count": 58,
      "episode_reward": 336.5085445873045,
      "oracle_reward_posthoc": 234.1318074190065
    },
    {
      "episode": 2,
      "success": 0.0,
      "progress_score": 0.973301114769897,
      "episode_length": 749,
      "safe_contact_rate": 0.0,
      "stable_landing_rate": 0.0,
      "contact_rate": 0.8210947930574098,
      "both_contact_rate": 0.19626168224299065,
      "contact_toggle_count": 427,
      "episode_reward": 807.6581039104336,
      "oracle_reward_posthoc": 277.5986986214569
    },
    {
      "episode": 3,
      "success": 0.0,
      "progress_score": 0.9748363917633224,
      "episode_length": 262,
      "safe_contact_rate": 0.0,
      "stable_landing_rate": 0.0,
      "contact_rate": 0.33969465648854963,
      "both_contact_rate": 0.30916030534351147,
      "contact_toggle_count": 17,
      "episode_reward": 363.9857813792531,
      "oracle_reward_posthoc": 288.5398664916778
    }
  ],
  "best_episodes": []
}