{
  "attribution": {
    "episode_reward_mean": 1110.3286092367368,
    "episode_reward_std": 1069.1587580384578,
    "component_stats": {
      "r_approach_progress": {
        "sum": 21.60063557364986,
        "abs_sum": 21.60063557364986,
        "mean": 0.007889202181756707,
        "std": 0.026425790647654778,
        "min": 0.0,
        "max": 0.19926535424224123,
        "ratio": 0.0032010750370145983,
        "trigger_rate": 0.15010956902848796
      },
      "r_stability": {
        "sum": 2021.8555848814763,
        "abs_sum": 2021.8555848814763,
        "mean": 0.7384425072613134,
        "std": 0.2950866284584568,
        "min": 0.17144879394755635,
        "max": 0.9998054713328115,
        "ratio": 0.2996259725388743,
        "trigger_rate": 1.0
      },
      "r_landing_quality": {
        "sum": 3821.495434965296,
        "abs_sum": 3821.495434965296,
        "mean": 1.3957251406009117,
        "std": 0.7086273192741331,
        "min": 0.07481666353102025,
        "max": 1.999610942665623,
        "ratio": 0.5663210047326243,
        "trigger_rate": 1.0
      },
      "r_energy": {
        "sum": -42.980000000000004,
        "abs_sum": 42.980000000000004,
        "mean": -0.015697589481373266,
        "std": 0.008218118647339229,
        "min": -0.02,
        "max": -0.0,
        "ratio": 0.006369359115466072,
        "trigger_rate": 0.7848794740686632
      },
      "r_safe_contact_once": {
        "sum": 60.0,
        "abs_sum": 60.0,
        "mean": 0.02191380569758948,
        "std": 0.4676086420242285,
        "min": 0.0,
        "max": 10.0,
        "ratio": 0.00889161346970601,
        "trigger_rate": 0.002191380569758948
      },
      "r_stable_landing_once": {
        "sum": 480.0,
        "abs_sum": 480.0,
        "mean": 0.17531044558071585,
        "std": 3.740869136193828,
        "min": 0.0,
        "max": 80.0,
        "ratio": 0.07113290775764808,
        "trigger_rate": 0.002191380569758948
      },
      "r_landing_region_entry_once": {
        "sum": 300.0,
        "abs_sum": 300.0,
        "mean": 0.1095690284879474,
        "std": 2.3380432101211426,
        "min": 0.0,
        "max": 50.0,
        "ratio": 0.04445806734853005,
        "trigger_rate": 0.002191380569758948
      }
    },
    "dominant_component": "r_landing_quality",
    "dominant_component_ratio": 0.5663210047326243
  },
  "diagnostics": {
    "hack_flags": {
      "high_reward_low_progress": false,
      "component_dominance": false,
      "repeated_event_exploitation": false,
      "shaping_goal_mismatch": false,
      "terminal_success_dominance": false,
      "unstable_contact_behavior": true,
      "reward_repetition_risk": false
    },
    "failure_modes": [],
    "hack_score": 0.0,
    "suspected_components": [],
    "dominant_component": "r_landing_quality",
    "dominant_component_ratio": 0.5663210047326243,
    "raw_component_dominance": false,
    "benign_terminal_dominance": false,
    "repeated_event_details": {
      "flag": true,
      "event_toggle_counts": {
        "landing_region": 6,
        "right_contact": 12,
        "contact": 14,
        "left_contact": 12,
        "both_contact": 8,
        "safe_contact": 10,
        "stable_both_contact": 8,
        "stable_landing_condition": 8
      },
      "max_event": "contact",
      "max_toggle_count": 14
    },
    "semantic_notes": [
      "contact_or_landing_toggles_observed_but_not_repeated_reward_exploitation"
    ]
  },
  "semantic_outcome": {
    "episode_count": 6,
    "semantic_score": 4.392456170713269,
    "success_episode_rate": 1.0,
    "terminal_reward_paid_episode_rate": 1.0,
    "terminal_reward_payment_count_mean": 2.0,
    "terminal_reward_payment_count_max": 2,
    "safe_contact_episode_rate": 1.0,
    "stable_landing_episode_rate": 1.0,
    "progress_score_mean": 0.9380895040466027,
    "progress_score_std": 0.09197554241037657,
    "episode_length_mean": 456.3333333333333,
    "episode_length_std": 384.5407072801989,
    "contact_toggle_mean": 145.5,
    "contact_toggle_max": 676.0,
    "reward_repetition_risk": false,
    "one_time_repeat_violations": [],
    "terminal_goal_evidence": true,
    "unstable_contact_behavior": true,
    "event_rule_payment_stats": {
      "r_stable_landing_once": {
        "episode_payment_counts": [
          1,
          1,
          1,
          1,
          1,
          1
        ],
        "episode_paid_rate": 1.0,
        "payment_count_mean": 1.0,
        "payment_count_max": 1,
        "one_time": true
      },
      "r_landing_region_entry_once": {
        "episode_payment_counts": [
          1,
          1,
          1,
          1,
          1,
          1
        ],
        "episode_paid_rate": 1.0,
        "payment_count_mean": 1.0,
        "payment_count_max": 1,
        "one_time": true
      }
    },
    "terminal_rule_names": [
      "r_landing_region_entry_once",
      "r_stable_landing_once"
    ],
    "one_time_rule_names": [
      "r_landing_region_entry_once",
      "r_safe_contact_once",
      "r_stable_landing_once"
    ],
    "semantic_risks": [
      "unstable_contact_behavior",
      "terminal_goal_evidence_present"
    ]
  },
  "experiment_mode": {
    "use_memory": true,
    "use_attribution": true,
    "use_hack_detector": true,
    "use_llm_edit": true,
    "use_operator_constraints": true,
    "free_rewrite": false,
    "one_shot": false
  }
}