{
  "memory_id": "iter_009_to_010",
  "env_family": "landing_control",
  "failure_modes": [],
  "reward_attribution": {
    "episode_reward_mean": 1110.3286092367368,
    "episode_reward_std": 1069.1587580384578,
    "component_stats": {
      "r_approach_progress": {
        "sum": 21.60063557364986,
        "abs_sum": 21.60063557364986,
        "mean": 0.007889202181756707,
        "std": 0.026425790647654778,
        "min": 0.0,
        "max": 0.19926535424224123,
        "ratio": 0.0032010750370145983,
        "trigger_rate": 0.15010956902848796
      },
      "r_stability": {
        "sum": 2021.8555848814763,
        "abs_sum": 2021.8555848814763,
        "mean": 0.7384425072613134,
        "std": 0.2950866284584568,
        "min": 0.17144879394755635,
        "max": 0.9998054713328115,
        "ratio": 0.2996259725388743,
        "trigger_rate": 1.0
      },
      "r_landing_quality": {
        "sum": 3821.495434965296,
        "abs_sum": 3821.495434965296,
        "mean": 1.3957251406009117,
        "std": 0.7086273192741331,
        "min": 0.07481666353102025,
        "max": 1.999610942665623,
        "ratio": 0.5663210047326243,
        "trigger_rate": 1.0
      },
      "r_energy": {
        "sum": -42.980000000000004,
        "abs_sum": 42.980000000000004,
        "mean": -0.015697589481373266,
        "std": 0.008218118647339229,
        "min": -0.02,
        "max": -0.0,
        "ratio": 0.006369359115466072,
        "trigger_rate": 0.7848794740686632
      },
      "r_safe_contact_once": {
        "sum": 60.0,
        "abs_sum": 60.0,
        "mean": 0.02191380569758948,
        "std": 0.4676086420242285,
        "min": 0.0,
        "max": 10.0,
        "ratio": 0.00889161346970601,
        "trigger_rate": 0.002191380569758948
      },
      "r_stable_landing_once": {
        "sum": 480.0,
        "abs_sum": 480.0,
        "mean": 0.17531044558071585,
        "std": 3.740869136193828,
        "min": 0.0,
        "max": 80.0,
        "ratio": 0.07113290775764808,
        "trigger_rate": 0.002191380569758948
      },
      "r_landing_region_entry_once": {
        "sum": 300.0,
        "abs_sum": 300.0,
        "mean": 0.1095690284879474,
        "std": 2.3380432101211426,
        "min": 0.0,
        "max": 50.0,
        "ratio": 0.04445806734853005,
        "trigger_rate": 0.002191380569758948
      }
    },
    "dominant_component": "r_landing_quality",
    "dominant_component_ratio": 0.5663210047326243
  },
  "edit_plan": [],
  "outcome": {
    "status": "not_applicable",
    "before": {
      "task_score": 2.8924561707132694,
      "semantic_score": 4.392456170713269,
      "selection_score": 7.284912341426539,
      "hack_score": 0.0,
      "true_hack_risk": false,
      "terminal_goal_evidence": true,
      "reward_repetition_risk": false,
      "high_reward_low_progress": false,
      "shaping_goal_mismatch": false,
      "unstable_contact_behavior": true,
      "benign_terminal_dominance": false,
      "success_episode_rate": 1.0,
      "terminal_reward_paid_episode_rate": 1.0,
      "safe_contact_episode_rate": 1.0,
      "stable_landing_episode_rate": 1.0
    },
    "after": {},
    "delta": {},
    "note": "No edit was generated for this iteration."
  },
  "lesson": "Final iteration; edit generation skipped.",
  "metadata": {
    "config_path": "configs/eg_rsa_deepseek_v1_role_attrib_10x1m.yml",
    "iteration": 9,
    "schema_snapshot": {
      "version": 2,
      "components": [
        {
          "name": "r_approach_region",
          "type": "metric_value",
          "weight": 1.5,
          "inputs": [],
          "params": {
            "metric": "approach_region_score"
          },
          "clip": [
            0.0,
            1.0
          ],
          "enabled": false,
          "semantic_role": "dense_guidance",
          "reward_timing": "dense",
          "behavior_channel": "progress"
        },
        {
          "name": "r_approach_progress",
          "type": "metric_delta",
          "weight": 5.0,
          "inputs": [],
          "params": {
            "metric": "approach_region_score",
            "positive_only": true
          },
          "clip": [
            0.0,
            1.0
          ],
          "enabled": true,
          "semantic_role": "dense_guidance",
          "reward_timing": "dense",
          "behavior_channel": "progress"
        },
        {
          "name": "r_stability",
          "type": "metric_value",
          "weight": 1.0,
          "inputs": [],
          "params": {
            "metric": "stability"
          },
          "clip": [
            0.0,
            1.0
          ],
          "enabled": true,
          "semantic_role": "stability_quality",
          "reward_timing": "dense",
          "behavior_channel": "stability"
        },
        {
          "name": "r_landing_quality",
          "type": "metric_value",
          "weight": 2.0,
          "inputs": [],
          "params": {
            "metric": "landing_quality"
          },
          "clip": [
            0.0,
            1.0
          ],
          "enabled": true,
          "semantic_role": "stability_quality",
          "reward_timing": "dense",
          "behavior_channel": "stability"
        },
        {
          "name": "r_energy",
          "type": "action_penalty",
          "weight": 0.02,
          "inputs": [
            "action"
          ],
          "params": {},
          "clip": [
            -1.0,
            0.0
          ],
          "enabled": true,
          "semantic_role": "control_cost",
          "reward_timing": "dense",
          "behavior_channel": "control_effort"
        }
      ],
      "event_rules": [
        {
          "name": "r_safe_contact_once",
          "type": "event_bonus",
          "weight": 10.0,
          "condition": {
            "safe_contact": true,
            "duration_steps": 2
          },
          "one_time": true,
          "enabled": true,
          "semantic_role": "safety_constraint",
          "reward_timing": "sparse_event",
          "behavior_channel": "safety"
        },
        {
          "name": "r_stable_landing_once",
          "type": "event_bonus",
          "weight": 80.0,
          "condition": {
            "stable_landing_condition": true,
            "duration_steps": 5
          },
          "one_time": true,
          "enabled": true,
          "semantic_role": "terminal_success",
          "reward_timing": "sparse_terminal",
          "behavior_channel": "success"
        },
        {
          "name": "r_landing_region_entry_once",
          "type": "event_bonus",
          "weight": 50.0,
          "condition": {
            "landing_region": true,
            "duration_steps": 1
          },
          "one_time": true,
          "enabled": true,
          "semantic_role": "approach_progress",
          "reward_timing": "sparse_event",
          "behavior_channel": "progress"
        }
      ],
      "metadata": {
        "env": "LunarLander-v3",
        "note": "Aligned initial schema for EG-RSA. v1 adds semantic_role metadata so generic tools can reason over reward roles rather than environment-specific names.",
        "semantic_role_version": 1
      }
    },
    "validation_errors": [],
    "validation_warnings": [],
    "candidate_evaluation": {},
    "gate_result": {},
    "reflection_report": {},
    "semantic_outcome": {
      "episode_count": 6,
      "semantic_score": 4.392456170713269,
      "success_episode_rate": 1.0,
      "terminal_reward_paid_episode_rate": 1.0,
      "terminal_reward_payment_count_mean": 2.0,
      "terminal_reward_payment_count_max": 2,
      "safe_contact_episode_rate": 1.0,
      "stable_landing_episode_rate": 1.0,
      "progress_score_mean": 0.9380895040466027,
      "progress_score_std": 0.09197554241037657,
      "episode_length_mean": 456.3333333333333,
      "episode_length_std": 384.5407072801989,
      "contact_toggle_mean": 145.5,
      "contact_toggle_max": 676.0,