{
  "note": "Post-hoc oracle reward evaluation only. Not used by EG-RSA reward search.",
  "env_id": "LunarLander-v3",
  "num_episodes": 10,
  "return_mean": 200.51345300435185,
  "return_std": 87.21874942483768,
  "episode_length_mean": 443.6,
  "episode_returns": [
    280.95052211440225,
    176.1014363241277,
    258.03409685493193,
    287.821559386643,
    163.6916371046673,
    269.8437804171165,
    58.26911147830438,
    295.52936735819526,
    159.0545268562295,
    55.83849214890077
  ],
  "episode_lengths": [
    222,
    1000,
    152,
    232,
    1000,
    201,
    191,
    251,
    1000,
    187
  ]
}