{
  "tool": "trajectory_inspector",
  "num_episodes": 6,
  "success_count": 6,
  "success_rate": 1.0,
  "episode_length_mean": 456.3333333333333,
  "safe_contact_rate_mean": 0.34449538892646503,
  "stable_landing_rate_mean": 0.16578251079964704,
  "contact_toggle_mean": 145.5,
  "contact_toggle_max": 676,
  "worst_episodes": [],
  "best_episodes": [
    {
      "episode": 0,
      "success": 1.0,
      "progress_score": 0.9661090909054265,
      "episode_length": 165,
      "safe_contact_rate": 0.24848484848484848,
      "stable_landing_rate": 0.24848484848484848,
      "contact_rate": 0.30303030303030304,
      "both_contact_rate": 0.28484848484848485,
      "contact_toggle_count": 4,
      "episode_reward": 351.67865438738323,
      "oracle_reward_posthoc": 263.02146331743154
    },
    {
      "episode": 5,
      "success": 1.0,
      "progress_score": 0.9998054713328115,
      "episode_length": 190,
      "safe_contact_rate": 0.21052631578947367,
      "stable_landing_rate": 0.21052631578947367,
      "contact_rate": 0.22631578947368422,
      "both_contact_rate": 0.22105263157894736,
      "contact_toggle_count": 7,
      "episode_reward": 406.45319543867276,
      "oracle_reward_posthoc": 283.5843203273498
    },
    {
      "episode": 3,
      "success": 1.0,
      "progress_score": 0.9897213722458691,
      "episode_length": 191,
      "safe_contact_rate": 0.25654450261780104,
      "stable_landing_rate": 0.2513089005235602,
      "contact_rate": 0.3193717277486911,
      "both_contact_rate": 0.2670157068062827,
      "contact_toggle_count": 14,
      "episode_reward": 342.79752277779744,
      "oracle_reward_posthoc": 299.75610904354437
    }
  ]
}