{
  "eval_generated_return": -185.78603810376137,
  "eval_hidden_return": -244.63219765882215,
  "eval_episode_length": 71.0,
  "component_returns": {
    "progress": -121.70087487191235,
    "stability": -48.67182989851572,
    "effort": -0.4133333333333335,
    "terminal": -15.0
  },
  "diagnostics": {
    "generated_private_gap": 58.84615955506078,
    "action_mean": 0.15492957746478872,
    "action_std": 0.39886766925369843,
    "episode_length_mean": 71.0,
    "component_returns": {
      "progress": -121.70087487191235,
      "stability": -48.67182989851572,
      "effort": -0.4133333333333335,
      "terminal": -15.0
    }
  }
}