{
  "attribution": {
    "episode_reward_mean": 874.4399809004104,
    "episode_reward_std": 53.24898220656627,
    "component_stats": {
      "horizontal_approach": {
        "sum": 3121.91443520147,
        "abs_sum": 3121.91443520147,
        "mean": 0.9176703219287096,
        "std": 0.08594466711683908,
        "min": 0.5789329409599304,
        "max": 0.9999811172492628,
        "ratio": 0.34131220759068215,
        "trigger_rate": 1.0
      },
      "vertical_approach": {
        "sum": 2089.4844016785028,
        "abs_sum": 2089.4844016785028,
        "mean": 0.6141929458196658,
        "std": 0.36473249733211555,
        "min": 0.0,
        "max": 1.0,
        "ratio": 0.22843884695294728,
        "trigger_rate": 0.8462669018224573
      },
      "descent_rate": {
        "sum": 754.9425677514314,
        "abs_sum": 754.9425677514314,
        "mean": 0.22191139557655243,
        "std": 0.3131220069203328,
        "min": 4.536733821142782e-11,
        "max": 0.9999998126160203,
        "ratio": 0.08253625131362403,
        "trigger_rate": 0.9970605526161082
      },
      "attitude_stability": {
        "sum": 2969.258404372701,
        "abs_sum": 2969.258404372701,
        "mean": 0.8727978848832161,
        "std": 0.18702909923002237,
        "min": 0.09341974689767397,
        "max": 0.9999979681464561,
        "ratio": 0.3246226512413148,
        "trigger_rate": 1.0
      },
      "control_cost": {
        "sum": -201.2,
        "abs_sum": 201.2,
        "mean": -0.05914168136390358,
        "std": 0.049157193388565806,
        "min": -0.1,
        "max": -0.0,
        "ratio": 0.021996764354886476,
        "trigger_rate": 0.5914168136390359
      },
      "landing_bonus": {
        "sum": 10.0,
        "abs_sum": 10.0,
        "mean": 0.0029394473838918285,
        "std": 0.05413692855130552,
        "min": 0.0,
        "max": 1.0,
        "ratio": 0.0010932785464655306,
        "trigger_rate": 0.0029394473838918285
      }
    },
    "dominant_component": "horizontal_approach",
    "dominant_component_ratio": 0.34131220759068215
  },
  "diagnostics": {
    "hack_flags": {
      "high_reward_low_progress": false,
      "component_dominance": false,
      "repeated_event_exploitation": false,
      "shaping_goal_mismatch": true,
      "terminal_success_dominance": false,
      "unstable_contact_behavior": true,
      "reward_repetition_risk": false
    },
    "failure_modes": [
      "shaping_goal_mismatch"
    ],
    "hack_score": 0.2,
    "suspected_components": [],
    "dominant_component": "horizontal_approach",
    "dominant_component_ratio": 0.34131220759068215,
    "raw_component_dominance": false,
    "benign_terminal_dominance": false,
    "repeated_event_details": {
      "flag": false,
      "event_toggle_counts": {},
      "max_event": null,
      "max_toggle_count": 0
    },
    "semantic_notes": [
      "contact_or_landing_toggles_observed_but_not_repeated_reward_exploitation"
    ]
  },
  "semantic_outcome": {
    "episode_count": 10,
    "semantic_score": 1.9641088300635963,
    "success_episode_rate": 0.0,
    "terminal_reward_paid_episode_rate": 1.0,
    "terminal_reward_payment_count_mean": 1.0,
    "terminal_reward_payment_count_max": 1,
    "safe_contact_episode_rate": 0.0,
    "stable_landing_episode_rate": 0.0,
    "progress_score_mean": 0.9981288300635962,
    "progress_score_std": 0.0011122433829237562,
    "episode_length_mean": 340.2,
    "episode_length_std": 25.80620080523284,
    "contact_toggle_mean": 160.0,
    "contact_toggle_max": 182.0,
    "reward_repetition_risk": false,
    "one_time_repeat_violations": [],
    "terminal_goal_evidence": true,
    "unstable_contact_behavior": true,
    "event_rule_payment_stats": {
      "landing_bonus": {
        "episode_payment_counts": [
          1,
          1,
          1,
          1,
          1,
          1,
          1,
          1,
          1,
          1
        ],
        "episode_paid_rate": 1.0,
        "payment_count_mean": 1.0,
        "payment_count_max": 1,
        "one_time": true
      }
    },
    "terminal_rule_names": [
      "landing_bonus"
    ],
    "one_time_rule_names": [
      "landing_bonus"
    ],
    "semantic_risks": [
      "unstable_contact_behavior",
      "terminal_goal_evidence_present"
    ]
  },
  "experiment_mode": {
    "use_memory": true,
    "use_attribution": true,
    "use_hack_detector": true,
    "use_llm_edit": true,
    "use_operator_constraints": true,
    "free_rewrite": false,
    "one_shot": false
  }
}