{
  "note": "Post-hoc oracle reward evaluation only. Not used by EG-RSA reward search.",
  "env_id": "LunarLander-v3",
  "num_episodes": 10,
  "return_mean": 261.69272067951954,
  "return_std": 16.54148141403774,
  "episode_length_mean": 330.8,
  "episode_returns": [
    269.853397545664,
    275.3968938519656,
    242.98449635838188,
    251.32521869830148,
    237.00266738303068,
    282.691026887625,
    289.9607563207633,
    257.20175261561087,
    249.2693301654043,
    261.24166696844816
  ],
  "episode_lengths": [
    335,
    320,
    366,
    294,
    315,
    337,
    303,
    354,
    316,
    368
  ]
}