{
  "eval_generated_return": -87.6481553518355,
  "eval_hidden_return": -117.91036415351653,
  "eval_episode_length": 71.5,
  "component_returns": {
    "distance_reward": -69.69962903707366,
    "velocity_penalty": -37.469409842231286,
    "angle_penalty": -0.7291164725305237,
    "fuel_efficiency": 0.0,
    "terminal": 20.25
  },
  "diagnostics": {
    "generated_private_gap": 30.262208801681027,
    "action_mean": 0.8615384615384616,
    "action_std": 1.170316021926579,
    "episode_length_mean": 71.5,
    "component_returns": {
      "distance_reward": -69.69962903707366,
      "velocity_penalty": -37.469409842231286,
      "angle_penalty": -0.7291164725305237,
      "fuel_efficiency": 0.0,
      "terminal": 20.25
    },
    "ppo_n_envs": 1,
    "ppo_vec_env_type": "dummy",
    "ppo_total_timesteps": 2000000,
    "ppo_n_steps": 1024,
    "ppo_batch_size": 64,
    "ppo_n_epochs": 4,
    "ppo_gae_lambda": 0.98,
    "ppo_gamma": 0.999,
    "ppo_ent_coef": 0.01,
    "ppo_learning_rate": 0.0003,
    "ppo_clip_range": 0.2,
    "ppo_vf_coef": 0.5,
    "ppo_max_grad_norm": 0.5
  }
}