{
  "memory_id": "iter_002_to_003",
  "env_family": "landing_control",
  "failure_modes": [
    "repeated_event_exploitation",
    "shaping_goal_mismatch"
  ],
  "reward_attribution": {
    "episode_reward_mean": -84.10687017527297,
    "episode_reward_std": 17.4168677806387,
    "component_stats": {
      "r_distance": {
        "sum": -634.4197164238403,
        "abs_sum": 634.4197164238403,
        "mean": -0.831480624408703,
        "std": 0.25413597096275553,
        "min": -1.0,
        "max": -0.07750199463332227,
        "ratio": 0.5111882327931311,
        "trigger_rate": 1.0
      },
      "r_velocity": {
        "sum": -390.2925173902621,
        "abs_sum": 390.2925173902621,
        "mean": -0.5115236138797669,
        "std": 0.2511089387726784,
        "min": -1.0,
        "max": -2.922769788038136e-08,
        "ratio": 0.3144809927436441,
        "trigger_rate": 1.0
      },
      "r_angle": {
        "sum": -15.006467938627456,
        "abs_sum": 15.006467938627456,
        "mean": -0.019667716826510428,
        "std": 0.05329192803594274,
        "min": -0.6,
        "max": -9.2598105609909e-05,
        "ratio": 0.012091569078677334,
        "trigger_rate": 1.0
      },
      "r_energy": {
        "sum": -1.3499999999999999,
        "abs_sum": 1.3499999999999999,
        "mean": -0.0017693315858453471,
        "std": 0.00706748988783786,
        "min": -0.03,
        "max": -0.0,
        "ratio": 0.0010877721741700808,
        "trigger_rate": 0.05897771952817824
      },
      "r_contact_one_time": {
        "sum": 200.0,
        "abs_sum": 200.0,
        "mean": 0.2621231979030144,
        "std": 2.2745890589689792,
        "min": 0.0,
        "max": 20.0,
        "ratio": 0.16115143321038236,
        "trigger_rate": 0.01310615989515072
      }
    },
    "dominant_component": "r_distance",
    "dominant_component_ratio": 0.5111882327931311
  },
  "edit_plan": [
    {
      "operator": "decrease_weight",
      "target": "r_distance",
      "factor": 0.5
    }
  ],
  "outcome": {
    "status": "pending",
    "before": {
      "task_score": 0.67342484341375,
      "hack_score": 0.5
    },
    "after": {},
    "delta": {},
    "note": "Pending until the edited schema is trained in the next iteration."
  },
  "lesson": "The dense r_distance penalty is too dominant, making the task harder by heavily penalizing any deviation from the pad regardless of the lander’s state. Reducing its weight is a minimal, reversible edit that addresses shaping_goal_mismatch without introducing new risks.",
  "metadata": {
    "config_path": "configs/eg_rsa_deepseek_memory_10iter_500k.yml",
    "iteration": 2,
    "validation_errors": [],
    "experiment_mode": {
      "use_memory": true,
      "use_attribution": true,
      "use_hack_detector": true,
      "use_llm_edit": true,
      "use_operator_constraints": true,
      "free_rewrite": false,
      "one_shot": false
    },
    "edit_generated": true
  }
}