{
  "note": "Post-hoc oracle reward evaluation only. Not used by EG-RSA reward search.",
  "env_id": "LunarLander-v3",
  "num_episodes": 10,
  "return_mean": -110.12766292997128,
  "return_std": 14.38133211045245,
  "episode_length_mean": 66.9,
  "episode_returns": [
    -91.30891105795342,
    -100.14933858449216,
    -107.02220671306358,
    -118.81038550884529,
    -83.88996811089008,
    -119.59735769917751,
    -126.90303581022785,
    -119.1596884547223,
    -105.22085196147214,
    -129.21488539886846
  ],
  "episode_lengths": [
    54,
    54,
    62,
    69,
    51,
    81,
    70,
    86,
    53,
    89
  ]
}