{
  "attribution": {
    "episode_reward_mean": 3087.8671382079847,
    "episode_reward_std": 208.4858930249887,
    "component_stats": {
      "r_approach_region": {
        "sum": 8542.499727760174,
        "abs_sum": 8542.499727760174,
        "mean": 1.4237499546266956,
        "std": 0.22876703292301065,
        "min": 0.3997748371544748,
        "max": 1.5,
        "ratio": 0.45593061835883114,
        "trigger_rate": 1.0
      },
      "r_approach_progress": {
        "sum": 9.302132371283156,
        "abs_sum": 9.302132371283156,
        "mean": 0.0015503553952138593,
        "std": 0.005693290755538744,
        "min": 0.0,
        "max": 0.05887888627969673,
        "ratio": 0.0004964737605214819,
        "trigger_rate": 0.1475
      },
      "r_stability": {
        "sum": 4472.828634002235,
        "abs_sum": 4472.828634002235,
        "mean": 0.7454714390003725,
        "std": 0.1635313117969441,
        "min": 0.19398073440493507,
        "max": 0.9842764203470789,
        "ratio": 0.2387239789176353,
        "trigger_rate": 1.0
      },
      "r_landing_quality": {
        "sum": 5607.172335114217,
        "abs_sum": 5607.172335114217,
        "mean": 0.9345287225190362,
        "std": 0.35281785964582824,
        "min": 0.0898131109986495,
        "max": 1.7641479972456044,
        "ratio": 0.2992662138092289,
        "trigger_rate": 1.0
      },
      "r_energy": {
        "sum": -104.59999999999998,
        "abs_sum": 104.59999999999998,
        "mean": -0.01743333333333333,
        "std": 0.006689211878506731,
        "min": -0.02,
        "max": -0.0,
        "ratio": 0.0055827151536635795,
        "trigger_rate": 0.8716666666666667
      },
      "r_safe_contact_once": {
        "sum": 0.0,
        "abs_sum": 0.0,
        "mean": 0.0,
        "std": 0.0,
        "min": 0.0,
        "max": 0.0,
        "ratio": 0.0,
        "trigger_rate": 0.0
      },
      "r_stable_landing_once": {
        "sum": 0.0,
        "abs_sum": 0.0,
        "mean": 0.0,
        "std": 0.0,
        "min": 0.0,
        "max": 0.0,
        "ratio": 0.0,
        "trigger_rate": 0.0
      }
    },
    "dominant_component": "r_approach_region",
    "dominant_component_ratio": 0.45593061835883114
  },
  "diagnostics": {
    "hack_flags": {
      "high_reward_low_progress": false,
      "component_dominance": false,
      "repeated_event_exploitation": true,
      "shaping_goal_mismatch": true,
      "terminal_success_dominance": false,
      "unstable_contact_behavior": true,
      "reward_repetition_risk": false
    },
    "failure_modes": [
      "repeated_event_exploitation",
      "shaping_goal_mismatch"
    ],
    "hack_score": 0.4,
    "suspected_components": [],
    "dominant_component": "r_approach_region",
    "dominant_component_ratio": 0.45593061835883114,
    "raw_component_dominance": false,
    "benign_terminal_dominance": false,
    "repeated_event_details": {
      "flag": true,
      "event_toggle_counts": {
        "landing_region": 6
      },
      "max_event": "landing_region",
      "max_toggle_count": 6
    },
    "semantic_notes": []
  },
  "semantic_outcome": {
    "episode_count": 6,
    "semantic_score": 0.4159660647684158,
    "success_episode_rate": 0.0,
    "terminal_reward_paid_episode_rate": 0.0,
    "terminal_reward_payment_count_mean": 0.0,
    "terminal_reward_payment_count_max": 0,
    "safe_contact_episode_rate": 0.0,
    "stable_landing_episode_rate": 0.0,
    "progress_score_mean": 0.5159660647684158,
    "progress_score_std": 0.1604633957981402,
    "episode_length_mean": 1000.0,
    "episode_length_std": 0.0,
    "contact_toggle_mean": 216.5,
    "contact_toggle_max": 260.0,
    "reward_repetition_risk": false,
    "one_time_repeat_violations": [],
    "terminal_goal_evidence": false,
    "unstable_contact_behavior": true,
    "event_rule_payment_stats": {
      "r_stable_landing_once": {
        "episode_payment_counts": [
          0,
          0,
          0,
          0,
          0,
          0
        ],
        "episode_paid_rate": 0.0,
        "payment_count_mean": 0.0,
        "payment_count_max": 0,
        "one_time": true
      }
    },
    "terminal_rule_names": [
      "r_stable_landing_once"
    ],
    "one_time_rule_names": [
      "r_safe_contact_once",
      "r_stable_landing_once"
    ],
    "semantic_risks": [
      "unstable_contact_behavior"
    ]
  },
  "experiment_mode": {
    "use_memory": true,
    "use_attribution": true,
    "use_hack_detector": true,
    "use_llm_edit": true,
    "use_operator_constraints": true,
    "free_rewrite": false,
    "one_shot": false
  }
}