{
  "note": "Post-hoc oracle reward evaluation only. Not used by EG-RSA reward search.",
  "env_id": "LunarLander-v3",
  "num_episodes": 6,
  "return_mean": -24.46851540987846,
  "return_std": 23.494467432768577,
  "episode_length_mean": 1000.0,
  "episode_returns": [
    -24.63572275501705,
    -5.11435035608171,
    -67.62222275735375,
    -13.686922304406638,
    3.0037054823607843,
    -38.75557976877239
  ],
  "episode_lengths": [
    1000,
    1000,
    1000,
    1000,
    1000,
    1000
  ]
}