{
  "note": "Post-hoc oracle reward evaluation only. Not used by EG-RSA reward search.",
  "env_id": "LunarLander-v3",
  "num_episodes": 6,
  "return_mean": -19.374131498835904,
  "return_std": 20.293648761643595,
  "episode_length_mean": 1000.0,
  "episode_returns": [
    -20.46359514006852,
    4.184609065244042,
    -52.372140314524074,
    -6.498738013744734,
    -2.417457622262777,
    -38.67746696765938
  ],
  "episode_lengths": [
    1000,
    1000,
    1000,
    1000,
    1000,
    1000
  ]
}