{
  "attribution": {
    "episode_reward_mean": 1088.1691861025702,
    "episode_reward_std": 546.1939310850115,
    "component_stats": {
      "horizontal_approach": {
        "sum": 3810.8948757377184,
        "abs_sum": 3810.8948757377184,
        "mean": 0.9125706120061586,
        "std": 0.07144530837286148,
        "min": 0.6982237696647644,
        "max": 0.9999753952033643,
        "ratio": 0.33323984889409136,
        "trigger_rate": 1.0
      },
      "vertical_approach": {
        "sum": 2732.0670944401354,
        "abs_sum": 2732.0670944401354,
        "mean": 0.6542306260632508,
        "std": 0.3698362802781927,
        "min": 0.0,
        "max": 1.0,
        "ratio": 0.23890284445159535,
        "trigger_rate": 0.8635057471264368
      },
      "descent_rate": {
        "sum": 744.9174273516941,
        "abs_sum": 744.9174273516941,
        "mean": 0.17838060999801103,
        "std": 0.28356918024946476,
        "min": 4.9265988324143744e-11,
        "max": 0.9999999961203478,
        "ratio": 0.06513855118640602,
        "trigger_rate": 0.9976053639846744
      },
      "attitude_stability": {
        "sum": 3860.912463496145,
        "abs_sum": 3860.912463496145,
        "mean": 0.9245480037107626,
        "std": 0.1263243777759732,
        "min": 0.08582320166285584,
        "max": 0.9999999989614682,
        "ratio": 0.33761358627865734,
        "trigger_rate": 1.0
      },
      "control_cost": {
        "sum": -277.1,
        "abs_sum": 277.1,
        "mean": -0.06635536398467433,
        "std": 0.04724936051343783,
        "min": -0.1,
        "max": -0.0,
        "ratio": 0.02423072930099581,
        "trigger_rate": 0.6635536398467433
      },
      "landing_bonus": {
        "sum": 10.0,
        "abs_sum": 10.0,
        "mean": 0.0023946360153256703,
        "std": 0.04887639239632744,
        "min": 0.0,
        "max": 1.0,
        "ratio": 0.0008744398881629668,
        "trigger_rate": 0.0023946360153256703
      }
    },
    "dominant_component": "attitude_stability",
    "dominant_component_ratio": 0.33761358627865734
  },
  "diagnostics": {
    "hack_flags": {
      "high_reward_low_progress": false,
      "component_dominance": false,
      "repeated_event_exploitation": false,
      "shaping_goal_mismatch": true,
      "terminal_success_dominance": false,
      "unstable_contact_behavior": true,
      "reward_repetition_risk": false
    },
    "failure_modes": [
      "shaping_goal_mismatch"
    ],
    "hack_score": 0.2,
    "suspected_components": [],
    "dominant_component": "attitude_stability",
    "dominant_component_ratio": 0.33761358627865734,
    "raw_component_dominance": false,
    "benign_terminal_dominance": false,
    "repeated_event_details": {
      "flag": false,
      "event_toggle_counts": {},
      "max_event": null,
      "max_toggle_count": 0
    },
    "semantic_notes": [
      "contact_or_landing_toggles_observed_but_not_repeated_reward_exploitation"
    ]
  },
  "semantic_outcome": {
    "episode_count": 10,
    "semantic_score": 1.956279541316825,
    "success_episode_rate": 0.0,
    "terminal_reward_paid_episode_rate": 1.0,
    "terminal_reward_payment_count_mean": 1.0,
    "terminal_reward_payment_count_max": 1,
    "safe_contact_episode_rate": 0.0,
    "stable_landing_episode_rate": 0.0,
    "progress_score_mean": 0.9980395413168249,
    "progress_score_std": 0.0015412177232922398,
    "episode_length_mean": 417.6,
    "episode_length_std": 194.88571009696938,
    "contact_toggle_mean": 180.1,
    "contact_toggle_max": 799.0,
    "reward_repetition_risk": false,
    "one_time_repeat_violations": [],
    "terminal_goal_evidence": true,
    "unstable_contact_behavior": true,
    "event_rule_payment_stats": {
      "landing_bonus": {
        "episode_payment_counts": [
          1,
          1,
          1,
          1,
          1,
          1,
          1,
          1,
          1,
          1
        ],
        "episode_paid_rate": 1.0,
        "payment_count_mean": 1.0,
        "payment_count_max": 1,
        "one_time": true
      }
    },
    "terminal_rule_names": [
      "landing_bonus"
    ],
    "one_time_rule_names": [
      "landing_bonus"
    ],
    "semantic_risks": [
      "unstable_contact_behavior",
      "terminal_goal_evidence_present"
    ]
  },
  "experiment_mode": {
    "use_memory": true,
    "use_attribution": true,
    "use_hack_detector": true,
    "use_llm_edit": true,
    "use_operator_constraints": true,
    "free_rewrite": false,
    "one_shot": false
  }
}