{
  "note": "Post-hoc oracle reward evaluation only. Not used by EG-RSA reward search.",
  "env_id": "LunarLander-v3",
  "num_episodes": 10,
  "return_mean": 254.1488387550769,
  "return_std": 16.786847878033925,
  "episode_length_mean": 424.3,
  "episode_returns": [
    251.81060131964819,
    272.58021454782545,
    272.219487389726,
    238.8676373470014,
    244.99723896276194,
    226.58314021561154,
    268.07026866280023,
    279.359422772034,
    246.04473132281151,
    240.9556450105486
  ],
  "episode_lengths": [
    327,
    318,
    325,
    724,
    332,
    364,
    369,
    385,
    720,
    379
  ]
}