{
  "attribution": {
    "episode_reward_mean": 286.3263123223581,
    "episode_reward_std": 46.0631881322472,
    "component_stats": {
      "r_center_guidance": {
        "sum": 249.22831843936,
        "abs_sum": 249.22831843936,
        "mean": 0.13041774905251702,
        "std": 0.14200631308363573,
        "min": 0.0,
        "max": 0.4983580112166237,
        "ratio": 0.10629338671094066,
        "trigger_rate": 0.7153322867608581
      },
      "r_stability": {
        "sum": -141.61145586127833,
        "abs_sum": 141.61145586127833,
        "mean": -0.07410332593473487,
        "std": 0.08024630250706674,
        "min": -0.3897513151168823,
        "max": -0.00013833632036597265,
        "ratio": 0.060395870480603374,
        "trigger_rate": 1.0
      },
      "r_vertical_safety": {
        "sum": -15.070024650498237,
        "abs_sum": 15.070024650498237,
        "mean": -0.00788593649947579,
        "std": 0.02038962923937078,
        "min": -0.1378110945224762,
        "max": -0.0,
        "ratio": 0.006427214884525908,
        "trigger_rate": 0.3322867608581894
      },
      "r_fuel_penalty": {
        "sum": -56.7,
        "abs_sum": 56.7,
        "mean": -0.029670329670329672,
        "std": 0.02455988641607364,
        "min": -0.05,
        "max": -0.0,
        "ratio": 0.024181983268393038,
        "trigger_rate": 0.5934065934065934
      },
      "r_descent_guidance": {
        "sum": 582.111036006565,
        "abs_sum": 582.111036006565,
        "mean": 0.3046106938809864,
        "std": 0.18936157453940627,
        "min": 0.0,
        "max": 0.5,
        "ratio": 0.2482645385018993,
        "trigger_rate": 0.8377812663526949
      },
      "r_landing_success": {
        "sum": 1200.0,
        "abs_sum": 1200.0,
        "mean": 0.6279434850863422,
        "std": 11.18902962713059,
        "min": 0.0,
        "max": 200.0,
        "ratio": 0.5117880056802759,
        "trigger_rate": 0.0031397174254317113
      },
      "r_crash": {
        "sum": -100.0,
        "abs_sum": 100.0,
        "mean": -0.052328623757195186,
        "std": 2.286946455616133,
        "min": -100.0,
        "max": 0.0,
        "ratio": 0.042649000473356326,
        "trigger_rate": 0.0005232862375719519
      }
    },
    "dominant_component": "r_landing_success",
    "dominant_component_ratio": 0.5117880056802759
  },
  "diagnostics": {
    "hack_flags": {
      "high_reward_low_progress": false,
      "component_dominance": false,
      "repeated_event_exploitation": false,
      "shaping_goal_mismatch": true,
      "terminal_success_dominance": false,
      "unstable_contact_behavior": true,
      "reward_repetition_risk": false
    },
    "failure_modes": [
      "shaping_goal_mismatch"
    ],
    "hack_score": 0.2,
    "suspected_components": [],
    "dominant_component": "r_landing_success",
    "dominant_component_ratio": 0.5117880056802759,
    "raw_component_dominance": false,
    "benign_terminal_dominance": false,
    "repeated_event_details": {
      "flag": true,
      "event_toggle_counts": {
        "left_contact": 19,
        "right_contact": 6,
        "contact": 12,
        "both_contact": 13
      },
      "max_event": "left_contact",
      "max_toggle_count": 19
    },
    "semantic_notes": [
      "contact_or_landing_toggles_observed_but_not_repeated_reward_exploitation"
    ]
  },
  "semantic_outcome": {
    "episode_count": 6,
    "semantic_score": 1.9215217025858289,
    "success_episode_rate": 0.0,
    "terminal_reward_paid_episode_rate": 1.0,
    "terminal_reward_payment_count_mean": 1.0,
    "terminal_reward_payment_count_max": 1,
    "safe_contact_episode_rate": 0.0,
    "stable_landing_episode_rate": 0.0,
    "progress_score_mean": 0.9533717025858289,
    "progress_score_std": 0.01309446465081815,
    "episode_length_mean": 318.5,
    "episode_length_std": 41.01930439845773,
    "contact_toggle_mean": 106.83333333333333,
    "contact_toggle_max": 140.0,
    "reward_repetition_risk": false,
    "one_time_repeat_violations": [],
    "terminal_goal_evidence": true,
    "unstable_contact_behavior": true,
    "event_rule_payment_stats": {
      "r_landing_success": {
        "episode_payment_counts": [
          1,
          1,
          1,
          1,
          1,
          1
        ],
        "episode_paid_rate": 1.0,
        "payment_count_mean": 1.0,
        "payment_count_max": 1,
        "one_time": true
      }
    },
    "terminal_rule_names": [
      "r_landing_success"
    ],
    "one_time_rule_names": [
      "r_crash",
      "r_landing_success"
    ],
    "semantic_risks": [
      "unstable_contact_behavior",
      "terminal_goal_evidence_present"
    ]
  },
  "experiment_mode": {
    "use_memory": true,
    "use_attribution": true,
    "use_hack_detector": true,
    "use_llm_edit": true,
    "use_operator_constraints": true,
    "free_rewrite": false,
    "one_shot": false
  }
}