{
  "note": "Post-hoc oracle reward evaluation only. Not used by EG-RSA reward search.",
  "env_id": "LunarLander-v3",
  "num_episodes": 10,
  "return_mean": 193.06287063849786,
  "return_std": 124.66435772208939,
  "episode_length_mean": 345.0,
  "episode_returns": [
    249.96762003843008,
    302.916085671101,
    -21.1184796245672,
    279.31778927456526,
    271.5658155682254,
    5.193271337531499,
    276.9606387751775,
    28.963419634925742,
    270.25110643339144,
    266.611439276198
  ],
  "episode_lengths": [
    302,
    329,
    240,
    336,
    277,
    274,
    244,
    217,
    258,
    973
  ]
}