{
  "tool": "trajectory_inspector",
  "num_episodes": 6,
  "success_count": 0,
  "success_rate": 0.0,
  "episode_length_mean": 318.5,
  "safe_contact_rate_mean": 0.0,
  "stable_landing_rate_mean": 0.0,
  "contact_toggle_mean": 106.83333333333333,
  "contact_toggle_max": 140,
  "worst_episodes": [
    {
      "episode": 0,
      "success": 0.0,
      "progress_score": 0.9325018195970811,
      "episode_length": 281,
      "safe_contact_rate": 0.0,
      "stable_landing_rate": 0.0,
      "contact_rate": 0.13167259786476868,
      "both_contact_rate": 0.13167259786476868,
      "contact_toggle_count": 136,
      "episode_reward": 189.8824659187784,
      "oracle_reward_posthoc": 225.89331913048187
    },
    {
      "episode": 5,
      "success": 0.0,
      "progress_score": 0.9448971741555137,
      "episode_length": 300,
      "safe_contact_rate": 0.0,
      "stable_landing_rate": 0.0,
      "contact_rate": 0.13,
      "both_contact_rate": 0.12333333333333334,
      "contact_toggle_count": 140,
      "episode_reward": 302.93550766873585,
      "oracle_reward_posthoc": 247.55593980548326
    },
    {
      "episode": 4,
      "success": 0.0,
      "progress_score": 0.9455771797732763,
      "episode_length": 277,
      "safe_contact_rate": 0.0,
      "stable_landing_rate": 0.0,
      "contact_rate": 0.148014440433213,
      "both_contact_rate": 0.1407942238267148,
      "contact_toggle_count": 132,
      "episode_reward": 283.54348178111576,
      "oracle_reward_posthoc": 237.55363092933226
    }
  ],
  "best_episodes": []
}