{
  "eval_generated_return": -69.6774706426561,
  "eval_hidden_return": -140.54595044831507,
  "eval_episode_length": 64.66666666666667,
  "component_returns": {
    "progress": -41.32950584611706,
    "stability": -13.347964796539037,
    "effort": 0.0,
    "terminal": -15.0
  },
  "diagnostics": {
    "generated_private_gap": 70.86847980565896,
    "action_mean": 0.0,
    "action_std": 0.0,
    "episode_length_mean": 64.66666666666667,
    "component_returns": {
      "progress": -41.32950584611706,
      "stability": -13.347964796539037,
      "effort": 0.0,
      "terminal": -15.0
    }
  }
}