{
  "attribution": {
    "episode_reward_mean": 308.7946104157025,
    "episode_reward_std": 120.99104385366677,
    "component_stats": {
      "r_approach_progress": {
        "sum": 21.600960735905712,
        "abs_sum": 21.600960735905712,
        "mean": 0.019115894456553727,
        "std": 0.03755184213675181,
        "min": 0.0,
        "max": 0.19168627244077419,
        "ratio": 0.011457160937686424,
        "trigger_rate": 0.3530973451327434
      },
      "r_stability": {
        "sum": 510.6763178195082,
        "abs_sum": 510.6763178195082,
        "mean": 0.4519259449730161,
        "std": 0.224761582493142,
        "min": 0.16591125006072205,
        "max": 0.9995518889816115,
        "ratio": 0.2708629876169201,
        "trigger_rate": 1.0
      },
      "r_landing_quality": {
        "sum": 766.7903839388013,
        "abs_sum": 766.7903839388013,
        "mean": 0.6785755610077887,
        "std": 0.5530898430266084,
        "min": 0.07884422406783823,
        "max": 1.999103777963223,
        "ratio": 0.406706023017492,
        "trigger_rate": 1.0
      },
      "r_energy": {
        "sum": -16.3,
        "abs_sum": 16.3,
        "mean": -0.014424778761061947,
        "std": 0.008967794205692674,
        "min": -0.02,
        "max": -0.0,
        "ratio": 0.008645528574748292,
        "trigger_rate": 0.7212389380530974
      },
      "r_safe_contact_once": {
        "sum": 30.0,
        "abs_sum": 30.0,
        "mean": 0.02654867256637168,
        "std": 0.5145696198267833,
        "min": 0.0,
        "max": 10.0,
        "ratio": 0.015912015781745323,
        "trigger_rate": 0.002654867256637168
      },
      "r_stable_landing_once": {
        "sum": 240.0,
        "abs_sum": 240.0,
        "mean": 0.21238938053097345,
        "std": 4.116556958614266,
        "min": 0.0,
        "max": 80.0,
        "ratio": 0.12729612625396258,
        "trigger_rate": 0.002654867256637168
      },
      "r_landing_region_entry_once": {
        "sum": 300.0,
        "abs_sum": 300.0,
        "mean": 0.26548672566371684,
        "std": 3.633710649141205,
        "min": 0.0,
        "max": 50.0,
        "ratio": 0.1591201578174532,
        "trigger_rate": 0.005309734513274336
      }
    },
    "dominant_component": "r_landing_quality",
    "dominant_component_ratio": 0.406706023017492
  },
  "diagnostics": {
    "hack_flags": {
      "high_reward_low_progress": false,
      "component_dominance": false,
      "repeated_event_exploitation": false,
      "shaping_goal_mismatch": false,
      "terminal_success_dominance": false,
      "unstable_contact_behavior": true,
      "reward_repetition_risk": false
    },
    "failure_modes": [],
    "hack_score": 0.0,
    "suspected_components": [],
    "dominant_component": "r_landing_quality",
    "dominant_component_ratio": 0.406706023017492,
    "raw_component_dominance": false,
    "benign_terminal_dominance": false,
    "repeated_event_details": {
      "flag": true,
      "event_toggle_counts": {
        "landing_region": 8,
        "left_contact": 7,
        "contact": 8,
        "right_contact": 10,
        "both_contact": 7,
        "safe_contact": 3,
        "stable_both_contact": 3,
        "stable_landing_condition": 3
      },
      "max_event": "right_contact",
      "max_toggle_count": 10
    },
    "semantic_notes": [
      "contact_or_landing_toggles_observed_but_not_repeated_reward_exploitation"
    ]
  },
  "semantic_outcome": {
    "episode_count": 6,
    "semantic_score": 2.9621600203991174,
    "success_episode_rate": 0.5,
    "terminal_reward_paid_episode_rate": 1.0,
    "terminal_reward_payment_count_mean": 1.5,
    "terminal_reward_payment_count_max": 2,
    "safe_contact_episode_rate": 0.5,
    "stable_landing_episode_rate": 0.5,
    "progress_score_mean": 0.7309933537324506,
    "progress_score_std": 0.27564272831627384,
    "episode_length_mean": 188.33333333333334,
    "episode_length_std": 34.91258926073643,
    "contact_toggle_mean": 11.166666666666666,
    "contact_toggle_max": 23.0,
    "reward_repetition_risk": false,
    "one_time_repeat_violations": [],
    "terminal_goal_evidence": true,
    "unstable_contact_behavior": true,
    "event_rule_payment_stats": {
      "r_stable_landing_once": {
        "episode_payment_counts": [
          1,
          0,
          0,
          1,
          0,
          1
        ],
        "episode_paid_rate": 0.5,
        "payment_count_mean": 0.5,
        "payment_count_max": 1,
        "one_time": true
      },
      "r_landing_region_entry_once": {
        "episode_payment_counts": [
          1,
          1,
          1,
          1,
          1,
          1
        ],
        "episode_paid_rate": 1.0,
        "payment_count_mean": 1.0,
        "payment_count_max": 1,
        "one_time": true
      }
    },
    "terminal_rule_names": [
      "r_landing_region_entry_once",
      "r_stable_landing_once"
    ],
    "one_time_rule_names": [
      "r_landing_region_entry_once",
      "r_safe_contact_once",
      "r_stable_landing_once"
    ],
    "semantic_risks": [
      "unstable_contact_behavior",
      "terminal_goal_evidence_present"
    ]
  },
  "experiment_mode": {
    "use_memory": true,
    "use_attribution": true,
    "use_hack_detector": true,
    "use_llm_edit": true,
    "use_operator_constraints": true,
    "free_rewrite": false,
    "one_shot": false
  }
}