{
  "note": "Post-hoc oracle reward evaluation only. Not used by EG-RSA reward search.",
  "env_id": "LunarLander-v3",
  "num_episodes": 10,
  "return_mean": 104.47948813408061,
  "return_std": 194.15955544777893,
  "episode_length_mean": 168.2,
  "episode_returns": [
    290.1083327190906,
    251.2654449345888,
    252.72079468427435,
    45.4462883421204,
    236.20235682925934,
    273.55538925251733,
    -173.57154835628097,
    -195.48955612148637,
    221.8274292969633,
    -157.27005024024052
  ],
  "episode_lengths": [
    167,
    208,
    175,
    137,
    208,
    209,
    183,
    108,
    186,
    101
  ]
}