{
  "eval_generated_return": -137.65416099302732,
  "eval_hidden_return": -100.88905492214381,
  "eval_episode_length": 55.666666666666664,
  "component_returns": {
    "progress": -118.55204806623352,
    "stability": -3.848779593460494,
    "effort": -0.25333333333333335,
    "terminal": -15.0
  },
  "diagnostics": {
    "generated_private_gap": -36.765106070883505,
    "action_mean": 0.11377245508982035,
    "action_std": 0.31753469661228395,
    "episode_length_mean": 55.666666666666664,
    "component_returns": {
      "progress": -118.55204806623352,
      "stability": -3.848779593460494,
      "effort": -0.25333333333333335,
      "terminal": -15.0
    }
  }
}