{
  "eval_generated_return": -64.55170738678875,
  "eval_hidden_return": -120.40994333950785,
  "eval_episode_length": 75.5,
  "component_returns": {
    "distance_reward": -18.729883473658845,
    "velocity_penalty": -19.49212176143524,
    "angle_penalty": -1.3297021516946643,
    "fuel_efficiency": 0.0,
    "terminal": -25.0
  },
  "diagnostics": {
    "generated_private_gap": 55.8582359527191,
    "action_mean": 0.14966887417218544,
    "action_std": 0.570914703756137,
    "episode_length_mean": 75.5,
    "component_returns": {
      "distance_reward": -18.729883473658845,
      "velocity_penalty": -19.49212176143524,
      "angle_penalty": -1.3297021516946643,
      "fuel_efficiency": 0.0,
      "terminal": -25.0
    },
    "ppo_n_envs": 1,
    "ppo_vec_env_type": "dummy",
    "ppo_total_timesteps": 2000000,
    "ppo_n_steps": 1024,
    "ppo_batch_size": 64,
    "ppo_n_epochs": 4,
    "ppo_gae_lambda": 0.98,
    "ppo_gamma": 0.999,
    "ppo_ent_coef": 0.01,
    "ppo_learning_rate": 0.0003,
    "ppo_clip_range": 0.2,
    "ppo_vf_coef": 0.5,
    "ppo_max_grad_norm": 0.5
  }
}