{
  "attribution": {
    "episode_reward_mean": 2658.715490191169,
    "episode_reward_std": 166.97958627863554,
    "component_stats": {
      "r_approach_region": {
        "sum": 12271.981626566525,
        "abs_sum": 12271.981626566525,
        "mean": 1.2271981626566526,
        "std": 0.36766671392208156,
        "min": 0.3976271764891768,
        "max": 1.5,
        "ratio": 0.3975251710079751,
        "trigger_rate": 1.0
      },
      "r_approach_progress": {
        "sum": 14.403464025251933,
        "abs_sum": 14.403464025251933,
        "mean": 0.0014403464025251934,
        "std": 0.0018638837011205709,
        "min": 0.0,
        "max": 0.009273109907325328,
        "ratio": 0.0004665700841134203,
        "trigger_rate": 0.4523
      },
      "r_stability": {
        "sum": 7375.174509234939,
        "abs_sum": 7375.174509234939,
        "mean": 0.737517450923494,
        "std": 0.13348414931584388,
        "min": 0.239171420050916,
        "max": 0.9805914704971931,
        "ratio": 0.23890334888136128,
        "trigger_rate": 1.0
      },
      "r_landing_quality": {
        "sum": 9067.495302084975,
        "abs_sum": 9067.495302084975,
        "mean": 0.9067495302084976,
        "std": 0.41904945667242777,
        "min": 0.09026554791236317,
        "max": 1.7859179387615225,
        "ratio": 0.29372254052044483,
        "trigger_rate": 1.0
      },
      "r_energy": {
        "sum": -199.9,
        "abs_sum": 199.9,
        "mean": -0.01999,
        "std": 0.0004471017781221631,
        "min": -0.02,
        "max": -0.0,
        "ratio": 0.006475342296183599,
        "trigger_rate": 0.9995
      },
      "r_approach_stagnation_penalty": {
        "sum": -1942.0000000000002,
        "abs_sum": 1942.0000000000002,
        "mean": -0.1942,
        "std": 0.03356128722203605,
        "min": -0.2,
        "max": 0.0,
        "ratio": 0.06290702720954752,
        "trigger_rate": 0.971
      },
      "r_safe_contact_once": {
        "sum": 0.0,
        "abs_sum": 0.0,
        "mean": 0.0,
        "std": 0.0,
        "min": 0.0,
        "max": 0.0,
        "ratio": 0.0,
        "trigger_rate": 0.0
      },
      "r_stable_landing_once": {
        "sum": 0.0,
        "abs_sum": 0.0,
        "mean": 0.0,
        "std": 0.0,
        "min": 0.0,
        "max": 0.0,
        "ratio": 0.0,
        "trigger_rate": 0.0
      }
    },
    "dominant_component": "r_approach_region",
    "dominant_component_ratio": 0.3975251710079751
  },
  "diagnostics": {
    "hack_flags": {
      "high_reward_low_progress": false,
      "component_dominance": false,
      "repeated_event_exploitation": false,
      "shaping_goal_mismatch": true,
      "terminal_success_dominance": false,
      "unstable_contact_behavior": true,
      "reward_repetition_risk": false
    },
    "failure_modes": [
      "shaping_goal_mismatch"
    ],
    "hack_score": 0.2,
    "suspected_components": [],
    "dominant_component": "r_approach_region",
    "dominant_component_ratio": 0.3975251710079751,
    "raw_component_dominance": false,
    "benign_terminal_dominance": false,
    "repeated_event_details": {
      "flag": false,
      "event_toggle_counts": {},
      "max_event": null,
      "max_toggle_count": 0
    },
    "semantic_notes": [
      "contact_or_landing_toggles_observed_but_not_repeated_reward_exploitation"
    ]
  },
  "semantic_outcome": {
    "episode_count": 10,
    "semantic_score": 0.5315180718107871,
    "success_episode_rate": 0.0,
    "terminal_reward_paid_episode_rate": 0.0,
    "terminal_reward_payment_count_mean": 0.0,
    "terminal_reward_payment_count_max": 0,
    "safe_contact_episode_rate": 0.0,
    "stable_landing_episode_rate": 0.0,
    "progress_score_mean": 0.6315180718107871,
    "progress_score_std": 0.0714112013302106,
    "episode_length_mean": 1000.0,
    "episode_length_std": 0.0,
    "contact_toggle_mean": 11.1,
    "contact_toggle_max": 25.0,
    "reward_repetition_risk": false,
    "one_time_repeat_violations": [],
    "terminal_goal_evidence": false,
    "unstable_contact_behavior": true,
    "event_rule_payment_stats": {
      "r_stable_landing_once": {
        "episode_payment_counts": [
          0,
          0,
          0,
          0,
          0,
          0,
          0,
          0,
          0,
          0
        ],
        "episode_paid_rate": 0.0,
        "payment_count_mean": 0.0,
        "payment_count_max": 0,
        "one_time": true
      }
    },
    "terminal_rule_names": [
      "r_stable_landing_once"
    ],
    "one_time_rule_names": [
      "r_safe_contact_once",
      "r_stable_landing_once"
    ],
    "semantic_risks": [
      "unstable_contact_behavior"
    ]
  },
  "experiment_mode": {
    "use_memory": true,
    "use_attribution": true,
    "use_hack_detector": true,
    "use_llm_edit": true,
    "use_operator_constraints": true,
    "free_rewrite": false,
    "one_shot": false
  }
}