{
  "memory_id": "iter_009_to_010",
  "env_family": "landing_control",
  "failure_modes": [
    "shaping_goal_mismatch"
  ],
  "reward_attribution": {
    "episode_reward_mean": 2658.715490191169,
    "episode_reward_std": 166.97958627863554,
    "component_stats": {
      "r_approach_region": {
        "sum": 12271.981626566525,
        "abs_sum": 12271.981626566525,
        "mean": 1.2271981626566526,
        "std": 0.36766671392208156,
        "min": 0.3976271764891768,
        "max": 1.5,
        "ratio": 0.3975251710079751,
        "trigger_rate": 1.0
      },
      "r_approach_progress": {
        "sum": 14.403464025251933,
        "abs_sum": 14.403464025251933,
        "mean": 0.0014403464025251934,
        "std": 0.0018638837011205709,
        "min": 0.0,
        "max": 0.009273109907325328,
        "ratio": 0.0004665700841134203,
        "trigger_rate": 0.4523
      },
      "r_stability": {
        "sum": 7375.174509234939,
        "abs_sum": 7375.174509234939,
        "mean": 0.737517450923494,
        "std": 0.13348414931584388,
        "min": 0.239171420050916,
        "max": 0.9805914704971931,
        "ratio": 0.23890334888136128,
        "trigger_rate": 1.0
      },
      "r_landing_quality": {
        "sum": 9067.495302084975,
        "abs_sum": 9067.495302084975,
        "mean": 0.9067495302084976,
        "std": 0.41904945667242777,
        "min": 0.09026554791236317,
        "max": 1.7859179387615225,
        "ratio": 0.29372254052044483,
        "trigger_rate": 1.0
      },
      "r_energy": {
        "sum": -199.9,
        "abs_sum": 199.9,
        "mean": -0.01999,
        "std": 0.0004471017781221631,
        "min": -0.02,
        "max": -0.0,
        "ratio": 0.006475342296183599,
        "trigger_rate": 0.9995
      },
      "r_approach_stagnation_penalty": {
        "sum": -1942.0000000000002,
        "abs_sum": 1942.0000000000002,
        "mean": -0.1942,
        "std": 0.03356128722203605,
        "min": -0.2,
        "max": 0.0,
        "ratio": 0.06290702720954752,
        "trigger_rate": 0.971
      },
      "r_safe_contact_once": {
        "sum": 0.0,
        "abs_sum": 0.0,
        "mean": 0.0,
        "std": 0.0,
        "min": 0.0,
        "max": 0.0,
        "ratio": 0.0,
        "trigger_rate": 0.0
      },
      "r_stable_landing_once": {
        "sum": 0.0,
        "abs_sum": 0.0,
        "mean": 0.0,
        "std": 0.0,
        "min": 0.0,
        "max": 0.0,
        "ratio": 0.0,
        "trigger_rate": 0.0
      }
    },
    "dominant_component": "r_approach_region",
    "dominant_component_ratio": 0.3975251710079751
  },
  "edit_plan": [],
  "outcome": {
    "status": "not_applicable",
    "before": {
      "task_score": 0.531518071810787,
      "semantic_score": 0.5315180718107871,
      "selection_score": 0.8630361436215741,
      "hack_score": 0.2,
      "true_hack_risk": true,
      "terminal_goal_evidence": false,
      "reward_repetition_risk": false,
      "high_reward_low_progress": false,
      "shaping_goal_mismatch": true,
      "unstable_contact_behavior": true,
      "benign_terminal_dominance": false,
      "success_episode_rate": 0.0,
      "terminal_reward_paid_episode_rate": 0.0,
      "safe_contact_episode_rate": 0.0,
      "stable_landing_episode_rate": 0.0
    },
    "after": {},
    "delta": {},
    "note": "No edit was generated for this iteration."
  },
  "lesson": "Rollback/final iteration; edit generation skipped.",
  "metadata": {
    "config_path": "configs/eg_rsa_deepseek_aligned_balanced_10x1m_gpu.yml",
    "iteration": 9,
    "validation_errors": [],
    "validation_warnings": [],
    "candidate_evaluation": {},
    "gate_result": {},
    "reflection_report": {},
    "semantic_outcome": {
      "episode_count": 10,
      "semantic_score": 0.5315180718107871,
      "success_episode_rate": 0.0,
      "terminal_reward_paid_episode_rate": 0.0,
      "terminal_reward_payment_count_mean": 0.0,
      "terminal_reward_payment_count_max": 0,
      "safe_contact_episode_rate": 0.0,
      "stable_landing_episode_rate": 0.0,
      "progress_score_mean": 0.6315180718107871,
      "progress_score_std": 0.0714112013302106,
      "episode_length_mean": 1000.0,
      "episode_length_std": 0.0,
      "contact_toggle_mean": 11.1,
      "contact_toggle_max": 25.0,
      "reward_repetition_risk": false,
      "one_time_repeat_violations": [],
      "terminal_goal_evidence": false,
      "unstable_contact_behavior": true,
      "event_rule_payment_stats": {
        "r_stable_landing_once": {
          "episode_payment_counts": [
            0,
            0,
            0,
            0,
            0,
            0,
            0,
            0,
            0,
            0
          ],
          "episode_paid_rate": 0.0,
          "payment_count_mean": 0.0,
          "payment_count_max": 0,
          "one_time": true
        }
      },
      "terminal_rule_names": [
        "r_stable_landing_once"
      ],
      "one_time_rule_names": [
        "r_safe_contact_once",
        "r_stable_landing_once"
      ],
      "semantic_risks": [
        "unstable_contact_behavior"
      ]
    },
    "structural_response": {},
    "outcome_decision": {
      "decision": "mixed_tradeoff",
      "continuation": "rollback_to_best_schema",
      "reason": "Hack risk improved, but internal task/semantic evidence dropped enough that this schema should not be the next base.",
      "task_delta": -0.14355724775344259,
      "hack_delta": -0.2,
      "semantic_delta": -0.14355724775344236,
      "accepted_for_best": false,
      "rollback_recommended": true
    },
    "rollback_applied": true,
    "experiment_mode": {
      "use_memory": true,
      "use_attribution": true,
      "use_hack_detector": true,
      "use_llm_edit": true,
      "use_operator_constraints": true,
      "free_rewrite": false,
      "one_shot": false
    },
    "edit_generated": false,
    "edit_decision": "final",
    "next_action": "final_iteration",
    "agent_analysis": {
      "reflection_report": {},
      "diagnostic_analysis": {},
      "memory_reflection": {},
      "reward_editor": {},
      "auditor_check": {},
      "distilled_lessons": {}
    }
  }
}