{
  "note": "Post-hoc oracle reward evaluation only. Not used by EG-RSA reward search.",
  "env_id": "LunarLander-v3",
  "num_episodes": 10,
  "return_mean": -21.58384031362251,
  "return_std": 25.45680512002984,
  "episode_length_mean": 1000.0,
  "episode_returns": [
    5.944985050665712,
    -3.792958797050976,
    -60.69763777817658,
    -28.18320430808904,
    -9.033344732018408,
    -48.961332705937714,
    -0.676420353323312,
    -64.1175377520567,
    -2.622679183908125,
    -3.6982725763299342
  ],
  "episode_lengths": [
    1000,
    1000,
    1000,
    1000,
    1000,
    1000,
    1000,
    1000,
    1000,
    1000
  ]
}