{
  "attribution": {
    "episode_reward_mean": 2168.8086393356266,
    "episode_reward_std": 1460.1114778753645,
    "component_stats": {
      "r_approach_region": {
        "sum": 4168.087861490665,
        "abs_sum": 4168.087861490665,
        "mean": 0.9938216169505639,
        "std": 0.1830163514011404,
        "min": 0.27978851726947224,
        "max": 1.0499999999999998,
        "ratio": 0.31765156747839957,
        "trigger_rate": 1.0
      },
      "r_approach_progress": {
        "sum": 8.640399354744797,
        "abs_sum": 8.640399354744797,
        "mean": 0.002060181057402193,
        "std": 0.009226053418924903,
        "min": 0.0,
        "max": 0.09180007185321926,
        "ratio": 0.0006584881340990859,
        "trigger_rate": 0.08845970433953267
      },
      "r_stability": {
        "sum": 3122.8863812888167,
        "abs_sum": 3122.8863812888167,
        "mean": 0.7446081023578485,
        "std": 0.1852861864985413,
        "min": 0.12379763988056354,
        "max": 0.9929073594864936,
        "ratio": 0.23799636356959297,
        "trigger_rate": 1.0
      },
      "r_landing_quality": {
        "sum": 5717.597193879525,
        "abs_sum": 5717.597193879525,
        "mean": 1.3632802083642166,
        "std": 0.4941541922192357,
        "min": 0.10262066473195132,
        "max": 1.9858147189729871,
        "ratio": 0.43574026536868327,
        "trigger_rate": 1.0
      },
      "r_energy": {
        "sum": -54.36,
        "abs_sum": 54.36,
        "mean": -0.01296137339055794,
        "std": 0.009551453692590221,
        "min": -0.02,
        "max": -0.0,
        "ratio": 0.004142796356972734,
        "trigger_rate": 0.648068669527897
      },
      "r_safe_contact_once": {
        "sum": 50.0,
        "abs_sum": 50.0,
        "mean": 0.011921793037672867,
        "std": 0.771976374466479,
        "min": 0.0,
        "max": 50.0,
        "ratio": 0.0038105190921382767,
        "trigger_rate": 0.0002384358607534573
      },
      "r_stable_landing_once": {
        "sum": 0.0,
        "abs_sum": 0.0,
        "mean": 0.0,
        "std": 0.0,
        "min": 0.0,
        "max": 0.0,
        "ratio": 0.0,
        "trigger_rate": 0.0
      }
    },
    "dominant_component": "r_landing_quality",
    "dominant_component_ratio": 0.43574026536868327
  },
  "diagnostics": {
    "hack_flags": {
      "high_reward_low_progress": false,
      "component_dominance": false,
      "repeated_event_exploitation": false,
      "shaping_goal_mismatch": false,
      "terminal_success_dominance": false,
      "unstable_contact_behavior": true,
      "reward_repetition_risk": false
    },
    "failure_modes": [],
    "hack_score": 0.0,
    "suspected_components": [],
    "dominant_component": "r_landing_quality",
    "dominant_component_ratio": 0.43574026536868327,
    "raw_component_dominance": false,
    "benign_terminal_dominance": false,
    "repeated_event_details": {
      "flag": true,
      "event_toggle_counts": {
        "landing_region": 7,
        "right_contact": 6,
        "contact": 4,
        "safe_contact": 4,
        "left_contact": 4,
        "both_contact": 4,
        "stable_both_contact": 2,
        "stable_landing_condition": 2
      },
      "max_event": "landing_region",
      "max_toggle_count": 7
    },
    "semantic_notes": [
      "contact_or_landing_toggles_observed_but_not_repeated_reward_exploitation"
    ]
  },
  "semantic_outcome": {
    "episode_count": 6,
    "semantic_score": 0.9501066273694986,
    "success_episode_rate": 0.16666666666666666,
    "terminal_reward_paid_episode_rate": 0.0,
    "terminal_reward_payment_count_mean": 0.0,
    "terminal_reward_payment_count_max": 0,
    "safe_contact_episode_rate": 0.16666666666666666,
    "stable_landing_episode_rate": 0.16666666666666666,
    "progress_score_mean": 0.603339960702832,
    "progress_score_std": 0.36843410668005544,
    "episode_length_mean": 699.0,
    "episode_length_std": 425.6974669096979,
    "contact_toggle_mean": 389.6666666666667,
    "contact_toggle_max": 601.0,
    "reward_repetition_risk": false,
    "one_time_repeat_violations": [],
    "terminal_goal_evidence": true,
    "unstable_contact_behavior": true,
    "event_rule_payment_stats": {
      "r_stable_landing_once": {
        "episode_payment_counts": [
          0,
          0,
          0,
          0,
          0,
          0
        ],
        "episode_paid_rate": 0.0,
        "payment_count_mean": 0.0,
        "payment_count_max": 0,
        "one_time": true
      }
    },
    "terminal_rule_names": [
      "r_stable_landing_once"
    ],
    "one_time_rule_names": [
      "r_safe_contact_once",
      "r_stable_landing_once"
    ],
    "semantic_risks": [
      "unstable_contact_behavior",
      "terminal_goal_evidence_present"
    ]
  },
  "experiment_mode": {
    "use_memory": true,
    "use_attribution": true,
    "use_hack_detector": true,
    "use_llm_edit": true,
    "use_operator_constraints": true,
    "free_rewrite": false,
    "one_shot": false
  }
}