{
  "note": "Post-hoc oracle reward evaluation only. Not used by EG-RSA reward search.",
  "env_id": "LunarLander-v3",
  "num_episodes": 10,
  "return_mean": 24.26255641712894,
  "return_std": 75.94239624958409,
  "episode_length_mean": 576.4,
  "episode_returns": [
    26.676599859514283,
    23.70560783610432,
    -50.91676825223965,
    20.709810360478183,
    33.816727536716996,
    -10.273656727950277,
    16.910322747617318,
    229.85429062586752,
    19.37803871414348,
    -67.2354085289628
  ],
  "episode_lengths": [
    97,
    74,
    1000,
    1000,
    76,
    1000,
    1000,
    238,
    1000,
    279
  ]
}