{
  "tool": "trajectory_inspector",
  "num_episodes": 6,
  "success_count": 1,
  "success_rate": 0.16666666666666666,
  "episode_length_mean": 699.0,
  "safe_contact_rate_mean": 0.0011666666666666668,
  "stable_landing_rate_mean": 0.0006666666666666666,
  "contact_toggle_mean": 389.6666666666667,
  "contact_toggle_max": 601,
  "worst_episodes": [
    {
      "episode": 3,
      "success": 0.0,
      "progress_score": 0.08828602157079624,
      "episode_length": 90,
      "safe_contact_rate": 0.0,
      "stable_landing_rate": 0.0,
      "contact_rate": 0.12222222222222222,
      "both_contact_rate": 0.05555555555555555,
      "contact_toggle_count": 2,
      "episode_reward": 98.42687858616846,
      "oracle_reward_posthoc": -15.491025459478166
    },
    {
      "episode": 2,
      "success": 0.0,
      "progress_score": 0.09569470723024004,
      "episode_length": 104,
      "safe_contact_rate": 0.0,
      "stable_landing_rate": 0.0,
      "contact_rate": 0.14423076923076922,
      "both_contact_rate": 0.04807692307692308,
      "contact_toggle_count": 4,
      "episode_reward": 128.122262743909,
      "oracle_reward_posthoc": -18.73074473561047
    },
    {
      "episode": 4,
      "success": 0.0,
      "progress_score": 0.7154780091213954,
      "episode_length": 1000,
      "safe_contact_rate": 0.0,
      "stable_landing_rate": 0.0,
      "contact_rate": 0.0,
      "both_contact_rate": 0.0,
      "contact_toggle_count": 571,
      "episode_reward": 2964.593751862591,
      "oracle_reward_posthoc": -29.541214808976815
    }
  ],
  "best_episodes": [
    {
      "episode": 1,
      "success": 1.0,
      "progress_score": 0.870288439695357,
      "episode_length": 1000,
      "safe_contact_rate": 0.007,
      "stable_landing_rate": 0.004,
      "contact_rate": 0.009,
      "both_contact_rate": 0.004,
      "contact_toggle_count": 601,
      "episode_reward": 3356.2441027549694,
      "oracle_reward_posthoc": -11.33416382683323
    }
  ]
}