{
  "eval_generated_return": -31.601716378944815,
  "eval_hidden_return": -107.41828816641923,
  "eval_episode_length": 65.6,
  "component_returns": {
    "shaping": 13.230131942142785,
    "velocity_penalty": -44.18239903748035,
    "angle_penalty": -0.419449283607246,
    "fuel_efficiency": -0.22999999999999998,
    "terminal": 0.0
  },
  "diagnostics": {
    "generated_private_gap": 75.81657178747442,
    "action_mean": 0.08079268292682927,
    "action_std": 0.45984817849322146,
    "episode_length_mean": 65.6,
    "component_returns": {
      "shaping": 13.230131942142785,
      "velocity_penalty": -44.18239903748035,
      "angle_penalty": -0.419449283607246,
      "fuel_efficiency": -0.22999999999999998,
      "terminal": 0.0
    },
    "ppo_n_envs": 1,
    "ppo_vec_env_type": "dummy",
    "ppo_total_timesteps": 2000000,
    "ppo_n_steps": 1024,
    "ppo_batch_size": 64,
    "ppo_n_epochs": 4,
    "ppo_gae_lambda": 0.98,
    "ppo_gamma": 0.999,
    "ppo_ent_coef": 0.01,
    "ppo_learning_rate": 0.0003,
    "ppo_clip_range": 0.2,
    "ppo_vf_coef": 0.5,
    "ppo_max_grad_norm": 0.5
  }
}