{
  "note": "Post-hoc oracle reward evaluation only. Not used by EG-RSA reward search.",
  "env_id": "LunarLander-v3",
  "num_episodes": 5,
  "return_mean": -117.46363283857102,
  "return_std": 15.258957187825601,
  "episode_length_mean": 57.4,
  "episode_returns": [
    -127.1460591443464,
    -120.22300033041188,
    -107.02220671306358,
    -138.27848131089786,
    -94.64841669413536
  ],
  "episode_lengths": [
    53,
    53,
    62,
    69,
    50
  ]
}