{
  "attribution": {
    "episode_reward_mean": 2672.4787507598267,
    "episode_reward_std": 215.25914983121524,
    "component_stats": {
      "r_approach_region": {
        "sum": 6027.004760284438,
        "abs_sum": 6027.004760284438,
        "mean": 1.0045007933807397,
        "std": 0.16021898460366235,
        "min": 0.279822693956779,
        "max": 1.0499999999999998,
        "ratio": 0.3718538713901959,
        "trigger_rate": 1.0
      },
      "r_approach_progress": {
        "sum": 8.930995741375092,
        "abs_sum": 8.930995741375092,
        "mean": 0.001488499290229182,
        "std": 0.006040865306437489,
        "min": 0.0,
        "max": 0.054442188976967065,
        "ratio": 0.0005510241776618322,
        "trigger_rate": 0.11033333333333334
      },
      "r_stability": {
        "sum": 4186.675124216801,
        "abs_sum": 4186.675124216801,
        "mean": 0.6977791873694669,
        "std": 0.18505535128039682,
        "min": 0.18464551559602513,
        "max": 0.9824739375988882,
        "ratio": 0.2583092954317782,
        "trigger_rate": 1.0
      },
      "r_landing_quality": {
        "sum": 5898.8216243163515,
        "abs_sum": 5898.8216243163515,
        "mean": 0.9831369373860586,
        "std": 0.42100789255019405,
        "min": 0.08032772253728628,
        "max": 1.8729684661226484,
        "ratio": 0.36394523397368594,
        "trigger_rate": 1.0
      },
      "r_energy": {
        "sum": -86.56,
        "abs_sum": 86.56,
        "mean": -0.014426666666666667,
        "std": 0.008966862451394145,
        "min": -0.02,
        "max": -0.0,
        "ratio": 0.005340575026527156,
        "trigger_rate": 0.7213333333333334
      },
      "r_safe_contact_once": {
        "sum": 0.0,
        "abs_sum": 0.0,
        "mean": 0.0,
        "std": 0.0,
        "min": 0.0,
        "max": 0.0,
        "ratio": 0.0,
        "trigger_rate": 0.0
      },
      "r_stable_landing_once": {
        "sum": 0.0,
        "abs_sum": 0.0,
        "mean": 0.0,
        "std": 0.0,
        "min": 0.0,
        "max": 0.0,
        "ratio": 0.0,
        "trigger_rate": 0.0
      }
    },
    "dominant_component": "r_approach_region",
    "dominant_component_ratio": 0.3718538713901959
  },
  "diagnostics": {
    "hack_flags": {
      "high_reward_low_progress": false,
      "component_dominance": false,
      "repeated_event_exploitation": true,
      "shaping_goal_mismatch": true,
      "terminal_success_dominance": false,
      "unstable_contact_behavior": true,
      "reward_repetition_risk": false
    },
    "failure_modes": [
      "repeated_event_exploitation",
      "shaping_goal_mismatch"
    ],
    "hack_score": 0.4,
    "suspected_components": [],
    "dominant_component": "r_approach_region",
    "dominant_component_ratio": 0.3718538713901959,
    "raw_component_dominance": false,
    "benign_terminal_dominance": false,
    "repeated_event_details": {
      "flag": true,
      "event_toggle_counts": {
        "landing_region": 11,
        "left_contact": 14,
        "contact": 14,
        "right_contact": 4,
        "both_contact": 4
      },
      "max_event": "left_contact",
      "max_toggle_count": 14
    },
    "semantic_notes": []
  },
  "semantic_outcome": {
    "episode_count": 6,
    "semantic_score": 0.6308837542692466,
    "success_episode_rate": 0.0,
    "terminal_reward_paid_episode_rate": 0.0,
    "terminal_reward_payment_count_mean": 0.0,
    "terminal_reward_payment_count_max": 0,
    "safe_contact_episode_rate": 0.0,
    "stable_landing_episode_rate": 0.0,
    "progress_score_mean": 0.7308837542692466,
    "progress_score_std": 0.09213058542117246,
    "episode_length_mean": 1000.0,
    "episode_length_std": 0.0,
    "contact_toggle_mean": 461.5,
    "contact_toggle_max": 492.0,
    "reward_repetition_risk": false,
    "one_time_repeat_violations": [],
    "terminal_goal_evidence": false,
    "unstable_contact_behavior": true,
    "event_rule_payment_stats": {
      "r_stable_landing_once": {
        "episode_payment_counts": [
          0,
          0,
          0,
          0,
          0,
          0
        ],
        "episode_paid_rate": 0.0,
        "payment_count_mean": 0.0,
        "payment_count_max": 0,
        "one_time": true
      }
    },
    "terminal_rule_names": [
      "r_stable_landing_once"
    ],
    "one_time_rule_names": [
      "r_safe_contact_once",
      "r_stable_landing_once"
    ],
    "semantic_risks": [
      "unstable_contact_behavior"
    ]
  },
  "experiment_mode": {
    "use_memory": true,
    "use_attribution": true,
    "use_hack_detector": true,
    "use_llm_edit": true,
    "use_operator_constraints": true,
    "free_rewrite": false,
    "one_shot": false
  }
}