{
  "note": "Post-hoc oracle reward evaluation only. Not used by EG-RSA reward search.",
  "env_id": "LunarLander-v3",
  "num_episodes": 10,
  "return_mean": -28.0717100293002,
  "return_std": 57.02902193602543,
  "episode_length_mean": 919.2,
  "episode_returns": [
    -39.9742096323755,
    23.060515929040825,
    -43.57274852225595,
    -9.632564098069011,
    -11.24626484328784,
    -31.025330973277363,
    12.502096478177037,
    4.540257389941122,
    1.7492419680291689,
    -187.11809398892444
  ],
  "episode_lengths": [
    1000,
    1000,
    1000,
    1000,
    1000,
    1000,
    1000,
    1000,
    1000,
    192
  ]
}