{
  "attribution": {
    "episode_reward_mean": 784.9965135393253,
    "episode_reward_std": 807.3349775260092,
    "component_stats": {
      "r_approach_progress": {
        "sum": 21.601051090418924,
        "abs_sum": 21.601051090418924,
        "mean": 0.010526828016773356,
        "std": 0.02736855221138063,
        "min": 0.0,
        "max": 0.18071810110129205,
        "ratio": 0.004521868287122314,
        "trigger_rate": 0.20516569200779727
      },
      "r_stability": {
        "sum": 1372.8237443130474,
        "abs_sum": 1372.8237443130474,
        "mean": 0.6690174192558711,
        "std": 0.2987276411260069,
        "min": 0.175224321550927,
        "max": 0.9987029323441898,
        "ratio": 0.28738083749874094,
        "trigger_rate": 1.0
      },
      "r_landing_quality": {
        "sum": 2509.0742858324843,
        "abs_sum": 2509.0742858324843,
        "mean": 1.2227457533296706,
        "std": 0.737257361976377,
        "min": 0.09648236035418226,
        "max": 1.9974058646883797,
        "ratio": 0.5252384893516746,
        "trigger_rate": 1.0
      },
      "r_energy": {
        "sum": -33.52,
        "abs_sum": 33.52,
        "mean": -0.016335282651072126,
        "std": 0.0077371954693561,
        "min": -0.02,
        "max": -0.0,
        "ratio": 0.00701692822029247,
        "trigger_rate": 0.8167641325536062
      },
      "r_safe_contact_once": {
        "sum": 60.0,
        "abs_sum": 60.0,
        "mean": 0.029239766081871343,
        "std": 0.539946938965479,
        "min": 0.0,
        "max": 10.0,
        "ratio": 0.012560134045869576,
        "trigger_rate": 0.0029239766081871343
      },
      "r_stable_landing_once": {
        "sum": 480.0,
        "abs_sum": 480.0,
        "mean": 0.23391812865497075,
        "std": 4.319575511723832,
        "min": 0.0,
        "max": 80.0,
        "ratio": 0.10048107236695661,
        "trigger_rate": 0.0029239766081871343
      },
      "r_landing_region_entry_once": {
        "sum": 300.0,
        "abs_sum": 300.0,
        "mean": 0.14619883040935672,
        "std": 2.699734694827396,
        "min": 0.0,
        "max": 50.0,
        "ratio": 0.06280067022934788,
        "trigger_rate": 0.0029239766081871343
      }
    },
    "dominant_component": "r_landing_quality",
    "dominant_component_ratio": 0.5252384893516746
  },
  "diagnostics": {
    "hack_flags": {
      "high_reward_low_progress": false,
      "component_dominance": false,
      "repeated_event_exploitation": false,
      "shaping_goal_mismatch": false,
      "terminal_success_dominance": false,
      "unstable_contact_behavior": true,
      "reward_repetition_risk": false
    },
    "failure_modes": [],
    "hack_score": 0.0,
    "suspected_components": [],
    "dominant_component": "r_landing_quality",
    "dominant_component_ratio": 0.5252384893516746,
    "raw_component_dominance": false,
    "benign_terminal_dominance": false,
    "repeated_event_details": {
      "flag": true,
      "event_toggle_counts": {
        "landing_region": 6,
        "left_contact": 22,
        "contact": 21,
        "right_contact": 13,
        "both_contact": 12,
        "safe_contact": 7,
        "stable_both_contact": 12,
        "stable_landing_condition": 12
      },
      "max_event": "left_contact",
      "max_toggle_count": 22
    },
    "semantic_notes": [
      "contact_or_landing_toggles_observed_but_not_repeated_reward_exploitation"
    ]
  },
  "semantic_outcome": {
    "episode_count": 6,
    "semantic_score": 4.4532069929233025,
    "success_episode_rate": 1.0,
    "terminal_reward_paid_episode_rate": 1.0,
    "terminal_reward_payment_count_mean": 2.0,
    "terminal_reward_payment_count_max": 2,
    "safe_contact_episode_rate": 1.0,
    "stable_landing_episode_rate": 1.0,
    "progress_score_mean": 0.9874069929233023,
    "progress_score_std": 0.010162129174804448,
    "episode_length_mean": 342.0,
    "episode_length_std": 295.7927202169339,
    "contact_toggle_mean": 13.0,
    "contact_toggle_max": 17.0,
    "reward_repetition_risk": false,
    "one_time_repeat_violations": [],
    "terminal_goal_evidence": true,
    "unstable_contact_behavior": true,
    "event_rule_payment_stats": {
      "r_stable_landing_once": {
        "episode_payment_counts": [
          1,
          1,
          1,
          1,
          1,
          1
        ],
        "episode_paid_rate": 1.0,
        "payment_count_mean": 1.0,
        "payment_count_max": 1,
        "one_time": true
      },
      "r_landing_region_entry_once": {
        "episode_payment_counts": [
          1,
          1,
          1,
          1,
          1,
          1
        ],
        "episode_paid_rate": 1.0,
        "payment_count_mean": 1.0,
        "payment_count_max": 1,
        "one_time": true
      }
    },
    "terminal_rule_names": [
      "r_landing_region_entry_once",
      "r_stable_landing_once"
    ],
    "one_time_rule_names": [
      "r_landing_region_entry_once",
      "r_safe_contact_once",
      "r_stable_landing_once"
    ],
    "semantic_risks": [
      "unstable_contact_behavior",
      "terminal_goal_evidence_present"
    ]
  },
  "experiment_mode": {
    "use_memory": true,
    "use_attribution": true,
    "use_hack_detector": true,
    "use_llm_edit": true,
    "use_operator_constraints": true,
    "free_rewrite": false,
    "one_shot": false
  }
}