{
  "memory_id": "iter_003_to_004",
  "env_family": "landing_control",
  "failure_modes": [],
  "reward_attribution": {
    "episode_reward_mean": 784.9965135393253,
    "episode_reward_std": 807.3349775260092,
    "component_stats": {
      "r_approach_progress": {
        "sum": 21.601051090418924,
        "abs_sum": 21.601051090418924,
        "mean": 0.010526828016773356,
        "std": 0.02736855221138063,
        "min": 0.0,
        "max": 0.18071810110129205,
        "ratio": 0.004521868287122314,
        "trigger_rate": 0.20516569200779727
      },
      "r_stability": {
        "sum": 1372.8237443130474,
        "abs_sum": 1372.8237443130474,
        "mean": 0.6690174192558711,
        "std": 0.2987276411260069,
        "min": 0.175224321550927,
        "max": 0.9987029323441898,
        "ratio": 0.28738083749874094,
        "trigger_rate": 1.0
      },
      "r_landing_quality": {
        "sum": 2509.0742858324843,
        "abs_sum": 2509.0742858324843,
        "mean": 1.2227457533296706,
        "std": 0.737257361976377,
        "min": 0.09648236035418226,
        "max": 1.9974058646883797,
        "ratio": 0.5252384893516746,
        "trigger_rate": 1.0
      },
      "r_energy": {
        "sum": -33.52,
        "abs_sum": 33.52,
        "mean": -0.016335282651072126,
        "std": 0.0077371954693561,
        "min": -0.02,
        "max": -0.0,
        "ratio": 0.00701692822029247,
        "trigger_rate": 0.8167641325536062
      },
      "r_safe_contact_once": {
        "sum": 60.0,
        "abs_sum": 60.0,
        "mean": 0.029239766081871343,
        "std": 0.539946938965479,
        "min": 0.0,
        "max": 10.0,
        "ratio": 0.012560134045869576,
        "trigger_rate": 0.0029239766081871343
      },
      "r_stable_landing_once": {
        "sum": 480.0,
        "abs_sum": 480.0,
        "mean": 0.23391812865497075,
        "std": 4.319575511723832,
        "min": 0.0,
        "max": 80.0,
        "ratio": 0.10048107236695661,
        "trigger_rate": 0.0029239766081871343
      },
      "r_landing_region_entry_once": {
        "sum": 300.0,
        "abs_sum": 300.0,
        "mean": 0.14619883040935672,
        "std": 2.699734694827396,
        "min": 0.0,
        "max": 50.0,
        "ratio": 0.06280067022934788,
        "trigger_rate": 0.0029239766081871343
      }
    },
    "dominant_component": "r_landing_quality",
    "dominant_component_ratio": 0.5252384893516746
  },
  "edit_plan": [],
  "outcome": {
    "status": "not_applicable",
    "before": {
      "task_score": 2.9532069929233025,
      "semantic_score": 4.4532069929233025,
      "selection_score": 7.406413985846605,
      "hack_score": 0.0,
      "true_hack_risk": false,
      "terminal_goal_evidence": true,
      "reward_repetition_risk": false,
      "high_reward_low_progress": false,
      "shaping_goal_mismatch": false,
      "unstable_contact_behavior": true,
      "benign_terminal_dominance": false,
      "success_episode_rate": 1.0,
      "terminal_reward_paid_episode_rate": 1.0,
      "safe_contact_episode_rate": 1.0,
      "stable_landing_episode_rate": 1.0
    },
    "after": {},
    "delta": {},
    "note": "No edit was generated for this iteration."
  },
  "lesson": "Reward appears aligned; prefer checkpoint continuation before risky reward edits.",
  "metadata": {
    "config_path": "configs/eg_rsa_deepseek_v1_role_attrib_10x1m.yml",
    "iteration": 3,
    "schema_snapshot": {
      "version": 2,
      "components": [
        {
          "name": "r_approach_region",
          "type": "metric_value",
          "weight": 1.5,
          "inputs": [],
          "params": {
            "metric": "approach_region_score"
          },
          "clip": [
            0.0,
            1.0
          ],
          "enabled": false,
          "semantic_role": "dense_guidance",
          "reward_timing": "dense",
          "behavior_channel": "progress"
        },
        {
          "name": "r_approach_progress",
          "type": "metric_delta",
          "weight": 5.0,
          "inputs": [],
          "params": {
            "metric": "approach_region_score",
            "positive_only": true
          },
          "clip": [
            0.0,
            1.0
          ],
          "enabled": true,
          "semantic_role": "dense_guidance",
          "reward_timing": "dense",
          "behavior_channel": "progress"
        },
        {
          "name": "r_stability",
          "type": "metric_value",
          "weight": 1.0,
          "inputs": [],
          "params": {
            "metric": "stability"
          },
          "clip": [
            0.0,
            1.0
          ],
          "enabled": true,
          "semantic_role": "stability_quality",
          "reward_timing": "dense",
          "behavior_channel": "stability"
        },
        {
          "name": "r_landing_quality",
          "type": "metric_value",
          "weight": 2.0,
          "inputs": [],
          "params": {
            "metric": "landing_quality"
          },
          "clip": [
            0.0,
            1.0
          ],
          "enabled": true,
          "semantic_role": "stability_quality",
          "reward_timing": "dense",
          "behavior_channel": "stability"
        },
        {
          "name": "r_energy",
          "type": "action_penalty",
          "weight": 0.02,
          "inputs": [
            "action"
          ],
          "params": {},
          "clip": [
            -1.0,
            0.0
          ],
          "enabled": true,
          "semantic_role": "control_cost",
          "reward_timing": "dense",
          "behavior_channel": "control_effort"
        }
      ],
      "event_rules": [
        {
          "name": "r_safe_contact_once",
          "type": "event_bonus",
          "weight": 10.0,
          "condition": {
            "safe_contact": true,
            "duration_steps": 2
          },
          "one_time": true,
          "enabled": true,
          "semantic_role": "safety_constraint",
          "reward_timing": "sparse_event",
          "behavior_channel": "safety"
        },
        {
          "name": "r_stable_landing_once",
          "type": "event_bonus",
          "weight": 80.0,
          "condition": {
            "stable_landing_condition": true,
            "duration_steps": 5
          },
          "one_time": true,
          "enabled": true,
          "semantic_role": "terminal_success",
          "reward_timing": "sparse_terminal",
          "behavior_channel": "success"
        },
        {
          "name": "r_landing_region_entry_once",
          "type": "event_bonus",
          "weight": 50.0,
          "condition": {
            "landing_region": true,
            "duration_steps": 1
          },
          "one_time": true,
          "enabled": true,
          "semantic_role": "approach_progress",
          "reward_timing": "sparse_event",
          "behavior_channel": "progress"
        }
      ],
      "metadata": {
        "env": "LunarLander-v3",
        "note": "Aligned initial schema for EG-RSA. v1 adds semantic_role metadata so generic tools can reason over reward roles rather than environment-specific names.",
        "semantic_role_version": 1
      }
    },
    "validation_errors": [],
    "validation_warnings": [],
    "candidate_evaluation": {},
    "gate_result": {},
    "reflection_report": {
      "strategy": {
        "recommended_next_action": "continue_training",
        "plan_type": "continue_training",
        "max_reasonable_edits": 0
      },
      "rationale": "Reward appears aligned; prefer checkpoint continuation before risky reward edits.",
      "source": "AgentActionController"
    },
    "semantic_outcome": {
      "episode_count": 6,
      "semantic_score": 4.4532069929233025,
      "success_episode_rate": 1.0,
      "terminal_reward_paid_episode_rate": 1.0,
      "terminal_reward_payment_count_mean": 2.0,
      "terminal_reward_payment_count_max": 2,