{
  "note": "Post-hoc oracle reward evaluation only. Not used by EG-RSA reward search.",
  "env_id": "LunarLander-v3",
  "num_episodes": 10,
  "return_mean": 200.46048923808183,
  "return_std": 88.98692152871722,
  "episode_length_mean": 369.3,
  "episode_returns": [
    276.5592162012502,
    175.83631557793194,
    239.72150177121097,
    227.45717774346036,
    177.136943441498,
    247.36617619502738,
    293.91221310315325,
    58.95378111143776,
    285.4912261856741,
    22.17034105017443
  ],
  "episode_lengths": [
    218,
    1000,
    202,
    313,
    1000,
    299,
    208,
    150,
    168,
    135
  ]
}