{
  "tool": "trajectory_inspector",
  "num_episodes": 6,
  "success_count": 6,
  "success_rate": 1.0,
  "episode_length_mean": 342.0,
  "safe_contact_rate_mean": 0.1832851374700877,
  "stable_landing_rate_mean": 0.14295400542830433,
  "contact_toggle_mean": 13.0,
  "contact_toggle_max": 17,
  "worst_episodes": [],
  "best_episodes": [
    {
      "episode": 1,
      "success": 1.0,
      "progress_score": 0.9987029323441898,
      "episode_length": 176,
      "safe_contact_rate": 0.25,
      "stable_landing_rate": 0.22727272727272727,
      "contact_rate": 0.26704545454545453,
      "both_contact_rate": 0.22727272727272727,
      "contact_toggle_count": 7,
      "episode_reward": 377.710181072807,
      "oracle_reward_posthoc": 267.35665933587165
    },
    {
      "episode": 4,
      "success": 1.0,
      "progress_score": 0.9723248595751028,
      "episode_length": 188,
      "safe_contact_rate": 0.2074468085106383,
      "stable_landing_rate": 0.19148936170212766,
      "contact_rate": 0.21808510638297873,
      "both_contact_rate": 0.19148936170212766,
      "contact_toggle_count": 15,
      "episode_reward": 375.6998636166287,
      "oracle_reward_posthoc": 266.39475539395835
    },
    {
      "episode": 0,
      "success": 1.0,
      "progress_score": 0.9930302954028718,
      "episode_length": 200,
      "safe_contact_rate": 0.185,
      "stable_landing_rate": 0.185,
      "contact_rate": 0.2,
      "both_contact_rate": 0.185,
      "contact_toggle_count": 13,
      "episode_reward": 422.2966597179254,
      "oracle_reward_posthoc": 256.8842563899945
    }
  ]
}