{
  "attribution": {
    "episode_reward_mean": 2605.3865254528873,
    "episode_reward_std": 871.4024705088628,
    "component_stats": {
      "r_approach_region": {
        "sum": 5384.05156204406,
        "abs_sum": 5384.05156204406,
        "mean": 0.9889881634908266,
        "std": 0.16602619126905108,
        "min": 0.2797852067075733,
        "max": 1.0499999999999998,
        "ratio": 0.34116094043321016,
        "trigger_rate": 1.0
      },
      "r_approach_progress": {
        "sum": 9.225260544557475,
        "abs_sum": 9.225260544557475,
        "mean": 0.0016945739427916009,
        "std": 0.007105426231616643,
        "min": 0.0,
        "max": 0.06768205786132064,
        "ratio": 0.0005845595137517111,
        "trigger_rate": 0.16366642174871418
      },
      "r_stability": {
        "sum": 3970.9704727753488,
        "abs_sum": 3970.9704727753488,
        "mean": 0.7294214681806298,
        "std": 0.1836184838017129,
        "min": 0.1743718321849299,
        "max": 0.9833450759039066,
        "ratio": 0.25162092251772916,
        "trigger_rate": 1.0
      },
      "r_landing_quality": {
        "sum": 6342.691857353375,
        "abs_sum": 6342.691857353375,
        "mean": 1.1650793272140658,
        "std": 0.5253701192466763,
        "min": 0.09910000184980439,
        "max": 1.9666901518078133,
        "ratio": 0.40190527412245347,
        "trigger_rate": 1.0
      },
      "r_energy": {
        "sum": -74.62,
        "abs_sum": 74.62,
        "mean": -0.013706833210874358,
        "std": 0.009287593205279767,
        "min": -0.02,
        "max": -0.0,
        "ratio": 0.0047283034127298005,
        "trigger_rate": 0.6853416605437178
      },
      "r_safe_contact_once": {
        "sum": 0.0,
        "abs_sum": 0.0,
        "mean": 0.0,
        "std": 0.0,
        "min": 0.0,
        "max": 0.0,
        "ratio": 0.0,
        "trigger_rate": 0.0
      },
      "r_stable_landing_once": {
        "sum": 0.0,
        "abs_sum": 0.0,
        "mean": 0.0,
        "std": 0.0,
        "min": 0.0,
        "max": 0.0,
        "ratio": 0.0,
        "trigger_rate": 0.0
      }
    },
    "dominant_component": "r_landing_quality",
    "dominant_component_ratio": 0.40190527412245347
  },
  "diagnostics": {
    "hack_flags": {
      "high_reward_low_progress": false,
      "component_dominance": false,
      "repeated_event_exploitation": true,
      "shaping_goal_mismatch": true,
      "terminal_success_dominance": false,
      "unstable_contact_behavior": true,
      "reward_repetition_risk": false
    },
    "failure_modes": [
      "repeated_event_exploitation",
      "shaping_goal_mismatch"
    ],
    "hack_score": 0.4,
    "suspected_components": [],
    "dominant_component": "r_landing_quality",
    "dominant_component_ratio": 0.40190527412245347,
    "raw_component_dominance": false,
    "benign_terminal_dominance": false,
    "repeated_event_details": {
      "flag": true,
      "event_toggle_counts": {
        "landing_region": 9,
        "right_contact": 3,
        "contact": 3,
        "left_contact": 1,
        "both_contact": 1
      },
      "max_event": "landing_region",
      "max_toggle_count": 9
    },
    "semantic_notes": []
  },
  "semantic_outcome": {
    "episode_count": 6,
    "semantic_score": 0.47685263129844524,
    "success_episode_rate": 0.0,
    "terminal_reward_paid_episode_rate": 0.0,
    "terminal_reward_payment_count_mean": 0.0,
    "terminal_reward_payment_count_max": 0,
    "safe_contact_episode_rate": 0.0,
    "stable_landing_episode_rate": 0.0,
    "progress_score_mean": 0.5675859646317786,
    "progress_score_std": 0.2515005781229967,
    "episode_length_mean": 907.3333333333334,
    "episode_length_std": 207.2089659149805,
    "contact_toggle_mean": 463.8333333333333,
    "contact_toggle_max": 569.0,
    "reward_repetition_risk": false,
    "one_time_repeat_violations": [],
    "terminal_goal_evidence": false,
    "unstable_contact_behavior": true,
    "event_rule_payment_stats": {
      "r_stable_landing_once": {
        "episode_payment_counts": [
          0,
          0,
          0,
          0,
          0,
          0
        ],
        "episode_paid_rate": 0.0,
        "payment_count_mean": 0.0,
        "payment_count_max": 0,
        "one_time": true
      }
    },
    "terminal_rule_names": [
      "r_stable_landing_once"
    ],
    "one_time_rule_names": [
      "r_safe_contact_once",
      "r_stable_landing_once"
    ],
    "semantic_risks": [
      "unstable_contact_behavior"
    ]
  },
  "experiment_mode": {
    "use_memory": true,
    "use_attribution": true,
    "use_hack_detector": true,
    "use_llm_edit": true,
    "use_operator_constraints": true,
    "free_rewrite": false,
    "one_shot": false
  }
}