{
  "note": "Post-hoc oracle reward evaluation only. Not used by EG-RSA reward search.",
  "env_id": "LunarLander-v3",
  "num_episodes": 10,
  "return_mean": -7.3529350248684935,
  "return_std": 24.448920562974354,
  "episode_length_mean": 912.4,
  "episode_returns": [
    -8.497923086266713,
    8.684985093788768,
    -39.71795326819567,
    -14.420699184444352,
    5.227972289962264,
    -16.942803690247036,
    -54.9502204239479,
    14.124447253139877,
    0.5386172899066408,
    32.42422747761918
  ],
  "episode_lengths": [
    1000,
    1000,
    1000,
    1000,
    1000,
    1000,
    1000,
    124,
    1000,
    1000
  ]
}