{
  "eval_generated_return": -306.0204010907846,
  "eval_hidden_return": -423.6701716742494,
  "eval_episode_length": 90.0,
  "component_returns": {
    "progress": -251.34839836045512,
    "stability": -34.61533606366283,
    "effort": -5.056666666666655,
    "terminal": -15.0
  },
  "diagnostics": {
    "generated_private_gap": 117.64977058346477,
    "action_mean": 1.4481481481481482,
    "action_std": 1.089978039320185,
    "episode_length_mean": 90.0,
    "component_returns": {
      "progress": -251.34839836045512,
      "stability": -34.61533606366283,
      "effort": -5.056666666666655,
      "terminal": -15.0
    }
  }
}