{
  "note": "Post-hoc oracle reward evaluation only. Not used by EG-RSA reward search.",
  "env_id": "LunarLander-v3",
  "num_episodes": 8,
  "return_mean": 22.51011368374741,
  "return_std": 122.02423595873752,
  "episode_length_mean": 749.0,
  "episode_returns": [
    -68.16081813494479,
    230.7410213382253,
    -44.02667301200674,
    4.277329824235504,
    230.3546037091751,
    -44.492731203735026,
    -67.10308838450885,
    -61.508734666461244
  ],
  "episode_lengths": [
    1000,
    385,
    1000,
    1000,
    221,
    1000,
    386,
    1000
  ]
}