{
  "attribution": {
    "episode_reward_mean": 2002.4360815199325,
    "episode_reward_std": 1456.5534051687202,
    "component_stats": {
      "r_approach_region": {
        "sum": 8297.731659167684,
        "abs_sum": 8297.731659167684,
        "mean": 1.3896720246470748,
        "std": 0.29748643825014004,
        "min": 0.3931160011172158,
        "max": 1.5,
        "ratio": 0.41066655668311197,
        "trigger_rate": 1.0
      },
      "r_approach_progress": {
        "sum": 14.35561275205023,
        "abs_sum": 14.35561275205023,
        "mean": 0.002404222534257282,
        "std": 0.008673150117453707,
        "min": 0.0,
        "max": 0.09268463208791089,
        "ratio": 0.0007104797190503489,
        "trigger_rate": 0.12460224418020432
      },
      "r_stability": {
        "sum": 4311.018272427207,
        "abs_sum": 4311.018272427207,
        "mean": 0.721992676675131,
        "std": 0.24152934885975028,
        "min": 0.11546826938809929,
        "max": 0.9998432867813257,
        "ratio": 0.21335843366056026,
        "trigger_rate": 1.0
      },
      "r_landing_quality": {
        "sum": 7164.954194643901,
        "abs_sum": 7164.954194643901,
        "mean": 1.199958833469084,
        "std": 0.5726780217232652,
        "min": 0.07394563622361457,
        "max": 1.9996865735626514,
        "ratio": 0.35460378676571624,
        "trigger_rate": 1.0
      },
      "r_energy": {
        "sum": -90.57999999999998,
        "abs_sum": 90.57999999999998,
        "mean": -0.015169988276670572,
        "std": 0.008559861051389143,
        "min": -0.02,
        "max": -0.0,
        "ratio": 0.004482933195755753,
        "trigger_rate": 0.7584994138335287
      },
      "r_landing_region_progress": {
        "sum": 16.881076208496058,
        "abs_sum": 16.881076208496058,
        "mean": 0.0028271773921447092,
        "std": 0.008317679171883752,
        "min": 0.0,
        "max": 0.10338748294326727,
        "ratio": 0.0008354685020440457,
        "trigger_rate": 0.48718807569921285
      },
      "r_safe_contact_once": {
        "sum": 50.0,
        "abs_sum": 50.0,
        "mean": 0.008373806732540613,
        "std": 0.28925412129512035,
        "min": 0.0,
        "max": 10.0,
        "ratio": 0.002474571205429319,
        "trigger_rate": 0.0008373806732540613
      },
      "r_stable_landing_once": {
        "sum": 160.0,
        "abs_sum": 160.0,
        "mean": 0.026796181544129962,
        "std": 1.034953731535788,
        "min": 0.0,
        "max": 40.0,
        "ratio": 0.00791862785737382,
        "trigger_rate": 0.000669904538603249
      },
      "r_stable_approach_once": {
        "sum": 100.0,
        "abs_sum": 100.0,
        "mean": 0.016747613465081225,
        "std": 0.5785082425902407,
        "min": 0.0,
        "max": 20.0,
        "ratio": 0.004949142410858638,
        "trigger_rate": 0.0008373806732540613
      }
    },
    "dominant_component": "r_approach_region",
    "dominant_component_ratio": 0.41066655668311197
  },
  "diagnostics": {
    "hack_flags": {
      "high_reward_low_progress": false,
      "component_dominance": false,
      "repeated_event_exploitation": false,
      "shaping_goal_mismatch": true,
      "terminal_success_dominance": false,
      "unstable_contact_behavior": true,
      "reward_repetition_risk": false
    },
    "failure_modes": [
      "shaping_goal_mismatch"
    ],
    "hack_score": 0.2,
    "suspected_components": [],
    "dominant_component": "r_approach_region",
    "dominant_component_ratio": 0.41066655668311197,
    "raw_component_dominance": false,
    "benign_terminal_dominance": false,
    "repeated_event_details": {
      "flag": true,
      "event_toggle_counts": {
        "landing_region": 15,
        "right_contact": 33,
        "contact": 179,
        "left_contact": 173,
        "both_contact": 27,
        "safe_contact": 174,
        "stable_both_contact": 18,
        "stable_landing_condition": 18
      },
      "max_event": "contact",
      "max_toggle_count": 179
    },
    "semantic_notes": [
      "contact_or_landing_toggles_observed_but_not_repeated_reward_exploitation"
    ]
  },
  "semantic_outcome": {
    "episode_count": 10,
    "semantic_score": 2.2011502474129414,
    "success_episode_rate": 0.4,
    "terminal_reward_paid_episode_rate": 0.5,
    "terminal_reward_payment_count_mean": 0.9,
    "terminal_reward_payment_count_max": 2,
    "safe_contact_episode_rate": 0.5,
    "stable_landing_episode_rate": 0.4,
    "progress_score_mean": 0.7608602474129412,
    "progress_score_std": 0.30346135972768506,
    "episode_length_mean": 597.1,
    "episode_length_std": 369.20629734607724,
    "contact_toggle_mean": 240.3,
    "contact_toggle_max": 769.0,
    "reward_repetition_risk": false,
    "one_time_repeat_violations": [],
    "terminal_goal_evidence": true,
    "unstable_contact_behavior": true,
    "event_rule_payment_stats": {
      "r_stable_landing_once": {
        "episode_payment_counts": [
          0,
          0,
          1,
          1,
          0,
          0,
          1,
          1,
          0,
          0
        ],
        "episode_paid_rate": 0.4,
        "payment_count_mean": 0.4,
        "payment_count_max": 1,
        "one_time": true
      },
      "r_stable_approach_once": {
        "episode_payment_counts": [
          0,
          0,
          1,
          1,
          0,
          0,
          1,
          1,
          0,
          1
        ],
        "episode_paid_rate": 0.5,
        "payment_count_mean": 0.5,
        "payment_count_max": 1,
        "one_time": true
      }
    },
    "terminal_rule_names": [
      "r_stable_approach_once",
      "r_stable_landing_once"
    ],
    "one_time_rule_names": [
      "r_safe_contact_once",
      "r_stable_approach_once",
      "r_stable_landing_once"
    ],
    "semantic_risks": [
      "unstable_contact_behavior",
      "terminal_goal_evidence_present"
    ]
  },
  "experiment_mode": {
    "use_memory": true,
    "use_attribution": true,
    "use_hack_detector": true,
    "use_llm_edit": true,
    "use_operator_constraints": true,
    "free_rewrite": false,
    "one_shot": false
  }
}