{
  "memory_id": "iter_002_to_003",
  "env_family": "landing_control",
  "failure_modes": [
    "repeated_event_exploitation",
    "shaping_goal_mismatch"
  ],
  "reward_attribution": {
    "episode_reward_mean": 1574.0650498938764,
    "episode_reward_std": 726.7576657544112,
    "component_stats": {
      "r_approach_region": {
        "sum": 5042.090440847715,
        "abs_sum": 5042.090440847715,
        "mean": 0.6068958161829219,
        "std": 0.1577634861710506,
        "min": 0.18475814221797482,
        "max": 0.705,
        "ratio": 0.31599072996731764,
        "trigger_rate": 1.0
      },
      "r_approach_progress": {
        "sum": 14.25118155856619,
        "abs_sum": 14.25118155856619,
        "mean": 0.0017153564706988674,
        "std": 0.006176650466972357,
        "min": 0.0,
        "max": 0.04986703038418194,
        "ratio": 0.0008931298072533157,
        "trigger_rate": 0.1629754453538758
      },
      "r_stability": {
        "sum": 6080.032125781072,
        "abs_sum": 6080.032125781072,
        "mean": 0.7318286140805335,
        "std": 0.17227048407100043,
        "min": 0.1699455025359522,
        "max": 0.9726551490456314,
        "ratio": 0.38103913687976015,
        "trigger_rate": 1.0
      },
      "r_landing_quality": {
        "sum": 4712.1767507514105,
        "abs_sum": 4712.1767507514105,
        "mean": 0.5671854538699339,
        "std": 0.3114992531436654,
        "min": 0.04999688349910263,
        "max": 1.1536727279609404,
        "ratio": 0.2953148478143161,
        "trigger_rate": 1.0
      },
      "r_energy": {
        "sum": -107.89999999999999,
        "abs_sum": 107.89999999999999,
        "mean": -0.012987481945113143,
        "std": 0.0095433197383103,
        "min": -0.02,
        "max": -0.0,
        "ratio": 0.006762155531216767,
        "trigger_rate": 0.6493740972556572
      },
      "r_safe_contact_once": {
        "sum": 0.0,
        "abs_sum": 0.0,
        "mean": 0.0,
        "std": 0.0,
        "min": 0.0,
        "max": 0.0,
        "ratio": 0.0,
        "trigger_rate": 0.0
      },
      "r_stable_landing_once": {
        "sum": 0.0,
        "abs_sum": 0.0,
        "mean": 0.0,
        "std": 0.0,
        "min": 0.0,
        "max": 0.0,
        "ratio": 0.0,
        "trigger_rate": 0.0
      }
    },
    "dominant_component": "r_stability",
    "dominant_component_ratio": 0.38103913687976015
  },
  "edit_plan": [],
  "outcome": {
    "status": "not_applicable",
    "before": {
      "task_score": 0.2914173777356605,
      "semantic_score": 0.2914173777356605,
      "selection_score": 0.182834755471321,
      "hack_score": 0.4,
      "true_hack_risk": true,
      "terminal_goal_evidence": false,
      "reward_repetition_risk": false,
      "high_reward_low_progress": false,
      "shaping_goal_mismatch": true,
      "unstable_contact_behavior": true,
      "benign_terminal_dominance": false,
      "success_episode_rate": 0.0,
      "terminal_reward_paid_episode_rate": 0.0,
      "safe_contact_episode_rate": 0.0,
      "stable_landing_episode_rate": 0.0
    },
    "after": {},
    "delta": {},
    "note": "No edit was generated for this iteration."
  },
  "lesson": "Rollback/final iteration; edit generation skipped.",
  "metadata": {
    "config_path": "configs/eg_rsa_deepseek_aligned_balanced_10x500k.yml",
    "iteration": 2,
    "validation_errors": [],
    "validation_warnings": [],
    "candidate_evaluation": {},
    "gate_result": {},
    "reflection_report": {},
    "semantic_outcome": {
      "episode_count": 10,
      "semantic_score": 0.2914173777356605,
      "success_episode_rate": 0.0,
      "terminal_reward_paid_episode_rate": 0.0,
      "terminal_reward_payment_count_mean": 0.0,
      "terminal_reward_payment_count_max": 0,
      "safe_contact_episode_rate": 0.0,
      "stable_landing_episode_rate": 0.0,
      "progress_score_mean": 0.3744973777356605,
      "progress_score_std": 0.2548593102160487,
      "episode_length_mean": 830.8,
      "episode_length_std": 315.9030864046757,
      "contact_toggle_mean": 446.3,
      "contact_toggle_max": 569.0,
      "reward_repetition_risk": false,
      "one_time_repeat_violations": [],
      "terminal_goal_evidence": false,
      "unstable_contact_behavior": true,
      "event_rule_payment_stats": {
        "r_stable_landing_once": {
          "episode_payment_counts": [
            0,
            0,
            0,
            0,
            0,
            0,
            0,
            0,
            0,
            0
          ],
          "episode_paid_rate": 0.0,
          "payment_count_mean": 0.0,
          "payment_count_max": 0,
          "one_time": true
        }
      },
      "terminal_rule_names": [
        "r_stable_landing_once"
      ],
      "one_time_rule_names": [
        "r_safe_contact_once",
        "r_stable_landing_once"
      ],
      "semantic_risks": [
        "unstable_contact_behavior"
      ]
    },
    "structural_response": {},
    "outcome_decision": {
      "decision": "reject",
      "continuation": "rollback_to_best_schema",
      "reason": "True semantic hack risk increased: repeated reward payment, high-reward/low-progress, or shaping-goal mismatch.",
      "task_delta": -0.3630907647113229,
      "hack_delta": 0.2,
      "semantic_delta": -0.513090764711323,
      "accepted_for_best": false,
      "rollback_recommended": true
    },
    "rollback_applied": true,
    "experiment_mode": {
      "use_memory": true,
      "use_attribution": true,
      "use_hack_detector": true,
      "use_llm_edit": true,
      "use_operator_constraints": true,
      "free_rewrite": false,
      "one_shot": false
    },
    "edit_generated": false,
    "edit_decision": "rollback",
    "next_action": "rollback_to_best_schema",
    "agent_analysis": {
      "reflection_report": {},
      "diagnostic_analysis": {},
      "memory_reflection": {},
      "reward_editor": {},
      "auditor_check": {},
      "distilled_lessons": {}
    }
  }
}