{
  "note": "Post-hoc oracle reward evaluation only. Not used by EG-RSA reward search.",
  "env_id": "LunarLander-v3",
  "num_episodes": 10,
  "return_mean": 87.41167363971729,
  "return_std": 126.90348386610255,
  "episode_length_mean": 213.7,
  "episode_returns": [
    286.78431309650546,
    0.09329481733560385,
    247.69486314915687,
    137.32282520128152,
    11.183414078198396,
    264.45612109680394,
    -32.260621144473404,
    -46.5779377728136,
    31.953548699620285,
    -26.5330848244422
  ],
  "episode_lengths": [
    184,
    66,
    170,
    1000,
    70,
    265,
    97,
    99,
    78,
    108
  ]
}