{
  "note": "Post-hoc oracle reward evaluation only. Not used by EG-RSA reward search.",
  "env_id": "LunarLander-v3",
  "num_episodes": 10,
  "return_mean": -40.033761550160975,
  "return_std": 35.13802279595914,
  "episode_length_mean": 626.7,
  "episode_returns": [
    -67.6457586646941,
    2.6823721763219055,
    -91.12520825430322,
    -72.03483356807558,
    -0.06442308519788753,
    -40.31338432043634,
    -65.50519934165987,
    -47.41494143382471,
    21.80423420897053,
    -40.72047321871055
  ],
  "episode_lengths": [
    1000,
    138,
    1000,
    1000,
    136,
    1000,
    379,
    246,
    1000,
    368
  ]
}