{
  "eval_generated_return": 1230.114913764652,
  "eval_hidden_return": -10.821750919555575,
  "eval_episode_length": 767.1,
  "component_returns": {
    "shaping": 1504.2086223122183,
    "velocity_penalty": -30.23839898303122,
    "angle_penalty": -243.85530956453545,
    "fuel_efficiency": 0.0,
    "terminal": 0.0
  },
  "diagnostics": {
    "generated_private_gap": 1240.9366646842077,
    "action_mean": 1.9412071437882936,
    "action_std": 0.7108746544399993,
    "episode_length_mean": 767.1,
    "component_returns": {
      "shaping": 1504.2086223122183,
      "velocity_penalty": -30.23839898303122,
      "angle_penalty": -243.85530956453545,
      "fuel_efficiency": 0.0,
      "terminal": 0.0
    },
    "ppo_n_envs": 1,
    "ppo_vec_env_type": "dummy",
    "ppo_total_timesteps": 2000000,
    "ppo_n_steps": 1024,
    "ppo_batch_size": 64,
    "ppo_n_epochs": 4,
    "ppo_gae_lambda": 0.98,
    "ppo_gamma": 0.999,
    "ppo_ent_coef": 0.01,
    "ppo_learning_rate": 0.0003,
    "ppo_clip_range": 0.2,
    "ppo_vf_coef": 0.5,
    "ppo_max_grad_norm": 0.5
  }
}