{
  "attribution": {
    "episode_reward_mean": 823.4702085331965,
    "episode_reward_std": 272.86889647524526,
    "component_stats": {
      "r_approach_region": {
        "sum": 1978.5945705485453,
        "abs_sum": 1978.5945705485453,
        "mean": 0.26544064536470957,
        "std": 0.06615994184137419,
        "min": 0.07952459343533574,
        "max": 0.30000000000000004,
        "ratio": 0.23267449290830453,
        "trigger_rate": 1.0
      },
      "r_approach_progress": {
        "sum": 14.34085315766906,
        "abs_sum": 14.34085315766906,
        "mean": 0.0019239137587428307,
        "std": 0.0036165693377506235,
        "min": 0.0,
        "max": 0.020368293586941366,
        "ratio": 0.0016864246905357806,
        "trigger_rate": 0.259726321438154
      },
      "r_stability": {
        "sum": 2404.1310761986533,
        "abs_sum": 2404.1310761986533,
        "mean": 0.3225289879525964,
        "std": 0.07378726052629513,
        "min": 0.10701584972971334,
        "max": 0.49521737821234857,
        "ratio": 0.2827158162495795,
        "trigger_rate": 1.0
      },
      "r_landing_quality": {
        "sum": 3702.135585427096,
        "abs_sum": 3702.135585427096,
        "mean": 0.49666428567575743,
        "std": 0.2425779431623502,
        "min": 0.04610082291097429,
        "max": 0.9904347564246971,
        "ratio": 0.4353557483877186,
        "trigger_rate": 1.0
      },
      "r_energy": {
        "sum": -134.5,
        "abs_sum": 134.5,
        "mean": -0.018044003219747785,
        "std": 0.005940876383218829,
        "min": -0.02,
        "max": -0.0,
        "ratio": 0.015816640640781105,
        "trigger_rate": 0.9022001609873893
      },
      "r_safe_contact_once": {
        "sum": 30.0,
        "abs_sum": 30.0,
        "mean": 0.004024684733029246,
        "std": 0.20057579426015532,
        "min": 0.0,
        "max": 10.0,
        "ratio": 0.0035278752358619565,
        "trigger_rate": 0.0004024684733029246
      },
      "r_stable_landing_once": {
        "sum": 240.0,
        "abs_sum": 240.0,
        "mean": 0.03219747786423397,
        "std": 1.9653652754964552,
        "min": 0.0,
        "max": 120.0,
        "ratio": 0.02822300188689565,
        "trigger_rate": 0.00026831231553528306
      }
    },
    "dominant_component": "r_landing_quality",
    "dominant_component_ratio": 0.4353557483877186
  },
  "diagnostics": {
    "hack_flags": {
      "high_reward_low_progress": false,
      "component_dominance": false,
      "repeated_event_exploitation": false,
      "shaping_goal_mismatch": false,
      "terminal_success_dominance": false,
      "unstable_contact_behavior": true,
      "reward_repetition_risk": false
    },
    "failure_modes": [],
    "hack_score": 0.0,
    "suspected_components": [],
    "dominant_component": "r_landing_quality",
    "dominant_component_ratio": 0.4353557483877186,
    "raw_component_dominance": false,
    "benign_terminal_dominance": false,
    "repeated_event_details": {
      "flag": true,
      "event_toggle_counts": {
        "left_contact": 63,
        "contact": 64,
        "right_contact": 15,
        "landing_region": 15,
        "safe_contact": 9,
        "both_contact": 12,
        "stable_both_contact": 4,
        "stable_landing_condition": 4
      },
      "max_event": "contact",
      "max_toggle_count": 64
    },
    "semantic_notes": [
      "contact_or_landing_toggles_observed_but_not_repeated_reward_exploitation"
    ]
  },
  "semantic_outcome": {
    "episode_count": 10,
    "semantic_score": 1.4920224224153127,
    "success_episode_rate": 0.3,
    "terminal_reward_paid_episode_rate": 0.2,
    "terminal_reward_payment_count_mean": 0.2,
    "terminal_reward_payment_count_max": 1,
    "safe_contact_episode_rate": 0.4,
    "stable_landing_episode_rate": 0.3,
    "progress_score_mean": 0.6165624224153126,
    "progress_score_std": 0.18417855125260268,
    "episode_length_mean": 745.4,
    "episode_length_std": 181.58645323922156,
    "contact_toggle_mean": 64.9,
    "contact_toggle_max": 217.0,
    "reward_repetition_risk": false,
    "one_time_repeat_violations": [],
    "terminal_goal_evidence": true,
    "unstable_contact_behavior": true,
    "event_rule_payment_stats": {
      "r_stable_landing_once": {
        "episode_payment_counts": [
          0,
          0,
          0,
          0,
          0,
          0,
          1,
          1,
          0,
          0
        ],
        "episode_paid_rate": 0.2,
        "payment_count_mean": 0.2,
        "payment_count_max": 1,
        "one_time": true
      }
    },
    "terminal_rule_names": [
      "r_stable_landing_once"
    ],
    "one_time_rule_names": [
      "r_safe_contact_once",
      "r_stable_landing_once"
    ],
    "semantic_risks": [
      "unstable_contact_behavior",
      "terminal_goal_evidence_present"
    ]
  },
  "experiment_mode": {
    "use_memory": true,
    "use_attribution": true,
    "use_hack_detector": true,
    "use_llm_edit": true,
    "use_operator_constraints": true,
    "free_rewrite": false,
    "one_shot": false
  }
}