{
  "note": "Post-hoc oracle reward evaluation only. Not used by EG-RSA reward search.",
  "env_id": "LunarLander-v3",
  "num_episodes": 10,
  "return_mean": 141.10480606111088,
  "return_std": 83.70334551617992,
  "episode_length_mean": 713.0,
  "episode_returns": [
    -41.628311071151884,
    217.860859042978,
    55.79906541322452,
    194.3267459639324,
    220.41297386122477,
    198.69266590221915,
    217.69385051037642,
    159.34606384486335,
    78.80290254743863,
    109.74124459600363
  ],
  "episode_lengths": [
    664,
    687,
    1000,
    565,
    607,
    526,
    543,
    538,
    1000,
    1000
  ]
}