{
  "attribution": {
    "episode_reward_mean": 352.1264769794903,
    "episode_reward_std": 29.183555041315056,
    "component_stats": {
      "r_center_guidance": {
        "sum": 2540.0102411875187,
        "abs_sum": 2540.0102411875187,
        "mean": 0.4233350401979198,
        "std": 0.07970093898925178,
        "min": 0.0,
        "max": 0.49999213218700334,
        "ratio": 0.8560115574711491,
        "trigger_rate": 0.9945
      },
      "r_stability": {
        "sum": -195.38326972375262,
        "abs_sum": 195.38326972375262,
        "mean": -0.032563878287292104,
        "std": 0.02103330411761849,
        "min": -0.15682213753461838,
        "max": -3.31508280169146e-05,
        "ratio": 0.06584632388798613,
        "trigger_rate": 1.0
      },
      "r_vertical_safety": {
        "sum": 0.0,
        "abs_sum": 0.0,
        "mean": 0.0,
        "std": 0.0,
        "min": 0.0,
        "max": 0.0,
        "ratio": 0.0,
        "trigger_rate": 0.0
      },
      "r_fuel_penalty": {
        "sum": -183.64999999999998,
        "abs_sum": 183.64999999999998,
        "mean": -0.03060833333333333,
        "std": 0.02436281176757359,
        "min": -0.05,
        "max": -0.0,
        "ratio": 0.061892082157935915,
        "trigger_rate": 0.6121666666666666
      },
      "r_descent_guidance": {
        "sum": 0.0,
        "abs_sum": 0.0,
        "mean": 0.0,
        "std": 0.0,
        "min": 0.0,
        "max": 0.0,
        "ratio": 0.0,
        "trigger_rate": 0.0
      },
      "r_velocity_penalty": {
        "sum": -48.21810958682531,
        "abs_sum": 48.21810958682531,
        "mean": -0.008036351597804218,
        "std": 0.0070580142929597585,
        "min": -0.04257797956466675,
        "max": -1.8074983963742855e-05,
        "ratio": 0.016250036482701603,
        "trigger_rate": 1.0
      },
      "r_landing_success": {
        "sum": 0.0,
        "abs_sum": 0.0,
        "mean": 0.0,
        "std": 0.0,
        "min": 0.0,
        "max": 0.0,
        "ratio": 0.0,
        "trigger_rate": 0.0
      },
      "r_crash": {
        "sum": 0.0,
        "abs_sum": 0.0,
        "mean": 0.0,
        "std": 0.0,
        "min": 0.0,
        "max": 0.0,
        "ratio": 0.0,
        "trigger_rate": 0.0
      }
    },
    "dominant_component": "r_center_guidance",
    "dominant_component_ratio": 0.8560115574711491
  },
  "diagnostics": {
    "hack_flags": {
      "high_reward_low_progress": false,
      "component_dominance": true,
      "repeated_event_exploitation": false,
      "shaping_goal_mismatch": true,
      "terminal_success_dominance": false,
      "unstable_contact_behavior": true,
      "reward_repetition_risk": false
    },
    "failure_modes": [
      "single_component_dominance",
      "shaping_goal_mismatch"
    ],
    "hack_score": 0.4,
    "suspected_components": [
      "r_center_guidance"
    ],
    "dominant_component": "r_center_guidance",
    "dominant_component_ratio": 0.8560115574711491,
    "raw_component_dominance": true,
    "benign_terminal_dominance": false,
    "repeated_event_details": {
      "flag": false,
      "event_toggle_counts": {},
      "max_event": null,
      "max_toggle_count": 0
    },
    "semantic_notes": [
      "contact_or_landing_toggles_observed_but_not_repeated_reward_exploitation"
    ]
  },
  "semantic_outcome": {
    "episode_count": 6,
    "semantic_score": 0.8544679720239066,
    "success_episode_rate": 0.0,
    "terminal_reward_paid_episode_rate": 0.0,
    "terminal_reward_payment_count_mean": 0.0,
    "terminal_reward_payment_count_max": 0,
    "safe_contact_episode_rate": 0.0,
    "stable_landing_episode_rate": 0.0,
    "progress_score_mean": 0.9544679720239065,
    "progress_score_std": 0.013633936008985314,
    "episode_length_mean": 1000.0,
    "episode_length_std": 0.0,
    "contact_toggle_mean": 652.0,
    "contact_toggle_max": 690.0,
    "reward_repetition_risk": false,
    "one_time_repeat_violations": [],
    "terminal_goal_evidence": false,
    "unstable_contact_behavior": true,
    "event_rule_payment_stats": {
      "r_landing_success": {
        "episode_payment_counts": [
          0,
          0,
          0,
          0,
          0,
          0
        ],
        "episode_paid_rate": 0.0,
        "payment_count_mean": 0.0,
        "payment_count_max": 0,
        "one_time": true
      }
    },
    "terminal_rule_names": [
      "r_landing_success"
    ],
    "one_time_rule_names": [
      "r_crash",
      "r_landing_success"
    ],
    "semantic_risks": [
      "unstable_contact_behavior"
    ]
  },
  "experiment_mode": {
    "use_memory": true,
    "use_attribution": true,
    "use_hack_detector": true,
    "use_llm_edit": true,
    "use_operator_constraints": true,
    "free_rewrite": false,
    "one_shot": false
  }
}