{
  "note": "Post-hoc oracle reward evaluation only. Not used by EG-RSA reward search.",
  "env_id": "LunarLander-v3",
  "num_episodes": 10,
  "return_mean": -292.4716627281606,
  "return_std": 143.6085811746737,
  "episode_length_mean": 817.7,
  "episode_returns": [
    -384.4944578938542,
    1.5883047475643082,
    -399.3878088729089,
    -351.6220011201866,
    -17.40670182932446,
    -385.1049156727699,
    -346.7188225482874,
    -345.5090954462173,
    -357.87949202336375,
    -338.1816366222578
  ],
  "episode_lengths": [
    1000,
    102,
    1000,
    1000,
    75,
    1000,
    1000,
    1000,
    1000,
    1000
  ]
}