{
  "eval_generated_return": 1035.6173010623884,
  "eval_hidden_return": -33.341336662024375,
  "eval_episode_length": 1000.0,
  "component_returns": {
    "shaping": 362.9944055072406,
    "velocity_penalty": -54.11402590392972,
    "angle_penalty": -26.822047245229534,
    "fuel_efficiency": 0.0,
    "terminal": 753.5589687043072
  },
  "diagnostics": {
    "generated_private_gap": 1068.9586377244127,
    "action_mean": 1.9997,
    "action_std": 0.6527632878770068,
    "episode_length_mean": 1000.0,
    "component_returns": {
      "shaping": 362.9944055072406,
      "velocity_penalty": -54.11402590392972,
      "angle_penalty": -26.822047245229534,
      "fuel_efficiency": 0.0,
      "terminal": 753.5589687043072
    },
    "ppo_n_envs": 1,
    "ppo_vec_env_type": "dummy",
    "ppo_total_timesteps": 2000000,
    "ppo_n_steps": 1024,
    "ppo_batch_size": 64,
    "ppo_n_epochs": 4,
    "ppo_gae_lambda": 0.98,
    "ppo_gamma": 0.999,
    "ppo_ent_coef": 0.01,
    "ppo_learning_rate": 0.0003,
    "ppo_clip_range": 0.2,
    "ppo_vf_coef": 0.5,
    "ppo_max_grad_norm": 0.5
  }
}