{
  "attribution": {
    "episode_reward_mean": 1201.2205652043506,
    "episode_reward_std": 35.95631963171837,
    "component_stats": {
      "r_approach_region": {
        "sum": 3197.4393359156966,
        "abs_sum": 3197.4393359156966,
        "mean": 0.5329065559859494,
        "std": 0.0983458707331633,
        "min": 0.19988330660102438,
        "max": 0.6308891805421496,
        "ratio": 0.42934074001426553,
        "trigger_rate": 1.0
      },
      "r_approach_progress": {
        "sum": 8.642306056007689,
        "abs_sum": 8.642306056007689,
        "mean": 0.0014403843426679481,
        "std": 0.0017245760879500546,
        "min": 0.0,
        "max": 0.007501125578212919,
        "ratio": 0.0011604580064545564,
        "trigger_rate": 0.6536666666666666
      },
      "r_stability": {
        "sum": 2158.308694960683,
        "abs_sum": 2158.308694960683,
        "mean": 0.35971811582678054,
        "std": 0.06637866490826105,
        "min": 0.12338164760903854,
        "max": 0.4885684294432152,
        "ratio": 0.28980998696829546,
        "trigger_rate": 1.0
      },
      "r_landing_quality": {
        "sum": 1962.9330542937155,
        "abs_sum": 1962.9330542937155,
        "mean": 0.3271555090489526,
        "std": 0.09551938239587589,
        "min": 0.04691102597538808,
        "max": 0.4960185756967398,
        "ratio": 0.2635756433788824,
        "trigger_rate": 1.0
      },
      "r_energy": {
        "sum": -120.0,
        "abs_sum": 120.0,
        "mean": -0.02,
        "std": 0.0,
        "min": -0.02,
        "max": -0.02,
        "ratio": 0.01611317163174797,
        "trigger_rate": 1.0
      },
      "r_safe_contact_once": {
        "sum": 0.0,
        "abs_sum": 0.0,
        "mean": 0.0,
        "std": 0.0,
        "min": 0.0,
        "max": 0.0,
        "ratio": 0.0,
        "trigger_rate": 0.0
      },
      "r_stable_landing_once": {
        "sum": 0.0,
        "abs_sum": 0.0,
        "mean": 0.0,
        "std": 0.0,
        "min": 0.0,
        "max": 0.0,
        "ratio": 0.0,
        "trigger_rate": 0.0
      }
    },
    "dominant_component": "r_approach_region",
    "dominant_component_ratio": 0.42934074001426553
  },
  "diagnostics": {
    "hack_flags": {
      "high_reward_low_progress": false,
      "component_dominance": false,
      "repeated_event_exploitation": false,
      "shaping_goal_mismatch": true,
      "terminal_success_dominance": false,
      "unstable_contact_behavior": true,
      "reward_repetition_risk": false
    },
    "failure_modes": [
      "shaping_goal_mismatch"
    ],
    "hack_score": 0.2,
    "suspected_components": [],
    "dominant_component": "r_approach_region",
    "dominant_component_ratio": 0.42934074001426553,
    "raw_component_dominance": false,
    "benign_terminal_dominance": false,
    "repeated_event_details": {
      "flag": false,
      "event_toggle_counts": {},
      "max_event": null,
      "max_toggle_count": 0
    },
    "semantic_notes": [
      "contact_or_landing_toggles_observed_but_not_repeated_reward_exploitation"
    ]
  },
  "semantic_outcome": {
    "episode_count": 6,
    "semantic_score": 0.29641329653232995,
    "success_episode_rate": 0.0,
    "terminal_reward_paid_episode_rate": 0.0,
    "terminal_reward_payment_count_mean": 0.0,
    "terminal_reward_payment_count_max": 0,
    "safe_contact_episode_rate": 0.0,
    "stable_landing_episode_rate": 0.0,
    "progress_score_mean": 0.39641329653232993,
    "progress_score_std": 0.06390485932851679,
    "episode_length_mean": 1000.0,
    "episode_length_std": 0.0,
    "contact_toggle_mean": 15.166666666666666,
    "contact_toggle_max": 31.0,
    "reward_repetition_risk": false,
    "one_time_repeat_violations": [],
    "terminal_goal_evidence": false,
    "unstable_contact_behavior": true,
    "event_rule_payment_stats": {
      "r_stable_landing_once": {
        "episode_payment_counts": [
          0,
          0,
          0,
          0,
          0,
          0
        ],
        "episode_paid_rate": 0.0,
        "payment_count_mean": 0.0,
        "payment_count_max": 0,
        "one_time": true
      }
    },
    "terminal_rule_names": [
      "r_stable_landing_once"
    ],
    "one_time_rule_names": [
      "r_safe_contact_once",
      "r_stable_landing_once"
    ],
    "semantic_risks": [
      "unstable_contact_behavior"
    ]
  },
  "experiment_mode": {
    "use_memory": true,
    "use_attribution": true,
    "use_hack_detector": true,
    "use_llm_edit": true,
    "use_operator_constraints": true,
    "free_rewrite": false,
    "one_shot": false
  }
}