{
  "note": "Post-hoc oracle reward evaluation only. Not used by EG-RSA reward search.",
  "env_id": "LunarLander-v3",
  "num_episodes": 6,
  "return_mean": -47.76263232896796,
  "return_std": 24.76173322607127,
  "episode_length_mean": 1000.0,
  "episode_returns": [
    -54.9789615130288,
    -29.888024748603,
    -82.32758510974097,
    -26.544972578367723,
    -17.619313011969528,
    -75.21693701209779
  ],
  "episode_lengths": [
    1000,
    1000,
    1000,
    1000,
    1000,
    1000
  ]
}