{
  "eval_generated_return": -153.80860537142675,
  "eval_hidden_return": -84.16028288271336,
  "eval_episode_length": 75.0,
  "component_returns": {
    "progress": -129.51752754372572,
    "stability": -9.02441116103437,
    "effort": -0.26666666666666666,
    "terminal": -15.0
  },
  "diagnostics": {
    "generated_private_gap": -69.64832248871339,
    "action_mean": 0.07111111111111111,
    "action_std": 0.25701035190757265,
    "episode_length_mean": 75.0,
    "component_returns": {
      "progress": -129.51752754372572,
      "stability": -9.02441116103437,
      "effort": -0.26666666666666666,
      "terminal": -15.0
    }
  }
}