{
  "attribution": {
    "episode_reward_mean": 2528.9470828056333,
    "episode_reward_std": 968.8159285503536,
    "component_stats": {
      "r_approach_region": {
        "sum": 5132.148777163118,
        "abs_sum": 5132.148777163118,
        "mean": 0.9913364452700634,
        "std": 0.17017319874185288,
        "min": 0.27983596244978665,
        "max": 1.0499999999999998,
        "ratio": 0.33481127555989393,
        "trigger_rate": 1.0
      },
      "r_approach_progress": {
        "sum": 8.8355447133169,
        "abs_sum": 8.8355447133169,
        "mean": 0.0017066920442953253,
        "std": 0.007042650580761064,
        "min": 0.0,
        "max": 0.0691529639422912,
        "ratio": 0.0005764135305070647,
        "trigger_rate": 0.1406219818427661
      },
      "r_stability": {
        "sum": 3769.2637533124635,
        "abs_sum": 3769.2637533124635,
        "mean": 0.7280787624710187,
        "std": 0.19046176911914142,
        "min": 0.153470893921885,
        "max": 0.978259423924137,
        "ratio": 0.24589934157477925,
        "trigger_rate": 1.0
      },
      "r_landing_quality": {
        "sum": 6340.834421644906,
        "abs_sum": 6340.834421644906,
        "mean": 1.2248086578413957,
        "std": 0.5258961103713592,
        "min": 0.10074402505440169,
        "max": 1.9517489799408856,
        "ratio": 0.4136635458176502,
        "trigger_rate": 1.0
      },
      "r_energy": {
        "sum": -77.4,
        "abs_sum": 77.4,
        "mean": -0.014950743673942439,
        "std": 0.008688506032392391,
        "min": -0.02,
        "max": -0.0,
        "ratio": 0.005049423517036154,
        "trigger_rate": 0.7475371836971219
      },
      "r_safe_contact_once": {
        "sum": 0.0,
        "abs_sum": 0.0,
        "mean": 0.0,
        "std": 0.0,
        "min": 0.0,
        "max": 0.0,
        "ratio": 0.0,
        "trigger_rate": 0.0
      },
      "r_stable_landing_once": {
        "sum": 0.0,
        "abs_sum": 0.0,
        "mean": 0.0,
        "std": 0.0,
        "min": 0.0,
        "max": 0.0,
        "ratio": 0.0,
        "trigger_rate": 0.0
      }
    },
    "dominant_component": "r_landing_quality",
    "dominant_component_ratio": 0.4136635458176502
  },
  "diagnostics": {
    "hack_flags": {
      "high_reward_low_progress": false,
      "component_dominance": false,
      "repeated_event_exploitation": true,
      "shaping_goal_mismatch": true,
      "terminal_success_dominance": false,
      "unstable_contact_behavior": true,
      "reward_repetition_risk": false
    },
    "failure_modes": [
      "repeated_event_exploitation",
      "shaping_goal_mismatch"
    ],
    "hack_score": 0.4,
    "suspected_components": [],
    "dominant_component": "r_landing_quality",
    "dominant_component_ratio": 0.4136635458176502,
    "raw_component_dominance": false,
    "benign_terminal_dominance": false,
    "repeated_event_details": {
      "flag": true,
      "event_toggle_counts": {
        "landing_region": 9,
        "left_contact": 4,
        "contact": 6,
        "right_contact": 4,
        "both_contact": 2
      },
      "max_event": "landing_region",
      "max_toggle_count": 9
    },
    "semantic_notes": []
  },
  "semantic_outcome": {
    "episode_count": 6,
    "semantic_score": 0.4162463984855797,
    "success_episode_rate": 0.0,
    "terminal_reward_paid_episode_rate": 0.0,
    "terminal_reward_payment_count_mean": 0.0,
    "terminal_reward_payment_count_max": 0,
    "safe_contact_episode_rate": 0.0,
    "stable_landing_episode_rate": 0.0,
    "progress_score_mean": 0.502529731818913,
    "progress_score_std": 0.27836285546302314,
    "episode_length_mean": 862.8333333333334,
    "episode_length_std": 211.16219411206689,
    "contact_toggle_mean": 367.5,
    "contact_toggle_max": 510.0,
    "reward_repetition_risk": false,
    "one_time_repeat_violations": [],
    "terminal_goal_evidence": false,
    "unstable_contact_behavior": true,
    "event_rule_payment_stats": {
      "r_stable_landing_once": {
        "episode_payment_counts": [
          0,
          0,
          0,
          0,
          0,
          0
        ],
        "episode_paid_rate": 0.0,
        "payment_count_mean": 0.0,
        "payment_count_max": 0,
        "one_time": true
      }
    },
    "terminal_rule_names": [
      "r_stable_landing_once"
    ],
    "one_time_rule_names": [
      "r_safe_contact_once",
      "r_stable_landing_once"
    ],
    "semantic_risks": [
      "unstable_contact_behavior"
    ]
  },
  "experiment_mode": {
    "use_memory": true,
    "use_attribution": true,
    "use_hack_detector": true,
    "use_llm_edit": true,
    "use_operator_constraints": true,
    "free_rewrite": false,
    "one_shot": false
  }
}