{
  "note": "Post-hoc oracle reward evaluation only. Not used by EG-RSA reward search.",
  "env_id": "LunarLander-v3",
  "num_episodes": 10,
  "return_mean": -4.1883987501229765,
  "return_std": 20.829115440297038,
  "episode_length_mean": 1000.0,
  "episode_returns": [
    -30.40997337568701,
    22.363807359626303,
    -47.86604379747885,
    -3.1793583521045807,
    -3.1009047544006414,
    -13.188799672028704,
    6.245242831068962,
    2.5137673528614686,
    1.1241105887113414,
    23.614164318201926
  ],
  "episode_lengths": [
    1000,
    1000,
    1000,
    1000,
    1000,
    1000,
    1000,
    1000,
    1000,
    1000
  ]
}