{
  "attribution": {
    "episode_reward_mean": 1260.0113917289752,
    "episode_reward_std": 1176.2786815002669,
    "component_stats": {
      "r_approach_region": {
        "sum": 3124.810216691322,
        "abs_sum": 3124.810216691322,
        "mean": 0.9611843176534364,
        "std": 0.20488461007554085,
        "min": 0.2798342288063746,
        "max": 1.0499999999999998,
        "ratio": 0.4075221919304495,
        "trigger_rate": 1.0
      },
      "r_approach_progress": {
        "sum": 9.168756436376087,
        "abs_sum": 9.168756436376087,
        "mean": 0.0028202880456401377,
        "std": 0.010907167421090219,
        "min": 0.0,
        "max": 0.09932968620193039,
        "ratio": 0.0011957435687677475,
        "trigger_rate": 0.18978775761304215
      },
      "r_stability": {
        "sum": 2246.623939465083,
        "abs_sum": 2246.623939465083,
        "mean": 0.6910562717517942,
        "std": 0.19775062388143175,
        "min": 0.11791036079793427,
        "max": 0.9555995818729659,
        "ratio": 0.29299350961021026,
        "trigger_rate": 1.0
      },
      "r_landing_quality": {
        "sum": 2233.345437781071,
        "abs_sum": 2233.345437781071,
        "mean": 0.6869718356755062,
        "std": 0.35772690455016126,
        "min": 0.06923979714056419,
        "max": 1.3378394146221522,
        "ratio": 0.29126179352616904,
        "trigger_rate": 1.0
      },
      "r_energy": {
        "sum": -53.879999999999995,
        "abs_sum": 53.879999999999995,
        "mean": -0.016573362042448476,
        "std": 0.007535974486348635,
        "min": -0.02,
        "max": -0.0,
        "ratio": 0.007026761364234756,
        "trigger_rate": 0.8286681021224239
      },
      "r_safe_contact_once": {
        "sum": 0.0,
        "abs_sum": 0.0,
        "mean": 0.0,
        "std": 0.0,
        "min": 0.0,
        "max": 0.0,
        "ratio": 0.0,
        "trigger_rate": 0.0
      },
      "r_stable_landing_once": {
        "sum": 0.0,
        "abs_sum": 0.0,
        "mean": 0.0,
        "std": 0.0,
        "min": 0.0,
        "max": 0.0,
        "ratio": 0.0,
        "trigger_rate": 0.0
      }
    },
    "dominant_component": "r_approach_region",
    "dominant_component_ratio": 0.4075221919304495
  },
  "diagnostics": {
    "hack_flags": {
      "high_reward_low_progress": false,
      "component_dominance": false,
      "repeated_event_exploitation": true,
      "shaping_goal_mismatch": true,
      "terminal_success_dominance": false,
      "unstable_contact_behavior": true,
      "reward_repetition_risk": false
    },
    "failure_modes": [
      "repeated_event_exploitation",
      "shaping_goal_mismatch"
    ],
    "hack_score": 0.4,
    "suspected_components": [],
    "dominant_component": "r_approach_region",
    "dominant_component_ratio": 0.4075221919304495,
    "raw_component_dominance": false,
    "benign_terminal_dominance": false,
    "repeated_event_details": {
      "flag": true,
      "event_toggle_counts": {
        "landing_region": 9,
        "left_contact": 11,
        "contact": 9,
        "right_contact": 7,
        "both_contact": 9
      },
      "max_event": "left_contact",
      "max_toggle_count": 11
    },
    "semantic_notes": []
  },
  "semantic_outcome": {
    "episode_count": 6,
    "semantic_score": 0.4116538941544186,
    "success_episode_rate": 0.0,
    "terminal_reward_paid_episode_rate": 0.0,
    "terminal_reward_payment_count_mean": 0.0,
    "terminal_reward_payment_count_max": 0,
    "safe_contact_episode_rate": 0.0,
    "stable_landing_episode_rate": 0.0,
    "progress_score_mean": 0.46583722748775197,
    "progress_score_std": 0.2828696910063477,
    "episode_length_mean": 541.8333333333334,
    "episode_length_std": 458.18570349683426,
    "contact_toggle_mean": 137.5,
    "contact_toggle_max": 338.0,
    "reward_repetition_risk": false,
    "one_time_repeat_violations": [],
    "terminal_goal_evidence": false,
    "unstable_contact_behavior": true,
    "event_rule_payment_stats": {
      "r_stable_landing_once": {
        "episode_payment_counts": [
          0,
          0,
          0,
          0,
          0,
          0
        ],
        "episode_paid_rate": 0.0,
        "payment_count_mean": 0.0,
        "payment_count_max": 0,
        "one_time": true
      }
    },
    "terminal_rule_names": [
      "r_stable_landing_once"
    ],
    "one_time_rule_names": [
      "r_safe_contact_once",
      "r_stable_landing_once"
    ],
    "semantic_risks": [
      "unstable_contact_behavior"
    ]
  },
  "experiment_mode": {
    "use_memory": true,
    "use_attribution": true,
    "use_hack_detector": true,
    "use_llm_edit": true,
    "use_operator_constraints": true,
    "free_rewrite": false,
    "one_shot": false
  }
}