{
  "note": "Post-hoc oracle reward evaluation only. Not used by EG-RSA reward search.",
  "env_id": "LunarLander-v3",
  "num_episodes": 10,
  "return_mean": 39.586424769710476,
  "return_std": 76.47434453781625,
  "episode_length_mean": 534.9,
  "episode_returns": [
    40.801434123630315,
    251.75700844094706,
    18.55079216896293,
    74.72259454636371,
    10.447121165365118,
    29.16722269516839,
    -34.91857109193081,
    -19.390452459363374,
    -0.27127325095457966,
    24.99837135891603
  ],
  "episode_lengths": [
    77,
    126,
    85,
    864,
    80,
    117,
    1000,
    1000,
    1000,
    1000
  ]
}