{
  "attribution": {
    "episode_reward_mean": 738.2110364564023,
    "episode_reward_std": 848.4814595535083,
    "component_stats": {
      "r_approach_progress": {
        "sum": 21.601044066372197,
        "abs_sum": 21.601044066372197,
        "mean": 0.010395112640217611,
        "std": 0.030689444167461187,
        "min": 0.0,
        "max": 0.20977893484599774,
        "ratio": 0.004803107241479287,
        "trigger_rate": 0.1843118383060635
      },
      "r_stability": {
        "sum": 1350.6359240084366,
        "abs_sum": 1350.6359240084366,
        "mean": 0.6499691645853882,
        "std": 0.3224850484185524,
        "min": 0.12742584830789352,
        "max": 0.9966914442147785,
        "ratio": 0.3003210940764724,
        "trigger_rate": 1.0
      },
      "r_landing_quality": {
        "sum": 2511.0492506636083,
        "abs_sum": 2511.0492506636083,
        "mean": 1.2083971369892244,
        "std": 0.758178637533993,
        "min": 0.08517547456758863,
        "max": 1.993382888429557,
        "ratio": 0.5583451800993933,
        "trigger_rate": 1.0
      },
      "r_energy": {
        "sum": -34.019999999999996,
        "abs_sum": 34.019999999999996,
        "mean": -0.016371511068334937,
        "std": 0.007707389097877788,
        "min": -0.02,
        "max": -0.0,
        "ratio": 0.007564528263219637,
        "trigger_rate": 0.8185755534167469
      },
      "r_safe_contact_once": {
        "sum": 40.0,
        "abs_sum": 40.0,
        "mean": 0.019249278152069296,
        "std": 0.43831751825738985,
        "min": 0.0,
        "max": 10.0,
        "ratio": 0.008894213125478704,
        "trigger_rate": 0.0019249278152069298
      },
      "r_stable_landing_once": {
        "sum": 240.0,
        "abs_sum": 240.0,
        "mean": 0.11549566891241578,
        "std": 3.037484858144272,
        "min": 0.0,
        "max": 80.0,
        "ratio": 0.053365278752872225,
        "trigger_rate": 0.0014436958614051972
      },
      "r_landing_region_entry_once": {
        "sum": 300.0,
        "abs_sum": 300.0,
        "mean": 0.14436958614051973,
        "std": 2.682841167423744,
        "min": 0.0,
        "max": 50.0,
        "ratio": 0.06670659844109028,
        "trigger_rate": 0.0028873917228103944
      }
    },
    "dominant_component": "r_landing_quality",
    "dominant_component_ratio": 0.5583451800993933
  },
  "diagnostics": {
    "hack_flags": {
      "high_reward_low_progress": false,
      "component_dominance": false,
      "repeated_event_exploitation": false,
      "shaping_goal_mismatch": false,
      "terminal_success_dominance": false,
      "unstable_contact_behavior": true,
      "reward_repetition_risk": false
    },
    "failure_modes": [],
    "hack_score": 0.0,
    "suspected_components": [],
    "dominant_component": "r_landing_quality",
    "dominant_component_ratio": 0.5583451800993933,
    "raw_component_dominance": false,
    "benign_terminal_dominance": false,
    "repeated_event_details": {
      "flag": true,
      "event_toggle_counts": {
        "landing_region": 8,
        "right_contact": 23,
        "contact": 17,
        "left_contact": 13,
        "both_contact": 15,
        "safe_contact": 6,
        "stable_both_contact": 8,
        "stable_landing_condition": 8
      },
      "max_event": "right_contact",
      "max_toggle_count": 23
    },
    "semantic_notes": [
      "contact_or_landing_toggles_observed_but_not_repeated_reward_exploitation"
    ]
  },
  "semantic_outcome": {
    "episode_count": 6,
    "semantic_score": 3.092350098462564,
    "success_episode_rate": 0.5,
    "terminal_reward_paid_episode_rate": 1.0,
    "terminal_reward_payment_count_mean": 1.5,
    "terminal_reward_payment_count_max": 2,
    "safe_contact_episode_rate": 0.6666666666666666,
    "stable_landing_episode_rate": 0.5,
    "progress_score_mean": 0.8769834317958972,
    "progress_score_std": 0.2511361566287121,
    "episode_length_mean": 346.3333333333333,
    "episode_length_std": 295.97616270383816,
    "contact_toggle_mean": 28.833333333333332,
    "contact_toggle_max": 63.0,
    "reward_repetition_risk": false,
    "one_time_repeat_violations": [],
    "terminal_goal_evidence": true,
    "unstable_contact_behavior": true,
    "event_rule_payment_stats": {
      "r_stable_landing_once": {
        "episode_payment_counts": [
          0,
          1,
          1,
          1,
          0,
          0
        ],
        "episode_paid_rate": 0.5,
        "payment_count_mean": 0.5,
        "payment_count_max": 1,
        "one_time": true
      },
      "r_landing_region_entry_once": {
        "episode_payment_counts": [
          1,
          1,
          1,
          1,
          1,
          1
        ],
        "episode_paid_rate": 1.0,
        "payment_count_mean": 1.0,
        "payment_count_max": 1,
        "one_time": true
      }
    },
    "terminal_rule_names": [
      "r_landing_region_entry_once",
      "r_stable_landing_once"
    ],
    "one_time_rule_names": [
      "r_landing_region_entry_once",
      "r_safe_contact_once",
      "r_stable_landing_once"
    ],
    "semantic_risks": [
      "unstable_contact_behavior",
      "terminal_goal_evidence_present"
    ]
  },
  "experiment_mode": {
    "use_memory": true,
    "use_attribution": true,
    "use_hack_detector": true,
    "use_llm_edit": true,
    "use_operator_constraints": true,
    "free_rewrite": false,
    "one_shot": false
  }
}