{
  "note": "Post-hoc oracle reward evaluation only. Not used by EG-RSA reward search.",
  "env_id": "LunarLander-v3",
  "num_episodes": 10,
  "return_mean": 202.92735965083995,
  "return_std": 113.1666497294547,
  "episode_length_mean": 397.6,
  "episode_returns": [
    152.86297860244045,
    292.7598305937143,
    261.0390226770969,
    -17.74960924202813,
    280.3793358879893,
    18.266726151461327,
    281.61467789363434,
    294.83415412620934,
    165.87430308854763,
    299.3921767293338
  ],
  "episode_lengths": [
    1000,
    303,
    146,
    124,
    298,
    174,
    319,
    269,
    1000,
    343
  ]
}