{
  "attribution": {
    "episode_reward_mean": 2656.734102440444,
    "episode_reward_std": 105.40664903967577,
    "component_stats": {
      "r_approach_region": {
        "sum": 7834.747471665663,
        "abs_sum": 7834.747471665663,
        "mean": 0.7834747471665663,
        "std": 0.20188686834764644,
        "min": 0.23859626745514576,
        "max": 0.8999999999999999,
        "ratio": 0.2905319919620876,
        "trigger_rate": 1.0
      },
      "r_approach_progress": {
        "sum": 14.342382045911485,
        "abs_sum": 14.342382045911485,
        "mean": 0.0014342382045911485,
        "std": 0.0023017716741399095,
        "min": 0.0,
        "max": 0.011355873709016695,
        "ratio": 0.0005318513251830516,
        "trigger_rate": 0.3147
      },
      "r_stability": {
        "sum": 7343.656792572634,
        "abs_sum": 7343.656792572634,
        "mean": 0.7343656792572634,
        "std": 0.13530180871184963,
        "min": 0.24537390452067115,
        "max": 0.9780480729905251,
        "ratio": 0.2723211238075102,
        "trigger_rate": 1.0
      },
      "r_landing_quality": {
        "sum": 11574.374378120232,
        "abs_sum": 11574.374378120232,
        "mean": 1.1574374378120231,
        "std": 0.536085025965267,
        "min": 0.09231135630251146,
        "max": 1.9560961459810502,
        "ratio": 0.4292066918495468,
        "trigger_rate": 1.0
      },
      "r_energy": {
        "sum": -199.78,
        "abs_sum": 199.78,
        "mean": -0.019978,
        "std": 0.0006629600289610227,
        "min": -0.02,
        "max": -0.0,
        "ratio": 0.007408341055547265,
        "trigger_rate": 0.9989
      },
      "r_safe_contact_once": {
        "sum": 0.0,
        "abs_sum": 0.0,
        "mean": 0.0,
        "std": 0.0,
        "min": 0.0,
        "max": 0.0,
        "ratio": 0.0,
        "trigger_rate": 0.0
      },
      "r_stable_landing_once": {
        "sum": 0.0,
        "abs_sum": 0.0,
        "mean": 0.0,
        "std": 0.0,
        "min": 0.0,
        "max": 0.0,
        "ratio": 0.0,
        "trigger_rate": 0.0
      }
    },
    "dominant_component": "r_landing_quality",
    "dominant_component_ratio": 0.4292066918495468
  },
  "diagnostics": {
    "hack_flags": {
      "high_reward_low_progress": false,
      "component_dominance": false,
      "repeated_event_exploitation": true,
      "shaping_goal_mismatch": true,
      "terminal_success_dominance": false,
      "unstable_contact_behavior": true,
      "reward_repetition_risk": false
    },
    "failure_modes": [
      "repeated_event_exploitation",
      "shaping_goal_mismatch"
    ],
    "hack_score": 0.4,
    "suspected_components": [],
    "dominant_component": "r_landing_quality",
    "dominant_component_ratio": 0.4292066918495468,
    "raw_component_dominance": false,
    "benign_terminal_dominance": false,
    "repeated_event_details": {
      "flag": true,
      "event_toggle_counts": {
        "landing_region": 15
      },
      "max_event": "landing_region",
      "max_toggle_count": 15
    },
    "semantic_notes": []
  },
  "semantic_outcome": {
    "episode_count": 10,
    "semantic_score": 0.6927368379951185,
    "success_episode_rate": 0.0,
    "terminal_reward_paid_episode_rate": 0.0,
    "terminal_reward_payment_count_mean": 0.0,
    "terminal_reward_payment_count_max": 0,
    "safe_contact_episode_rate": 0.0,
    "stable_landing_episode_rate": 0.0,
    "progress_score_mean": 0.7927368379951185,
    "progress_score_std": 0.07411060777468653,
    "episode_length_mean": 1000.0,
    "episode_length_std": 0.0,
    "contact_toggle_mean": 18.2,
    "contact_toggle_max": 42.0,
    "reward_repetition_risk": false,
    "one_time_repeat_violations": [],
    "terminal_goal_evidence": false,
    "unstable_contact_behavior": true,
    "event_rule_payment_stats": {
      "r_stable_landing_once": {
        "episode_payment_counts": [
          0,
          0,
          0,
          0,
          0,
          0,
          0,
          0,
          0,
          0
        ],
        "episode_paid_rate": 0.0,
        "payment_count_mean": 0.0,
        "payment_count_max": 0,
        "one_time": true
      }
    },
    "terminal_rule_names": [
      "r_stable_landing_once"
    ],
    "one_time_rule_names": [
      "r_safe_contact_once",
      "r_stable_landing_once"
    ],
    "semantic_risks": [
      "unstable_contact_behavior"
    ]
  },
  "experiment_mode": {
    "use_memory": true,
    "use_attribution": true,
    "use_hack_detector": true,
    "use_llm_edit": true,
    "use_operator_constraints": true,
    "free_rewrite": false,
    "one_shot": false
  }
}