{
  "note": "Post-hoc oracle reward evaluation only. Not used by EG-RSA reward search.",
  "env_id": "LunarLander-v3",
  "num_episodes": 10,
  "return_mean": -11.284193952843399,
  "return_std": 23.73748512354706,
  "episode_length_mean": 1000.0,
  "episode_returns": [
    21.934409005986073,
    -0.12558024435233306,
    -49.007165968976416,
    -18.06244712725019,
    9.345248191708901,
    -34.99803488462339,
    13.273030929213189,
    -46.353214399560834,
    -1.048532099021317,
    -7.7996529315576595
  ],
  "episode_lengths": [
    1000,
    1000,
    1000,
    1000,
    1000,
    1000,
    1000,
    1000,
    1000,
    1000
  ]
}