{
  "attribution": {
    "episode_reward_mean": 127.21421114828054,
    "episode_reward_std": 0.0,
    "component_stats": {
      "target_proximity": {
        "sum": 75.08027810975909,
        "abs_sum": 75.08027810975909,
        "mean": 0.9503832672121404,
        "std": 0.027601510522602197,
        "min": 0.90293188393116,
        "max": 0.9975807189475745,
        "ratio": 0.5901878212509273,
        "trigger_rate": 1.0
      },
      "altitude_progress": {
        "sum": 16.360779267457158,
        "abs_sum": 16.360779267457158,
        "mean": 0.207098471739964,
        "std": 0.10667164744099646,
        "min": 0.11853279381276627,
        "max": 0.49988423614661465,
        "ratio": 0.1286081100513769,
        "trigger_rate": 1.0
      },
      "stability": {
        "sum": 35.773153771064244,
        "abs_sum": 35.773153771064244,
        "mean": 0.45282473127929423,
        "std": 0.05349894315379123,
        "min": 0.0,
        "max": 0.4849035138031468,
        "ratio": 0.28120406869769576,
        "trigger_rate": 0.9873417721518988
      },
      "control_effort": {
        "sum": 0.0,
        "abs_sum": 0.0,
        "mean": 0.0,
        "std": 0.0,
        "min": -0.0,
        "max": -0.0,
        "ratio": 0.0,
        "trigger_rate": 0.0
      },
      "tilt_safety": {
        "sum": 0.0,
        "abs_sum": 0.0,
        "mean": 0.0,
        "std": 0.0,
        "min": -0.0,
        "max": -0.0,
        "ratio": 0.0,
        "trigger_rate": 0.0
      },
      "landing_success": {
        "sum": 0.0,
        "abs_sum": 0.0,
        "mean": 0.0,
        "std": 0.0,
        "min": 0.0,
        "max": 0.0,
        "ratio": 0.0,
        "trigger_rate": 0.0
      }
    },
    "dominant_component": "target_proximity",
    "dominant_component_ratio": 0.5901878212509273
  },
  "diagnostics": {
    "hack_flags": {
      "high_reward_low_progress": false,
      "component_dominance": false,
      "repeated_event_exploitation": false,
      "shaping_goal_mismatch": true,
      "terminal_success_dominance": false,
      "unstable_contact_behavior": false,
      "reward_repetition_risk": false
    },
    "failure_modes": [
      "shaping_goal_mismatch"
    ],
    "hack_score": 0.2,
    "suspected_components": [],
    "dominant_component": "target_proximity",
    "dominant_component_ratio": 0.5901878212509273,
    "raw_component_dominance": false,
    "benign_terminal_dominance": false,
    "repeated_event_details": {
      "flag": false,
      "event_toggle_counts": {
        "left_leg_contact": 1,
        "any_contact": 1,
        "right_leg_contact": 1,
        "both_contact": 1
      },
      "max_event": "left_leg_contact",
      "max_toggle_count": 1
    },
    "semantic_notes": []
  },
  "semantic_outcome": {
    "episode_count": 1,
    "semantic_score": 0.33152547519472964,
    "success_episode_rate": 0.0,
    "terminal_reward_paid_episode_rate": 0.0,
    "terminal_reward_payment_count_mean": 0.0,
    "terminal_reward_payment_count_max": 0,
    "safe_contact_episode_rate": 0.0,
    "stable_landing_episode_rate": 0.0,
    "progress_score_mean": 0.33942547519472965,
    "progress_score_std": 0.0,
    "episode_length_mean": 79.0,
    "episode_length_std": 0.0,
    "contact_toggle_mean": 1.0,
    "contact_toggle_max": 1.0,
    "reward_repetition_risk": false,
    "one_time_repeat_violations": [],
    "terminal_goal_evidence": false,
    "unstable_contact_behavior": false,
    "event_rule_payment_stats": {
      "landing_success": {
        "episode_payment_counts": [
          0
        ],
        "episode_paid_rate": 0.0,
        "payment_count_mean": 0.0,
        "payment_count_max": 0,
        "one_time": true
      }
    },
    "terminal_rule_names": [
      "landing_success"
    ],
    "one_time_rule_names": [
      "landing_success"
    ],
    "semantic_risks": []
  },
  "experiment_mode": {
    "use_memory": true,
    "use_attribution": true,
    "use_hack_detector": true,
    "use_llm_edit": true,
    "use_operator_constraints": true,
    "free_rewrite": false,
    "one_shot": false
  }
}