{
  "attribution": {
    "episode_reward_mean": 355.5108602927441,
    "episode_reward_std": 0.0,
    "component_stats": {
      "horizontal_approach": {
        "sum": 194.35308000736404,
        "abs_sum": 194.35308000736404,
        "mean": 0.8098045000306835,
        "std": 0.2344108069631826,
        "min": 0.0,
        "max": 0.9984740257496014,
        "ratio": 0.49015827678432544,
        "trigger_rate": 0.9958333333333333
      },
      "vertical_approach": {
        "sum": 0.0,
        "abs_sum": 0.0,
        "mean": 0.0,
        "std": 0.0,
        "min": 0.0,
        "max": 0.0,
        "ratio": 0.0,
        "trigger_rate": 0.0
      },
      "descent_rate": {
        "sum": 2.756664647050589e-06,
        "abs_sum": 2.756664647050589e-06,
        "mean": 1.148610269604412e-08,
        "std": 7.883711442591086e-08,
        "min": 1.9287498479639178e-22,
        "max": 7.776235967696212e-07,
        "ratio": 6.952305530837949e-09,
        "trigger_rate": 0.0375
      },
      "attitude_stability": {
        "sum": 181.65777752871543,
        "abs_sum": 181.65777752871543,
        "mean": 0.7569074063696476,
        "std": 0.23269150330309918,
        "min": 0.30849893997822325,
        "max": 0.9997330885810133,
        "ratio": 0.4581407364090744,
        "trigger_rate": 1.0
      },
      "control_cost": {
        "sum": -20.5,
        "abs_sum": 20.5,
        "mean": -0.08541666666666667,
        "std": 0.035293904887702954,
        "min": -0.1,
        "max": -0.0,
        "ratio": 0.05170097985428347,
        "trigger_rate": 0.8541666666666666
      },
      "landing_bonus": {
        "sum": 0.0,
        "abs_sum": 0.0,
        "mean": 0.0,
        "std": 0.0,
        "min": 0.0,
        "max": 0.0,
        "ratio": 0.0,
        "trigger_rate": 0.0
      }
    },
    "dominant_component": "horizontal_approach",
    "dominant_component_ratio": 0.49015827678432544
  },
  "diagnostics": {
    "hack_flags": {
      "high_reward_low_progress": false,
      "component_dominance": false,
      "repeated_event_exploitation": false,
      "shaping_goal_mismatch": true,
      "terminal_success_dominance": false,
      "unstable_contact_behavior": true,
      "reward_repetition_risk": false
    },
    "failure_modes": [
      "shaping_goal_mismatch"
    ],
    "hack_score": 0.2,
    "suspected_components": [],
    "dominant_component": "horizontal_approach",
    "dominant_component_ratio": 0.49015827678432544,
    "raw_component_dominance": false,
    "benign_terminal_dominance": false,
    "repeated_event_details": {
      "flag": false,
      "event_toggle_counts": {},
      "max_event": null,
      "max_toggle_count": 0
    },
    "semantic_notes": [
      "contact_or_landing_toggles_observed_but_not_repeated_reward_exploitation"
    ]
  },
  "semantic_outcome": {
    "episode_count": 1,
    "semantic_score": 0.7217248883088337,
    "success_episode_rate": 0.0,
    "terminal_reward_paid_episode_rate": 0.0,
    "terminal_reward_payment_count_mean": 0.0,
    "terminal_reward_payment_count_max": 0,
    "safe_contact_episode_rate": 0.0,
    "stable_landing_episode_rate": 0.0,
    "progress_score_mean": 0.7457248883088338,
    "progress_score_std": 0.0,
    "episode_length_mean": 240.0,
    "episode_length_std": 0.0,
    "contact_toggle_mean": 68.0,
    "contact_toggle_max": 68.0,
    "reward_repetition_risk": false,
    "one_time_repeat_violations": [],
    "terminal_goal_evidence": false,
    "unstable_contact_behavior": true,
    "event_rule_payment_stats": {
      "landing_bonus": {
        "episode_payment_counts": [
          0
        ],
        "episode_paid_rate": 0.0,
        "payment_count_mean": 0.0,
        "payment_count_max": 0,
        "one_time": true
      }
    },
    "terminal_rule_names": [
      "landing_bonus"
    ],
    "one_time_rule_names": [
      "landing_bonus"
    ],
    "semantic_risks": [
      "unstable_contact_behavior"
    ]
  },
  "experiment_mode": {
    "use_memory": true,
    "use_attribution": true,
    "use_hack_detector": true,
    "use_llm_edit": true,
    "use_operator_constraints": true,
    "free_rewrite": false,
    "one_shot": false
  }
}