{
  "memory_id": "iter_000_to_001",
  "env_family": "landing_control",
  "failure_modes": [
    "shaping_goal_mismatch"
  ],
  "reward_attribution": {
    "episode_reward_mean": 127.21421114828054,
    "episode_reward_std": 0.0,
    "component_stats": {
      "target_proximity": {
        "sum": 75.08027810975909,
        "abs_sum": 75.08027810975909,
        "mean": 0.9503832672121404,
        "std": 0.027601510522602197,
        "min": 0.90293188393116,
        "max": 0.9975807189475745,
        "ratio": 0.5901878212509273,
        "trigger_rate": 1.0
      },
      "altitude_progress": {
        "sum": 16.360779267457158,
        "abs_sum": 16.360779267457158,
        "mean": 0.207098471739964,
        "std": 0.10667164744099646,
        "min": 0.11853279381276627,
        "max": 0.49988423614661465,
        "ratio": 0.1286081100513769,
        "trigger_rate": 1.0
      },
      "stability": {
        "sum": 35.773153771064244,
        "abs_sum": 35.773153771064244,
        "mean": 0.45282473127929423,
        "std": 0.05349894315379123,
        "min": 0.0,
        "max": 0.4849035138031468,
        "ratio": 0.28120406869769576,
        "trigger_rate": 0.9873417721518988
      },
      "control_effort": {
        "sum": 0.0,
        "abs_sum": 0.0,
        "mean": 0.0,
        "std": 0.0,
        "min": -0.0,
        "max": -0.0,
        "ratio": 0.0,
        "trigger_rate": 0.0
      },
      "tilt_safety": {
        "sum": 0.0,
        "abs_sum": 0.0,
        "mean": 0.0,
        "std": 0.0,
        "min": -0.0,
        "max": -0.0,
        "ratio": 0.0,
        "trigger_rate": 0.0
      },
      "landing_success": {
        "sum": 0.0,
        "abs_sum": 0.0,
        "mean": 0.0,
        "std": 0.0,
        "min": 0.0,
        "max": 0.0,
        "ratio": 0.0,
        "trigger_rate": 0.0
      }
    },
    "dominant_component": "target_proximity",
    "dominant_component_ratio": 0.5901878212509273
  },
  "edit_plan": [],
  "outcome": {
    "status": "not_applicable",
    "before": {
      "task_score": 0.33152547519472964,
      "semantic_score": 0.33152547519472964,
      "selection_score": 0.46305095038945926,
      "hack_score": 0.2,
      "true_hack_risk": true,
      "terminal_goal_evidence": false,
      "reward_repetition_risk": false,
      "high_reward_low_progress": false,
      "shaping_goal_mismatch": true,
      "unstable_contact_behavior": false,
      "benign_terminal_dominance": false,
      "success_episode_rate": 0.0,
      "terminal_reward_paid_episode_rate": 0.0,
      "safe_contact_episode_rate": 0.0,
      "stable_landing_episode_rate": 0.0
    },
    "after": {},
    "delta": {},
    "note": "No schema transition was committed for this iteration."
  },
  "lesson": "Final iteration; edit generation skipped.",
  "metadata": {
    "config_path": "configs/eg_rsa_landing_v2_1_source_aware_bootstrap_check.yml",
    "iteration": 0,
    "schema_snapshot": {
      "version": 2,
      "components": [
        {
          "name": "target_proximity",
          "type": "formula_component",
          "weight": 1.0,
          "inputs": [],
          "params": {
            "formula_ast": {
              "op": "sub",
              "left": {
                "const": 1.0
              },
              "right": {
                "op": "min",
                "args": [
                  {
                    "op": "abs",
                    "arg": {
                      "var": "x_pos"
                    }
                  },
                  {
                    "const": 1.0
                  }
                ]
              }
            }
          },
          "clip": [
            0.0,
            1.0
          ],
          "enabled": true,
          "semantic_role": "dense_guidance",
          "reward_timing": "dense",
          "behavior_channel": "progress",
          "formula_ast": {
            "op": "sub",
            "left": {
              "const": 1.0
            },
            "right": {
              "op": "min",
              "args": [
                {
                  "op": "abs",
                  "arg": {
                    "var": "x_pos"
                  }
                },
                {
                  "const": 1.0
                }
              ]
            }
          }
        },
        {
          "name": "altitude_progress",
          "type": "formula_component",
          "weight": 0.5,
          "inputs": [],
          "params": {
            "formula_ast": {
              "op": "exp",
              "arg": {
                "op": "neg",
                "arg": {
                  "op": "abs",
                  "arg": {
                    "var": "y_pos"
                  }
                }
              }
            }
          },
          "clip": [
            0.0,
            1.0
          ],
          "enabled": true,
          "semantic_role": "dense_guidance",
          "reward_timing": "dense",
          "behavior_channel": "progress",
          "formula_ast": {
            "op": "exp",
            "arg": {
              "op": "neg",
              "arg": {
                "op": "abs",
                "arg": {
                  "var": "y_pos"
                }
              }
            }
          }
        },
        {
          "name": "stability",
          "type": "formula_component",
          "weight": 0.5,
          "inputs": [],
          "params": {
            "formula_ast": {
              "op": "sub",
              "left": {
                "const": 1.0
              },
              "right": {
                "op": "min",
                "args": [
                  {
                    "op": "add",
                    "args": [
                      {
                        "op": "abs",
                        "arg": {
                          "var": "tilt_angle"
                        }
                      },
                      {
                        "op": "abs",
                        "arg": {
                          "var": "angular_vel"
                        }
                      }
                    ]
                  },
                  {
                    "const": 1.0
                  }
                ]
              }
            }
          },
          "clip": [
            0.0,
            1.0
          ],
          "enabled": true,
          "semantic_role": "stability_quality",
          "reward_timing": "dense",
          "behavior_channel": "stability",
          "formula_ast": {
            "op": "sub",
            "left": {
              "const": 1.0
            },
            "right": {
              "op": "min",
              "args": [
                {
                  "op": "add",
                  "args": [
                    {
                      "op": "abs",
                      "arg": {
                        "var": "tilt_angle"
                      }
                    },
                    {
                      "op": "abs",
                      "arg": {
                        "var": "angular_vel"
                      }
                    }
                  ]
                },
                {
                  "const": 1.0
                }
              ]
            }
          }
        },
        {
          "name": "control_effort",
          "type": "formula_component",
          "weight": 1.0,
          "inputs": [],
          "params": {
            "formula_ast": {
              "op": "neg",
              "arg": {
                "op": "add",
                "args": [
                  {
                    "op": "mul",
                    "args": [
                      {
                        "const": 0.1
                      },
                      {
                        "var": "main_engine"
                      }
                    ]
                  },
                  {
                    "op": "mul",