{
  "memory_id": "iter_000_to_001",
  "env_family": "landing_control",
  "failure_modes": [
    "shaping_goal_mismatch"
  ],
  "reward_attribution": {
    "episode_reward_mean": 355.5108602927441,
    "episode_reward_std": 0.0,
    "component_stats": {
      "horizontal_approach": {
        "sum": 194.35308000736404,
        "abs_sum": 194.35308000736404,
        "mean": 0.8098045000306835,
        "std": 0.2344108069631826,
        "min": 0.0,
        "max": 0.9984740257496014,
        "ratio": 0.49015827678432544,
        "trigger_rate": 0.9958333333333333
      },
      "vertical_approach": {
        "sum": 0.0,
        "abs_sum": 0.0,
        "mean": 0.0,
        "std": 0.0,
        "min": 0.0,
        "max": 0.0,
        "ratio": 0.0,
        "trigger_rate": 0.0
      },
      "descent_rate": {
        "sum": 2.756664647050589e-06,
        "abs_sum": 2.756664647050589e-06,
        "mean": 1.148610269604412e-08,
        "std": 7.883711442591086e-08,
        "min": 1.9287498479639178e-22,
        "max": 7.776235967696212e-07,
        "ratio": 6.952305530837949e-09,
        "trigger_rate": 0.0375
      },
      "attitude_stability": {
        "sum": 181.65777752871543,
        "abs_sum": 181.65777752871543,
        "mean": 0.7569074063696476,
        "std": 0.23269150330309918,
        "min": 0.30849893997822325,
        "max": 0.9997330885810133,
        "ratio": 0.4581407364090744,
        "trigger_rate": 1.0
      },
      "control_cost": {
        "sum": -20.5,
        "abs_sum": 20.5,
        "mean": -0.08541666666666667,
        "std": 0.035293904887702954,
        "min": -0.1,
        "max": -0.0,
        "ratio": 0.05170097985428347,
        "trigger_rate": 0.8541666666666666
      },
      "landing_bonus": {
        "sum": 0.0,
        "abs_sum": 0.0,
        "mean": 0.0,
        "std": 0.0,
        "min": 0.0,
        "max": 0.0,
        "ratio": 0.0,
        "trigger_rate": 0.0
      }
    },
    "dominant_component": "horizontal_approach",
    "dominant_component_ratio": 0.49015827678432544
  },
  "edit_plan": [],
  "outcome": {
    "status": "not_applicable",
    "before": {
      "task_score": 0.7217248883088337,
      "semantic_score": 0.7217248883088337,
      "selection_score": 1.2434497766176675,
      "hack_score": 0.2,
      "true_hack_risk": true,
      "terminal_goal_evidence": false,
      "reward_repetition_risk": false,
      "high_reward_low_progress": false,
      "shaping_goal_mismatch": true,
      "unstable_contact_behavior": true,
      "benign_terminal_dominance": false,
      "success_episode_rate": 0.0,
      "terminal_reward_paid_episode_rate": 0.0,
      "safe_contact_episode_rate": 0.0,
      "stable_landing_episode_rate": 0.0
    },
    "after": {},
    "delta": {},
    "note": "No schema transition was committed for this iteration."
  },
  "lesson": "Final iteration; edit generation skipped.",
  "metadata": {
    "config_path": "configs/eg_rsa_landing_v2_1_source_aware_bootstrap_check.yml",
    "iteration": 0,
    "schema_snapshot": {
      "version": 2,
      "components": [
        {
          "name": "horizontal_approach",
          "type": "formula_component",
          "weight": 1.0,
          "inputs": [],
          "params": {
            "formula_ast": {
              "op": "sub",
              "left": {
                "const": 1.0
              },
              "right": {
                "op": "min",
                "args": [
                  {
                    "op": "abs",
                    "arg": {
                      "var": "x_pos"
                    }
                  },
                  {
                    "const": 1.0
                  }
                ]
              }
            }
          },
          "clip": [
            0.0,
            1.0
          ],
          "enabled": true,
          "semantic_role": "dense_guidance",
          "reward_timing": "dense",
          "behavior_channel": "progress",
          "formula_ast": {
            "op": "sub",
            "left": {
              "const": 1.0
            },
            "right": {
              "op": "min",
              "args": [
                {
                  "op": "abs",
                  "arg": {
                    "var": "x_pos"
                  }
                },
                {
                  "const": 1.0
                }
              ]
            }
          }
        },
        {
          "name": "vertical_approach",
          "type": "formula_component",
          "weight": 1.0,
          "inputs": [],
          "params": {
            "formula_ast": {
              "op": "sub",
              "left": {
                "const": 1.0
              },
              "right": {
                "op": "min",
                "args": [
                  {
                    "var": "y_pos"
                  },
                  {
                    "const": 1.0
                  }
                ]
              }
            }
          },
          "clip": [
            0.0,
            1.0
          ],
          "enabled": true,
          "semantic_role": "dense_guidance",
          "reward_timing": "dense",
          "behavior_channel": "progress",
          "formula_ast": {
            "op": "sub",
            "left": {
              "const": 1.0
            },
            "right": {
              "op": "min",
              "args": [
                {
                  "var": "y_pos"
                },
                {
                  "const": 1.0
                }
              ]
            }
          }
        },
        {
          "name": "descent_rate",
          "type": "formula_component",
          "weight": 1.0,
          "inputs": [],
          "params": {
            "formula_ast": {
              "op": "exp",
              "arg": {
                "op": "mul",
                "args": [
                  {
                    "const": -25.0
                  },
                  {
                    "op": "add",
                    "args": [
                      {
                        "var": "y_vel"
                      },
                      {
                        "const": 0.5
                      }
                    ]
                  },
                  {
                    "op": "add",
                    "args": [
                      {
                        "var": "y_vel"
                      },
                      {
                        "const": 0.5
                      }
                    ]
                  }
                ]
              }
            }
          },
          "clip": [
            0.0,
            1.0
          ],
          "enabled": true,
          "semantic_role": "dense_guidance",
          "reward_timing": "dense",
          "behavior_channel": "progress",
          "formula_ast": {
            "op": "exp",
            "arg": {
              "op": "mul",
              "args": [
                {
                  "const": -25.0
                },
                {
                  "op": "add",
                  "args": [
                    {
                      "var": "y_vel"
                    },
                    {
                      "const": 0.5
                    }
                  ]
                },
                {
                  "op": "add",
                  "args": [
                    {
                      "var": "y_vel"
                    },
                    {
                      "const": 0.5
                    }
                  ]
                }
              ]
            }
          }
        },
        {
          "name": "attitude_stability",
          "type": "formula_component",
          "weight": 1.0,
          "inputs": [],
          "params": {
            "formula_ast": {
              "op": "exp",
              "arg": {
                "op": "add",
                "args": [
                  {
                    "op": "mul",