{
  "eval_generated_return": -71.63191109288344,
  "eval_hidden_return": -111.04183195821251,
  "eval_episode_length": 59.0,
  "component_returns": {
    "progress": -43.65588438839745,
    "stability": -12.976026704485994,
    "effort": 0.0,
    "terminal": -15.0
  },
  "diagnostics": {
    "generated_private_gap": 39.40992086532907,
    "action_mean": 0.0,
    "action_std": 0.0,
    "episode_length_mean": 59.0,
    "component_returns": {
      "progress": -43.65588438839745,
      "stability": -12.976026704485994,
      "effort": 0.0,
      "terminal": -15.0
    }
  }
}