{
  "eval_generated_return": -396.36350118820036,
  "eval_hidden_return": -684.8175982006966,
  "eval_episode_length": 105.0,
  "component_returns": {
    "landing_bonus": 0.0,
    "distance_penalty": -306.45433536904386,
    "velocity_penalty": -63.6842897715047,
    "angle_penalty": -8.753234382672233,
    "fuel_penalty": -2.1000000000000014,
    "crash_penalty": -10.0,
    "progress": -1.7216416649795967,
    "stability": 6.350000000000008,
    "effort": 0.0,
    "terminal": -10.0
  },
  "diagnostics": {
    "generated_private_gap": 288.4540970124962,
    "action_mean": 2.0,
    "action_std": 0.0,
    "episode_length_mean": 105.0,
    "component_returns": {
      "landing_bonus": 0.0,
      "distance_penalty": -306.45433536904386,
      "velocity_penalty": -63.6842897715047,
      "angle_penalty": -8.753234382672233,
      "fuel_penalty": -2.1000000000000014,
      "crash_penalty": -10.0,
      "progress": -1.7216416649795967,
      "stability": 6.350000000000008,
      "effort": 0.0,
      "terminal": -10.0
    }
  }
}