{
  "attribution": {
    "episode_reward_mean": 775.4791947246975,
    "episode_reward_std": 39.7249516299345,
    "component_stats": {
      "r_center_guidance": {
        "sum": 5124.156433217684,
        "abs_sum": 5124.156433217684,
        "mean": 0.8540260722029474,
        "std": 0.1480641317654321,
        "min": 0.0,
        "max": 0.9999599456805299,
        "ratio": 0.9157740126333179,
        "trigger_rate": 0.998
      },
      "r_stability": {
        "sum": -285.2312648695306,
        "abs_sum": 285.2312648695306,
        "mean": -0.047538544144921764,
        "std": 0.03684964848513804,
        "min": -0.2551419734954834,
        "max": -0.0009121970069827512,
        "ratio": 0.05097568416622736,
        "trigger_rate": 1.0
      },
      "r_vertical_safety": {
        "sum": 0.0,
        "abs_sum": 0.0,
        "mean": 0.0,
        "std": 0.0,
        "min": 0.0,
        "max": 0.0,
        "ratio": 0.0,
        "trigger_rate": 0.0
      },
      "r_fuel_penalty": {
        "sum": -186.05,
        "abs_sum": 186.05,
        "mean": -0.031008333333333336,
        "std": 0.024267260466636024,
        "min": -0.05,
        "max": -0.0,
        "ratio": 0.033250303200333765,
        "trigger_rate": 0.6201666666666666
      },
      "r_landing_success": {
        "sum": 0.0,
        "abs_sum": 0.0,
        "mean": 0.0,
        "std": 0.0,
        "min": 0.0,
        "max": 0.0,
        "ratio": 0.0,
        "trigger_rate": 0.0
      },
      "r_crash": {
        "sum": 0.0,
        "abs_sum": 0.0,
        "mean": 0.0,
        "std": 0.0,
        "min": 0.0,
        "max": 0.0,
        "ratio": 0.0,
        "trigger_rate": 0.0
      }
    },
    "dominant_component": "r_center_guidance",
    "dominant_component_ratio": 0.9157740126333179
  },
  "diagnostics": {
    "hack_flags": {
      "high_reward_low_progress": false,
      "component_dominance": true,
      "repeated_event_exploitation": false,
      "shaping_goal_mismatch": true,
      "terminal_success_dominance": false,
      "unstable_contact_behavior": true,
      "reward_repetition_risk": false
    },
    "failure_modes": [
      "single_component_dominance",
      "shaping_goal_mismatch"
    ],
    "hack_score": 0.4,
    "suspected_components": [
      "r_center_guidance"
    ],
    "dominant_component": "r_center_guidance",
    "dominant_component_ratio": 0.9157740126333179,
    "raw_component_dominance": true,
    "benign_terminal_dominance": false,
    "repeated_event_details": {
      "flag": false,
      "event_toggle_counts": {},
      "max_event": null,
      "max_toggle_count": 0
    },
    "semantic_notes": [
      "contact_or_landing_toggles_observed_but_not_repeated_reward_exploitation"
    ]
  },
  "semantic_outcome": {
    "episode_count": 6,
    "semantic_score": 0.8322735084660993,
    "success_episode_rate": 0.0,
    "terminal_reward_paid_episode_rate": 0.0,
    "terminal_reward_payment_count_mean": 0.0,
    "terminal_reward_payment_count_max": 0,
    "safe_contact_episode_rate": 0.0,
    "stable_landing_episode_rate": 0.0,
    "progress_score_mean": 0.9322735084660992,
    "progress_score_std": 0.034605802336407705,
    "episode_length_mean": 1000.0,
    "episode_length_std": 0.0,
    "contact_toggle_mean": 555.3333333333334,
    "contact_toggle_max": 592.0,
    "reward_repetition_risk": false,
    "one_time_repeat_violations": [],
    "terminal_goal_evidence": false,
    "unstable_contact_behavior": true,
    "event_rule_payment_stats": {
      "r_landing_success": {
        "episode_payment_counts": [
          0,
          0,
          0,
          0,
          0,
          0
        ],
        "episode_paid_rate": 0.0,
        "payment_count_mean": 0.0,
        "payment_count_max": 0,
        "one_time": true
      }
    },
    "terminal_rule_names": [
      "r_landing_success"
    ],
    "one_time_rule_names": [
      "r_crash",
      "r_landing_success"
    ],
    "semantic_risks": [
      "unstable_contact_behavior"
    ]
  },
  "experiment_mode": {
    "use_memory": true,
    "use_attribution": true,
    "use_hack_detector": true,
    "use_llm_edit": true,
    "use_operator_constraints": true,
    "free_rewrite": false,
    "one_shot": false
  }
}