{
  "note": "Post-hoc oracle reward evaluation only. Not used by EG-RSA reward search.",
  "env_id": "LunarLander-v3",
  "num_episodes": 10,
  "return_mean": -552.3442356264998,
  "return_std": 21.520973252953688,
  "episode_length_mean": 1000.0,
  "episode_returns": [
    -576.9107520115334,
    -537.237500515851,
    -600.473581591178,
    -550.6028840867236,
    -552.3632122742052,
    -563.1510085100379,
    -536.7213068628779,
    -530.0137933306847,
    -548.1918662174126,
    -527.776450864493
  ],
  "episode_lengths": [
    1000,
    1000,
    1000,
    1000,
    1000,
    1000,
    1000,
    1000,
    1000,
    1000
  ]
}