{
  "eval_generated_return": -82.05488457466852,
  "eval_hidden_return": -108.22529448005146,
  "eval_episode_length": 64.9,
  "component_returns": {
    "distance_reward": -59.776411343211485,
    "velocity_penalty": -36.52500260833985,
    "angle_penalty": -2.143470623117173,
    "fuel_efficiency": 0.0,
    "terminal": 16.389999999999993
  },
  "diagnostics": {
    "generated_private_gap": 26.17040990538294,
    "action_mean": 0.11093990755007704,
    "action_std": 0.4871417954768956,
    "episode_length_mean": 64.9,
    "component_returns": {
      "distance_reward": -59.776411343211485,
      "velocity_penalty": -36.52500260833985,
      "angle_penalty": -2.143470623117173,
      "fuel_efficiency": 0.0,
      "terminal": 16.389999999999993
    },
    "ppo_n_envs": 1,
    "ppo_vec_env_type": "dummy",
    "ppo_total_timesteps": 2000000,
    "ppo_n_steps": 1024,
    "ppo_batch_size": 64,
    "ppo_n_epochs": 4,
    "ppo_gae_lambda": 0.98,
    "ppo_gamma": 0.999,
    "ppo_ent_coef": 0.01,
    "ppo_learning_rate": 0.0003,
    "ppo_clip_range": 0.2,
    "ppo_vf_coef": 0.5,
    "ppo_max_grad_norm": 0.5
  }
}