{
  "eval_generated_return": -159.60337955301102,
  "eval_hidden_return": -47.99154506341481,
  "eval_episode_length": 75.0,
  "component_returns": {
    "velocity_penalty": -113.03857617899779,
    "angle_penalty": -43.81218312191777,
    "distance_reward": 46.24737974790447,
    "fuel_efficiency_penalty": 0.0,
    "ground_contact_bonus": 1.0,
    "terminal": -50.0
  },
  "diagnostics": {
    "generated_private_gap": -111.61183448959622,
    "action_mean": 0.0,
    "action_std": 0.0,
    "episode_length_mean": 75.0,
    "component_returns": {
      "velocity_penalty": -113.03857617899779,
      "angle_penalty": -43.81218312191777,
      "distance_reward": 46.24737974790447,
      "fuel_efficiency_penalty": 0.0,
      "ground_contact_bonus": 1.0,
      "terminal": -50.0
    }
  }
}