{
  "eval_generated_return": -92.40850160161744,
  "eval_hidden_return": -191.8487483720269,
  "eval_episode_length": 66.66666666666667,
  "component_returns": {
    "landing_bonus": 0.0,
    "distance_penalty": -6.409176424299658,
    "velocity_penalty": -22.530195491729927,
    "angle_penalty": -5.694880577128424,
    "fuel_penalty": -0.07333333333333335,
    "crash_penalty": -50.0,
    "progress": 1.099084224873893,
    "stability": 11.200000000000003,
    "effort": 0.0,
    "terminal": -20.0
  },
  "diagnostics": {
    "generated_private_gap": 99.44024677040946,
    "action_mean": 0.33,
    "action_std": 0.9386692708297208,
    "episode_length_mean": 66.66666666666667,
    "component_returns": {
      "landing_bonus": 0.0,
      "distance_penalty": -6.409176424299658,
      "velocity_penalty": -22.530195491729927,
      "angle_penalty": -5.694880577128424,
      "fuel_penalty": -0.07333333333333335,
      "crash_penalty": -50.0,
      "progress": 1.099084224873893,
      "stability": 11.200000000000003,
      "effort": 0.0,
      "terminal": -20.0
    }
  }
}