{
  "attribution": {
    "episode_reward_mean": 2515.0590003325105,
    "episode_reward_std": 199.2275586374911,
    "component_stats": {
      "r_approach_region": {
        "sum": 4127.091856241262,
        "abs_sum": 4127.091856241262,
        "mean": 0.687848642706877,
        "std": 0.14300579755677675,
        "min": 0.19984657621969526,
        "max": 0.75,
        "ratio": 0.2692568412813129,
        "trigger_rate": 1.0
      },
      "r_approach_progress": {
        "sum": 8.655452545082479,
        "abs_sum": 8.655452545082479,
        "mean": 0.0014425754241804132,
        "std": 0.003093125149011119,
        "min": 0.0,
        "max": 0.01467642030669647,
        "ratio": 0.0005646929831776853,
        "trigger_rate": 0.21033333333333334
      },
      "r_stability": {
        "sum": 4441.106141560771,
        "abs_sum": 4441.106141560771,
        "mean": 0.7401843569267952,
        "std": 0.1480099632752195,
        "min": 0.2493732244166078,
        "max": 0.9795965471006636,
        "ratio": 0.28974354172983263,
        "trigger_rate": 1.0
      },
      "r_landing_quality": {
        "sum": 6632.180551647948,
        "abs_sum": 6632.180551647948,
        "mean": 1.105363425274658,
        "std": 0.458574835884926,
        "min": 0.09741496738496254,
        "max": 1.882631604777853,
        "ratio": 0.43269208642486046,
        "trigger_rate": 1.0
      },
      "r_energy": {
        "sum": -118.67999999999999,
        "abs_sum": 118.67999999999999,
        "mean": -0.01978,
        "std": 0.002086048896838231,
        "min": -0.02,
        "max": -0.0,
        "ratio": 0.007742837580641956,
        "trigger_rate": 0.989
      },
      "r_safe_contact_once": {
        "sum": 0.0,
        "abs_sum": 0.0,
        "mean": 0.0,
        "std": 0.0,
        "min": 0.0,
        "max": 0.0,
        "ratio": 0.0,
        "trigger_rate": 0.0
      },
      "r_stable_landing_once": {
        "sum": 0.0,
        "abs_sum": 0.0,
        "mean": 0.0,
        "std": 0.0,
        "min": 0.0,
        "max": 0.0,
        "ratio": 0.0,
        "trigger_rate": 0.0
      }
    },
    "dominant_component": "r_landing_quality",
    "dominant_component_ratio": 0.43269208642486046
  },
  "diagnostics": {
    "hack_flags": {
      "high_reward_low_progress": false,
      "component_dominance": false,
      "repeated_event_exploitation": false,
      "shaping_goal_mismatch": true,
      "terminal_success_dominance": false,
      "unstable_contact_behavior": true,
      "reward_repetition_risk": false
    },
    "failure_modes": [
      "shaping_goal_mismatch"
    ],
    "hack_score": 0.2,
    "suspected_components": [],
    "dominant_component": "r_landing_quality",
    "dominant_component_ratio": 0.43269208642486046,
    "raw_component_dominance": false,
    "benign_terminal_dominance": false,
    "repeated_event_details": {
      "flag": false,
      "event_toggle_counts": {},
      "max_event": null,
      "max_toggle_count": 0
    },
    "semantic_notes": [
      "contact_or_landing_toggles_observed_but_not_repeated_reward_exploitation"
    ]
  },
  "semantic_outcome": {
    "episode_count": 6,
    "semantic_score": 0.5912958762401695,
    "success_episode_rate": 0.0,
    "terminal_reward_paid_episode_rate": 0.0,
    "terminal_reward_payment_count_mean": 0.0,
    "terminal_reward_payment_count_max": 0,
    "safe_contact_episode_rate": 0.0,
    "stable_landing_episode_rate": 0.0,
    "progress_score_mean": 0.6912958762401695,
    "progress_score_std": 0.08825057602568578,
    "episode_length_mean": 1000.0,
    "episode_length_std": 0.0,
    "contact_toggle_mean": 13.166666666666666,
    "contact_toggle_max": 31.0,
    "reward_repetition_risk": false,
    "one_time_repeat_violations": [],
    "terminal_goal_evidence": false,
    "unstable_contact_behavior": true,
    "event_rule_payment_stats": {
      "r_stable_landing_once": {
        "episode_payment_counts": [
          0,
          0,
          0,
          0,
          0,
          0
        ],
        "episode_paid_rate": 0.0,
        "payment_count_mean": 0.0,
        "payment_count_max": 0,
        "one_time": true
      }
    },
    "terminal_rule_names": [
      "r_stable_landing_once"
    ],
    "one_time_rule_names": [
      "r_safe_contact_once",
      "r_stable_landing_once"
    ],
    "semantic_risks": [
      "unstable_contact_behavior"
    ]
  },
  "experiment_mode": {
    "use_memory": true,
    "use_attribution": true,
    "use_hack_detector": true,
    "use_llm_edit": true,
    "use_operator_constraints": true,
    "free_rewrite": false,
    "one_shot": false
  }
}