{
  "eval_generated_return": 802.3436503241107,
  "eval_hidden_return": 267.8370888673815,
  "eval_episode_length": 289.5,
  "component_returns": {
    "shaping": 370.64905390933825,
    "velocity_penalty": -55.24722969118734,
    "angle_penalty": -13.058173894040134,
    "fuel_efficiency": 0.0,
    "terminal": 500.0
  },
  "diagnostics": {
    "generated_private_gap": 534.5065614567293,
    "action_mean": 1.7637305699481864,
    "action_std": 0.9166266362453468,
    "episode_length_mean": 289.5,
    "component_returns": {
      "shaping": 370.64905390933825,
      "velocity_penalty": -55.24722969118734,
      "angle_penalty": -13.058173894040134,
      "fuel_efficiency": 0.0,
      "terminal": 500.0
    },
    "ppo_n_envs": 1,
    "ppo_vec_env_type": "dummy",
    "ppo_total_timesteps": 2000000,
    "ppo_n_steps": 1024,
    "ppo_batch_size": 64,
    "ppo_n_epochs": 4,
    "ppo_gae_lambda": 0.98,
    "ppo_gamma": 0.999,
    "ppo_ent_coef": 0.01,
    "ppo_learning_rate": 0.0003,
    "ppo_clip_range": 0.2,
    "ppo_vf_coef": 0.5,
    "ppo_max_grad_norm": 0.5
  }
}