{
  "attribution": {
    "episode_reward_mean": 2893.4771920248,
    "episode_reward_std": 139.76045721966196,
    "component_stats": {
      "r_approach_region": {
        "sum": 8213.112121970864,
        "abs_sum": 8213.112121970864,
        "mean": 1.3688520203284773,
        "std": 0.2606866524868727,
        "min": 0.3996931524393905,
        "max": 1.5,
        "ratio": 0.46666621121735746,
        "trigger_rate": 1.0
      },
      "r_approach_progress": {
        "sum": 10.43519904636318,
        "abs_sum": 10.43519904636318,
        "mean": 0.0017391998410605301,
        "std": 0.0032822091580686366,
        "min": 0.0,
        "max": 0.014449324758339932,
        "ratio": 0.0005929244274211508,
        "trigger_rate": 0.36683333333333334
      },
      "r_stability": {
        "sum": 4374.475349561633,
        "abs_sum": 4374.475349561633,
        "mean": 0.7290792249269389,
        "std": 0.16306747512226163,
        "min": 0.24362647490045972,
        "max": 0.9771627428112297,
        "ratio": 0.2485561876091596,
        "trigger_rate": 1.0
      },
      "r_landing_quality": {
        "sum": 4882.180481569949,
        "abs_sum": 4882.180481569949,
        "mean": 0.8136967469283248,
        "std": 0.2870617914134305,
        "min": 0.10269139968572209,
        "max": 1.2507887323063018,
        "ratio": 0.2774038189152173,
        "trigger_rate": 1.0
      },
      "r_energy": {
        "sum": -119.33999999999999,
        "abs_sum": 119.33999999999999,
        "mean": -0.019889999999999998,
        "std": 0.001479155164274526,
        "min": -0.02,
        "max": -0.0,
        "ratio": 0.006780857830699538,
        "trigger_rate": 0.9945
      },
      "r_safe_contact_once": {
        "sum": 0.0,
        "abs_sum": 0.0,
        "mean": 0.0,
        "std": 0.0,
        "min": 0.0,
        "max": 0.0,
        "ratio": 0.0,
        "trigger_rate": 0.0
      },
      "r_stable_landing_once": {
        "sum": 0.0,
        "abs_sum": 0.0,
        "mean": 0.0,
        "std": 0.0,
        "min": 0.0,
        "max": 0.0,
        "ratio": 0.0,
        "trigger_rate": 0.0
      }
    },
    "dominant_component": "r_approach_region",
    "dominant_component_ratio": 0.46666621121735746
  },
  "diagnostics": {
    "hack_flags": {
      "high_reward_low_progress": false,
      "component_dominance": false,
      "repeated_event_exploitation": false,
      "shaping_goal_mismatch": true,
      "terminal_success_dominance": false,
      "unstable_contact_behavior": true,
      "reward_repetition_risk": false
    },
    "failure_modes": [
      "shaping_goal_mismatch"
    ],
    "hack_score": 0.2,
    "suspected_components": [],
    "dominant_component": "r_approach_region",
    "dominant_component_ratio": 0.46666621121735746,
    "raw_component_dominance": false,
    "benign_terminal_dominance": false,
    "repeated_event_details": {
      "flag": false,
      "event_toggle_counts": {},
      "max_event": null,
      "max_toggle_count": 0
    },
    "semantic_notes": [
      "contact_or_landing_toggles_observed_but_not_repeated_reward_exploitation"
    ]
  },
  "semantic_outcome": {
    "episode_count": 6,
    "semantic_score": 0.3868488245711412,
    "success_episode_rate": 0.0,
    "terminal_reward_paid_episode_rate": 0.0,
    "terminal_reward_payment_count_mean": 0.0,
    "terminal_reward_payment_count_max": 0,
    "safe_contact_episode_rate": 0.0,
    "stable_landing_episode_rate": 0.0,
    "progress_score_mean": 0.48684882457114126,
    "progress_score_std": 0.05304978684624312,
    "episode_length_mean": 1000.0,
    "episode_length_std": 0.0,
    "contact_toggle_mean": 9.833333333333334,
    "contact_toggle_max": 21.0,
    "reward_repetition_risk": false,
    "one_time_repeat_violations": [],
    "terminal_goal_evidence": false,
    "unstable_contact_behavior": true,
    "event_rule_payment_stats": {
      "r_stable_landing_once": {
        "episode_payment_counts": [
          0,
          0,
          0,
          0,
          0,
          0
        ],
        "episode_paid_rate": 0.0,
        "payment_count_mean": 0.0,
        "payment_count_max": 0,
        "one_time": true
      }
    },
    "terminal_rule_names": [
      "r_stable_landing_once"
    ],
    "one_time_rule_names": [
      "r_safe_contact_once",
      "r_stable_landing_once"
    ],
    "semantic_risks": [
      "unstable_contact_behavior"
    ]
  },
  "experiment_mode": {
    "use_memory": true,
    "use_attribution": true,
    "use_hack_detector": true,
    "use_llm_edit": true,
    "use_operator_constraints": true,
    "free_rewrite": false,
    "one_shot": false
  }
}