{
  "note": "Post-hoc oracle reward evaluation only. Not used by EG-RSA reward search.",
  "env_id": "LunarLander-v3",
  "num_episodes": 6,
  "return_mean": -31.981590227006794,
  "return_std": 26.617983990366824,
  "episode_length_mean": 1000.0,
  "episode_returns": [
    -34.58888018441154,
    -1.244740871859826,
    -80.45401443604038,
    -15.330665297474562,
    -11.888618596659459,
    -48.38262197559502
  ],
  "episode_lengths": [
    1000,
    1000,
    1000,
    1000,
    1000,
    1000
  ]
}