{
  "attribution": {
    "episode_reward_mean": 3607.8763217127075,
    "episode_reward_std": 203.71079621214932,
    "component_stats": {
      "r_approach_region": {
        "sum": 4010.443026634604,
        "abs_sum": 4010.443026634604,
        "mean": 0.6684071711057673,
        "std": 0.16240425027669458,
        "min": 0.19989132431748263,
        "max": 0.75,
        "ratio": 0.1832318620911647,
        "trigger_rate": 1.0
      },
      "r_approach_progress": {
        "sum": 8.640254670317574,
        "abs_sum": 8.640254670317574,
        "mean": 0.001440042445052929,
        "std": 0.0028194193734251763,
        "min": 0.0,
        "max": 0.014639791788109147,
        "ratio": 0.0003947618608891451,
        "trigger_rate": 0.24216666666666667
      },
      "r_stability": {
        "sum": 4040.961178216535,
        "abs_sum": 4040.961178216535,
        "mean": 0.6734935297027558,
        "std": 0.1261934903555593,
        "min": 0.2780624111944118,
        "max": 0.9729503749317587,
        "ratio": 0.1846261962594349,
        "trigger_rate": 1.0
      },
      "r_landing_quality": {
        "sum": 13507.213470754796,
        "abs_sum": 13507.213470754796,
        "mean": 2.2512022451257994,
        "std": 0.9485993201268258,
        "min": 0.21024279553826666,
        "max": 3.891801499727035,
        "ratio": 0.617126801072185,
        "trigger_rate": 1.0
      },
      "r_energy": {
        "sum": -120.0,
        "abs_sum": 120.0,
        "mean": -0.02,
        "std": 0.0,
        "min": -0.02,
        "max": -0.02,
        "ratio": 0.005482642018577939,
        "trigger_rate": 1.0
      },
      "r_safe_contact_once": {
        "sum": 40.0,
        "abs_sum": 40.0,
        "mean": 0.006666666666666667,
        "std": 0.25811280910141254,
        "min": 0.0,
        "max": 10.0,
        "ratio": 0.0018275473395259797,
        "trigger_rate": 0.0006666666666666666
      },
      "r_stable_landing_once": {
        "sum": 160.0,
        "abs_sum": 160.0,
        "mean": 0.02666666666666667,
        "std": 1.0324512364056502,
        "min": 0.0,
        "max": 40.0,
        "ratio": 0.007310189358103919,
        "trigger_rate": 0.0006666666666666666
      }
    },
    "dominant_component": "r_landing_quality",
    "dominant_component_ratio": 0.617126801072185
  },
  "diagnostics": {
    "hack_flags": {
      "high_reward_low_progress": false,
      "component_dominance": false,
      "repeated_event_exploitation": false,
      "shaping_goal_mismatch": false,
      "terminal_success_dominance": false,
      "unstable_contact_behavior": true,
      "reward_repetition_risk": false
    },
    "failure_modes": [],
    "hack_score": 0.0,
    "suspected_components": [],
    "dominant_component": "r_landing_quality",
    "dominant_component_ratio": 0.617126801072185,
    "raw_component_dominance": false,
    "benign_terminal_dominance": false,
    "repeated_event_details": {
      "flag": true,
      "event_toggle_counts": {
        "landing_region": 12,
        "right_contact": 169,
        "contact": 190,
        "left_contact": 190,
        "both_contact": 149,
        "safe_contact": 117,
        "stable_both_contact": 89,
        "stable_landing_condition": 89
      },
      "max_event": "contact",
      "max_toggle_count": 190
    },
    "semantic_notes": [
      "contact_or_landing_toggles_observed_but_not_repeated_reward_exploitation"
    ]
  },
  "semantic_outcome": {
    "episode_count": 6,
    "semantic_score": 2.885319591516037,
    "success_episode_rate": 0.6666666666666666,
    "terminal_reward_paid_episode_rate": 0.6666666666666666,
    "terminal_reward_payment_count_mean": 0.6666666666666666,
    "terminal_reward_payment_count_max": 1,
    "safe_contact_episode_rate": 0.6666666666666666,
    "stable_landing_episode_rate": 0.6666666666666666,
    "progress_score_mean": 0.6519862581827035,
    "progress_score_std": 0.1755582079557953,
    "episode_length_mean": 1000.0,
    "episode_length_std": 0.0,
    "contact_toggle_mean": 43.5,
    "contact_toggle_max": 80.0,
    "reward_repetition_risk": false,
    "one_time_repeat_violations": [],
    "terminal_goal_evidence": true,
    "unstable_contact_behavior": true,
    "event_rule_payment_stats": {
      "r_stable_landing_once": {
        "episode_payment_counts": [
          1,
          1,
          1,
          1,
          0,
          0
        ],
        "episode_paid_rate": 0.6666666666666666,
        "payment_count_mean": 0.6666666666666666,
        "payment_count_max": 1,
        "one_time": true
      }
    },
    "terminal_rule_names": [
      "r_stable_landing_once"
    ],
    "one_time_rule_names": [
      "r_safe_contact_once",
      "r_stable_landing_once"
    ],
    "semantic_risks": [
      "unstable_contact_behavior",
      "terminal_goal_evidence_present"
    ]
  },
  "experiment_mode": {
    "use_memory": true,
    "use_attribution": true,
    "use_hack_detector": true,
    "use_llm_edit": true,
    "use_operator_constraints": true,
    "free_rewrite": false,
    "one_shot": false
  }
}