{
  "note": "Post-hoc oracle reward evaluation only. Not used by EG-RSA reward search.",
  "env_id": "LunarLander-v2",
  "num_episodes": 6,
  "return_mean": 37.002118596842394,
  "return_std": 44.831975797219336,
  "episode_length_mean": 974.3333333333334,
  "episode_returns": [
    -18.017566592005252,
    18.51430721922471,
    80.58184431193874,
    10.497852911863589,
    17.802340822148505,
    112.63393290788406
  ],
  "episode_lengths": [
    1000,
    1000,
    954,
    1000,
    1000,
    892
  ]
}