{
  "attribution": {
    "episode_reward_mean": 232.7713597582849,
    "episode_reward_std": 61.73003945410088,
    "component_stats": {
      "r_approach_region": {
        "sum": 940.0878657082901,
        "abs_sum": 940.0878657082901,
        "mean": 0.48988424476721737,
        "std": 0.1675036487511281,
        "min": 0.15722852025098263,
        "max": 0.6000000000000001,
        "ratio": 0.48865919016594167,
        "trigger_rate": 1.0
      },
      "r_approach_progress": {
        "sum": 5.777821336943355,
        "abs_sum": 5.777821336943355,
        "mean": 0.003010850097417069,
        "std": 0.00570319485826971,
        "min": 0.0,
        "max": 0.02625478982321694,
        "ratio": 0.0030033208579998165,
        "trigger_rate": 0.32412714955706096
      },
      "r_stability": {
        "sum": 397.04855849551063,
        "abs_sum": 397.04855849551063,
        "mean": 0.20690388665737916,
        "std": 0.0779227279719126,
        "min": 0.06686446497491527,
        "max": 0.4535381007480275,
        "ratio": 0.20638648165593462,
        "trigger_rate": 1.0
      },
      "r_landing_quality": {
        "sum": 550.0766325255349,
        "abs_sum": 550.0766325255349,
        "mean": 0.2866475417016857,
        "std": 0.18685606889569553,
        "min": 0.03708038116306473,
        "max": 0.7854688423211387,
        "ratio": 0.2859307215678337,
        "trigger_rate": 1.0
      },
      "r_energy": {
        "sum": -30.82,
        "abs_sum": 30.82,
        "mean": -0.016060448150078167,
        "std": 0.00795430501176653,
        "min": -0.02,
        "max": -0.0,
        "ratio": 0.01602028575229754,
        "trigger_rate": 0.8030224075039083
      },
      "r_safe_contact_once": {
        "sum": 0.0,
        "abs_sum": 0.0,
        "mean": 0.0,
        "std": 0.0,
        "min": 0.0,
        "max": 0.0,
        "ratio": 0.0,
        "trigger_rate": 0.0
      },
      "r_stable_landing_once": {
        "sum": 0.0,
        "abs_sum": 0.0,
        "mean": 0.0,
        "std": 0.0,
        "min": 0.0,
        "max": 0.0,
        "ratio": 0.0,
        "trigger_rate": 0.0
      }
    },
    "dominant_component": "r_approach_region",
    "dominant_component_ratio": 0.48865919016594167
  },
  "diagnostics": {
    "hack_flags": {
      "high_reward_low_progress": false,
      "component_dominance": false,
      "repeated_event_exploitation": true,
      "shaping_goal_mismatch": true
    },
    "failure_modes": [
      "repeated_event_exploitation",
      "shaping_goal_mismatch"
    ],
    "hack_score": 0.5,
    "suspected_components": [],
    "dominant_component": "r_approach_region",
    "dominant_component_ratio": 0.48865919016594167,
    "repeated_event_details": {
      "flag": true,
      "event_toggle_counts": {
        "landing_region": 15,
        "right_contact": 18,
        "contact": 21,
        "left_contact": 15,
        "both_contact": 12
      },
      "max_event": "contact",
      "max_toggle_count": 21
    }
  },
  "experiment_mode": {
    "use_memory": true,
    "use_attribution": true,
    "use_hack_detector": true,
    "use_llm_edit": true,
    "use_operator_constraints": true,
    "free_rewrite": false,
    "one_shot": false
  }
}