{
  "attribution": {
    "episode_reward_mean": 470.6161551261745,
    "episode_reward_std": 523.572157645624,
    "component_stats": {
      "r_approach_region": {
        "sum": 1275.5691617388436,
        "abs_sum": 1275.5691617388436,
        "mean": 0.5081948851549177,
        "std": 0.15697386473293456,
        "min": 0.15723543360827807,
        "max": 0.6000000000000001,
        "ratio": 0.33261522624445355,
        "trigger_rate": 1.0
      },
      "r_approach_progress": {
        "sum": 11.555449955475467,
        "abs_sum": 11.555449955475467,
        "mean": 0.004603764922500186,
        "std": 0.009710167106338652,
        "min": 0.0,
        "max": 0.06183723589686596,
        "ratio": 0.0030131793058225755,
        "trigger_rate": 0.2760956175298805
      },
      "r_stability": {
        "sum": 1281.0717249093104,
        "abs_sum": 1281.0717249093104,
        "mean": 0.5103871413981317,
        "std": 0.21818595701363222,
        "min": 0.16758967160658758,
        "max": 0.9907796768640527,
        "ratio": 0.3340500651765694,
        "trigger_rate": 1.0
      },
      "r_landing_quality": {
        "sum": 1021.7529044057651,
        "abs_sum": 1021.7529044057651,
        "mean": 0.40707287028118133,
        "std": 0.26477480166257805,
        "min": 0.034210273337707084,
        "max": 0.9907796768640527,
        "ratio": 0.2664305344302696,
        "trigger_rate": 1.0
      },
      "r_energy": {
        "sum": -35.02,
        "abs_sum": 35.02,
        "mean": -0.013952191235059763,
        "std": 0.00918586873635351,
        "min": -0.02,
        "max": -0.0,
        "ratio": 0.009131755119575069,
        "trigger_rate": 0.697609561752988
      },
      "r_safe_contact_once": {
        "sum": 10.0,
        "abs_sum": 10.0,
        "mean": 0.00398406374501992,
        "std": 0.19956143085845726,
        "min": 0.0,
        "max": 10.0,
        "ratio": 0.0026075828439677522,
        "trigger_rate": 0.00039840637450199205
      },
      "r_stable_landing_once": {
        "sum": 200.0,
        "abs_sum": 200.0,
        "mean": 0.0796812749003984,
        "std": 3.9912286171691456,
        "min": 0.0,
        "max": 200.0,
        "ratio": 0.052151656879355045,
        "trigger_rate": 0.00039840637450199205
      }
    },
    "dominant_component": "r_stability",
    "dominant_component_ratio": 0.3340500651765694
  },
  "diagnostics": {
    "hack_flags": {
      "high_reward_low_progress": false,
      "component_dominance": false,
      "repeated_event_exploitation": true,
      "shaping_goal_mismatch": false
    },
    "failure_modes": [
      "repeated_event_exploitation"
    ],
    "hack_score": 0.25,
    "suspected_components": [],
    "dominant_component": "r_stability",
    "dominant_component_ratio": 0.3340500651765694,
    "repeated_event_details": {
      "flag": true,
      "event_toggle_counts": {
        "landing_region": 9,
        "right_contact": 19,
        "contact": 23,
        "safe_contact": 4,
        "left_contact": 16,
        "both_contact": 12,
        "stable_both_contact": 2,
        "stable_landing_condition": 2
      },
      "max_event": "contact",
      "max_toggle_count": 23
    }
  },
  "experiment_mode": {
    "use_memory": true,
    "use_attribution": true,
    "use_hack_detector": true,
    "use_llm_edit": true,
    "use_operator_constraints": true,
    "free_rewrite": false,
    "one_shot": false
  }
}