{
  "note": "Post-hoc oracle reward evaluation only. Not used by EG-RSA reward search.",
  "env_id": "LunarLander-v3",
  "num_episodes": 8,
  "return_mean": 41.0318144026197,
  "return_std": 82.07171427590052,
  "episode_length_mean": 261.625,
  "episode_returns": [
    223.96889978875475,
    25.934614125016807,
    -22.58157813701827,
    122.75049780934805,
    12.879537766563189,
    -23.495935705698244,
    -14.602022212165153,
    3.400501786156454
  ],
  "episode_lengths": [
    249,
    91,
    175,
    1000,
    98,
    224,
    130,
    126
  ]
}