{
  "note": "Post-hoc oracle reward evaluation only. Not used by EG-RSA reward search.",
  "env_id": "LunarLander-v2",
  "num_episodes": 8,
  "return_mean": -0.6493366389168926,
  "return_std": 89.32393360448557,
  "episode_length_mean": 200.375,
  "episode_returns": [
    2.3861685991323043,
    -126.53550535815282,
    -7.1311683449075645,
    7.336205966098248,
    -11.679212125930079,
    -6.704115364079499,
    -69.50565703635769,
    206.63859055286196
  ],
  "episode_lengths": [
    206,
    78,
    191,
    196,
    80,
    226,
    91,
    535
  ]
}