{
  "attribution": {
    "episode_reward_mean": 615.1817909535181,
    "episode_reward_std": 312.5964673124093,
    "component_stats": {
      "r_approach_region": {
        "sum": 487.1947256420304,
        "abs_sum": 487.1947256420304,
        "mean": 0.08134825941593428,
        "std": 0.0187458518562661,
        "min": 0.023861924906378316,
        "max": 0.09000000000000001,
        "ratio": 0.07623163974877134,
        "trigger_rate": 1.0
      },
      "r_approach_progress": {
        "sum": 28.680758962498516,
        "abs_sum": 28.680758962498516,
        "mean": 0.004788906155033981,
        "std": 0.01027379903946516,
        "min": 0.0,
        "max": 0.05315370289543786,
        "ratio": 0.004487694898727188,
        "trigger_rate": 0.20988478877942895
      },
      "r_stability": {
        "sum": 819.321851861675,
        "abs_sum": 819.321851861675,
        "mean": 0.13680445013552764,
        "std": 0.038267306328947044,
        "min": 0.03987637784818998,
        "max": 0.19959186771615509,
        "ratio": 0.12819976276858758,
        "trigger_rate": 1.0
      },
      "r_landing_quality": {
        "sum": 1476.2005730689748,
        "abs_sum": 1476.2005730689748,
        "mean": 0.2464853185955877,
        "std": 0.11340623349100845,
        "min": 0.016637432482248225,
        "max": 0.39918373543231017,
        "ratio": 0.23098195518193768,
        "trigger_rate": 1.0
      },
      "r_energy": {
        "sum": -119.57999999999998,
        "abs_sum": 119.57999999999998,
        "mean": -0.01996660544331274,
        "std": 0.0008165634925275933,
        "min": -0.02,
        "max": -0.0,
        "ratio": 0.01871075157709313,
        "trigger_rate": 0.998330272165637
      },
      "r_safe_contact_once": {
        "sum": 100.0,
        "abs_sum": 100.0,
        "mean": 0.01669727834362999,
        "std": 0.40828174626379654,
        "min": 0.0,
        "max": 10.0,
        "ratio": 0.01564705768280075,
        "trigger_rate": 0.0016697278343629988
      },
      "r_stable_landing_once": {
        "sum": 3360.0,
        "abs_sum": 3360.0,
        "mean": 0.5610285523459676,
        "std": 16.400577797428873,
        "min": 0.0,
        "max": 480.0,
        "ratio": 0.5257411381421051,
        "trigger_rate": 0.0011688094840540991
      }
    },
    "dominant_component": "r_stable_landing_once",
    "dominant_component_ratio": 0.5257411381421051
  },
  "diagnostics": {
    "hack_flags": {
      "high_reward_low_progress": false,
      "component_dominance": false,
      "repeated_event_exploitation": false,
      "shaping_goal_mismatch": false,
      "terminal_success_dominance": false,
      "unstable_contact_behavior": true,
      "reward_repetition_risk": false
    },
    "failure_modes": [],
    "hack_score": 0.0,
    "suspected_components": [],
    "dominant_component": "r_stable_landing_once",
    "dominant_component_ratio": 0.5257411381421051,
    "raw_component_dominance": false,
    "benign_terminal_dominance": false,
    "repeated_event_details": {
      "flag": true,
      "event_toggle_counts": {
        "landing_region": 12,
        "left_contact": 12,
        "contact": 30,
        "safe_contact": 39,
        "right_contact": 145,
        "both_contact": 127,
        "stable_both_contact": 124,
        "stable_landing_condition": 124
      },
      "max_event": "right_contact",
      "max_toggle_count": 145
    },
    "semantic_notes": [
      "contact_or_landing_toggles_observed_but_not_repeated_reward_exploitation"
    ]
  },
  "semantic_outcome": {
    "episode_count": 10,
    "semantic_score": 3.1255670517274217,
    "success_episode_rate": 0.7,
    "terminal_reward_paid_episode_rate": 0.7,
    "terminal_reward_payment_count_mean": 0.7,
    "terminal_reward_payment_count_max": 1,
    "safe_contact_episode_rate": 1.0,
    "stable_landing_episode_rate": 0.7,
    "progress_score_mean": 0.735457051727422,
    "progress_score_std": 0.17442795873492217,
    "episode_length_mean": 598.9,
    "episode_length_std": 219.42035001339323,
    "contact_toggle_mean": 24.2,
    "contact_toggle_max": 62.0,
    "reward_repetition_risk": false,
    "one_time_repeat_violations": [],
    "terminal_goal_evidence": true,
    "unstable_contact_behavior": true,
    "event_rule_payment_stats": {
      "r_stable_landing_once": {
        "episode_payment_counts": [
          1,
          1,
          1,
          1,
          1,
          0,
          0,
          1,
          0,
          1
        ],
        "episode_paid_rate": 0.7,
        "payment_count_mean": 0.7,
        "payment_count_max": 1,
        "one_time": true
      }
    },
    "terminal_rule_names": [
      "r_stable_landing_once"
    ],
    "one_time_rule_names": [
      "r_safe_contact_once",
      "r_stable_landing_once"
    ],
    "semantic_risks": [
      "unstable_contact_behavior",
      "terminal_goal_evidence_present"
    ]
  },
  "experiment_mode": {
    "use_memory": true,
    "use_attribution": true,
    "use_hack_detector": true,
    "use_llm_edit": true,
    "use_operator_constraints": true,
    "free_rewrite": false,
    "one_shot": false
  }
}