{
  "note": "Post-hoc oracle reward evaluation only. Not used by EG-RSA reward search.",
  "env_id": "LunarLander-v3",
  "num_episodes": 10,
  "return_mean": 156.33470811568424,
  "return_std": 78.40013677670976,
  "episode_length_mean": 517.1,
  "episode_returns": [
    17.100955435948578,
    126.42902209350663,
    179.94092877139937,
    187.10441932629465,
    207.32344660221054,
    188.85931997281426,
    231.6525736012347,
    173.81166747696216,
    6.920901757295226,
    244.2038461191761
  ],
  "episode_lengths": [
    444,
    1000,
    434,
    597,
    588,
    434,
    440,
    458,
    377,
    399
  ]
}