{
  "attribution": {
    "episode_reward_mean": 727.3024508666415,
    "episode_reward_std": 56.88471708039422,
    "component_stats": {
      "horizontal_approach": {
        "sum": 2665.1782348296038,
        "abs_sum": 2665.1782348296038,
        "mean": 0.9136709752586917,
        "std": 0.08244003677948004,
        "min": 0.654094398021698,
        "max": 0.9999042510971776,
        "ratio": 0.35035751913156665,
        "trigger_rate": 1.0
      },
      "vertical_approach": {
        "sum": 1540.1790789551596,
        "abs_sum": 1540.1790789551596,
        "mean": 0.5280010555211381,
        "std": 0.3859213257036255,
        "min": 0.0,
        "max": 1.0,
        "ratio": 0.20246800535483542,
        "trigger_rate": 0.7888241343846417
      },
      "descent_rate": {
        "sum": 797.317200437014,
        "abs_sum": 797.317200437014,
        "mean": 0.2733346590459424,
        "std": 0.28813331869143594,
        "min": 4.536733821142782e-11,
        "max": 0.9999639529234853,
        "ratio": 0.10481328139913242,
        "trigger_rate": 0.9965718203633871
      },
      "attitude_stability": {
        "sum": 2427.349994444637,
        "abs_sum": 2427.349994444637,
        "mean": 0.8321391821887683,
        "std": 0.18195989198353518,
        "min": 0.03384715244053261,
        "max": 0.9999999744901081,
        "ratio": 0.31909322648810295,
        "trigger_rate": 1.0
      },
      "control_cost": {
        "sum": -167.0,
        "abs_sum": 167.0,
        "mean": -0.057250599931436406,
        "std": 0.049471494829186786,
        "min": -0.1,
        "max": -0.0,
        "ratio": 0.021953393184119412,
        "trigger_rate": 0.5725059993143641
      },
      "landing_bonus": {
        "sum": 10.0,
        "abs_sum": 10.0,
        "mean": 0.0034281796366129585,
        "std": 0.05845021147089266,
        "min": 0.0,
        "max": 1.0,
        "ratio": 0.001314574442162839,
        "trigger_rate": 0.0034281796366129585
      }
    },
    "dominant_component": "horizontal_approach",
    "dominant_component_ratio": 0.35035751913156665
  },
  "diagnostics": {
    "hack_flags": {
      "high_reward_low_progress": false,
      "component_dominance": false,
      "repeated_event_exploitation": false,
      "shaping_goal_mismatch": true,
      "terminal_success_dominance": false,
      "unstable_contact_behavior": true,
      "reward_repetition_risk": false
    },
    "failure_modes": [
      "shaping_goal_mismatch"
    ],
    "hack_score": 0.2,
    "suspected_components": [],
    "dominant_component": "horizontal_approach",
    "dominant_component_ratio": 0.35035751913156665,
    "raw_component_dominance": false,
    "benign_terminal_dominance": false,
    "repeated_event_details": {
      "flag": false,
      "event_toggle_counts": {},
      "max_event": null,
      "max_toggle_count": 0
    },
    "semantic_notes": [
      "contact_or_landing_toggles_observed_but_not_repeated_reward_exploitation"
    ]
  },
  "semantic_outcome": {
    "episode_count": 10,
    "semantic_score": 1.9689784085293438,
    "success_episode_rate": 0.0,
    "terminal_reward_paid_episode_rate": 1.0,
    "terminal_reward_payment_count_mean": 1.0,
    "terminal_reward_payment_count_max": 1,
    "safe_contact_episode_rate": 0.0,
    "stable_landing_episode_rate": 0.0,
    "progress_score_mean": 0.9981484085293436,
    "progress_score_std": 0.0011068957574125599,
    "episode_length_mean": 291.7,
    "episode_length_std": 19.71319355152787,
    "contact_toggle_mean": 145.2,
    "contact_toggle_max": 163.0,
    "reward_repetition_risk": false,
    "one_time_repeat_violations": [],
    "terminal_goal_evidence": true,
    "unstable_contact_behavior": true,
    "event_rule_payment_stats": {
      "landing_bonus": {
        "episode_payment_counts": [
          1,
          1,
          1,
          1,
          1,
          1,
          1,
          1,
          1,
          1
        ],
        "episode_paid_rate": 1.0,
        "payment_count_mean": 1.0,
        "payment_count_max": 1,
        "one_time": true
      }
    },
    "terminal_rule_names": [
      "landing_bonus"
    ],
    "one_time_rule_names": [
      "landing_bonus"
    ],
    "semantic_risks": [
      "unstable_contact_behavior",
      "terminal_goal_evidence_present"
    ]
  },
  "experiment_mode": {
    "use_memory": true,
    "use_attribution": true,
    "use_hack_detector": true,
    "use_llm_edit": true,
    "use_operator_constraints": true,
    "free_rewrite": false,
    "one_shot": false
  }
}