{
  "note": "Post-hoc oracle reward evaluation only. Not used by EG-RSA reward search.",
  "env_id": "LunarLander-v3",
  "num_episodes": 10,
  "return_mean": 245.52276625389237,
  "return_std": 71.298620415034,
  "episode_length_mean": 293.4,
  "episode_returns": [
    278.7105317969239,
    278.9819017709917,
    257.3400332404664,
    260.5700073267727,
    241.88582449483926,
    279.6412563672337,
    292.6710626798057,
    35.84916094213531,
    256.35473924990254,
    273.2231446698519
  ],
  "episode_lengths": [
    293,
    289,
    271,
    285,
    300,
    302,
    317,
    263,
    296,
    318
  ]
}