{
  "attribution": {
    "episode_reward_mean": 220.72431504626005,
    "episode_reward_std": 25.72460631889115,
    "component_stats": {
      "r_approach_region": {
        "sum": 678.6179835528701,
        "abs_sum": 678.6179835528701,
        "mean": 0.2873065129351694,
        "std": 0.09954930258931083,
        "min": 0.09434068546269916,
        "max": 0.36000000000000004,
        "ratio": 0.3704500368375551,
        "trigger_rate": 1.0
      },
      "r_approach_progress": {
        "sum": 11.555452656558034,
        "abs_sum": 11.555452656558034,
        "mean": 0.004892232284740912,
        "std": 0.007550957582843361,
        "min": 0.0,
        "max": 0.032209117377548946,
        "ratio": 0.006307993548719511,
        "trigger_rate": 0.3911939034716342
      },
      "r_stability": {
        "sum": 660.150402995636,
        "abs_sum": 660.150402995636,
        "mean": 0.279487892885536,
        "std": 0.09382174984579161,
        "min": 0.11429851690522727,
        "max": 0.5008019129051478,
        "ratio": 0.36036878926744137,
        "trigger_rate": 1.0
      },
      "r_landing_quality": {
        "sum": 448.51068116501705,
        "abs_sum": 448.51068116501705,
        "mean": 0.18988597847799196,
        "std": 0.12141313585321696,
        "min": 0.02108654321290775,
        "max": 0.42941994052491134,
        "ratio": 0.24483701049262419,
        "trigger_rate": 1.0
      },
      "r_energy": {
        "sum": -33.04,
        "abs_sum": 33.04,
        "mean": -0.013988145639288739,
        "std": 0.009170315935660136,
        "min": -0.02,
        "max": -0.0,
        "ratio": 0.01803616985366738,
        "trigger_rate": 0.6994072819644369
      },
      "r_safe_contact_once": {
        "sum": 0.0,
        "abs_sum": 0.0,
        "mean": 0.0,
        "std": 0.0,
        "min": 0.0,
        "max": 0.0,
        "ratio": 0.0,
        "trigger_rate": 0.0
      },
      "r_stable_landing_once": {
        "sum": 0.0,
        "abs_sum": 0.0,
        "mean": 0.0,
        "std": 0.0,
        "min": 0.0,
        "max": 0.0,
        "ratio": 0.0,
        "trigger_rate": 0.0
      }
    },
    "dominant_component": "r_approach_region",
    "dominant_component_ratio": 0.3704500368375551
  },
  "diagnostics": {
    "hack_flags": {
      "high_reward_low_progress": false,
      "component_dominance": false,
      "repeated_event_exploitation": true,
      "shaping_goal_mismatch": true
    },
    "failure_modes": [
      "repeated_event_exploitation",
      "shaping_goal_mismatch"
    ],
    "hack_score": 0.5,
    "suspected_components": [],
    "dominant_component": "r_approach_region",
    "dominant_component_ratio": 0.3704500368375551,
    "repeated_event_details": {
      "flag": true,
      "event_toggle_counts": {
        "landing_region": 3,
        "right_contact": 21,
        "contact": 14,
        "left_contact": 8,
        "both_contact": 11
      },
      "max_event": "right_contact",
      "max_toggle_count": 21
    }
  },
  "experiment_mode": {
    "use_memory": true,
    "use_attribution": true,
    "use_hack_detector": true,
    "use_llm_edit": true,
    "use_operator_constraints": true,
    "free_rewrite": false,
    "one_shot": false
  }
}