{
  "memory_id": "iter_004_to_005",
  "env_family": "landing_control",
  "failure_modes": [
    "repeated_event_exploitation",
    "shaping_goal_mismatch"
  ],
  "reward_attribution": {
    "episode_reward_mean": 220.72431504626005,
    "episode_reward_std": 25.72460631889115,
    "component_stats": {
      "r_approach_region": {
        "sum": 678.6179835528701,
        "abs_sum": 678.6179835528701,
        "mean": 0.2873065129351694,
        "std": 0.09954930258931083,
        "min": 0.09434068546269916,
        "max": 0.36000000000000004,
        "ratio": 0.3704500368375551,
        "trigger_rate": 1.0
      },
      "r_approach_progress": {
        "sum": 11.555452656558034,
        "abs_sum": 11.555452656558034,
        "mean": 0.004892232284740912,
        "std": 0.007550957582843361,
        "min": 0.0,
        "max": 0.032209117377548946,
        "ratio": 0.006307993548719511,
        "trigger_rate": 0.3911939034716342
      },
      "r_stability": {
        "sum": 660.150402995636,
        "abs_sum": 660.150402995636,
        "mean": 0.279487892885536,
        "std": 0.09382174984579161,
        "min": 0.11429851690522727,
        "max": 0.5008019129051478,
        "ratio": 0.36036878926744137,
        "trigger_rate": 1.0
      },
      "r_landing_quality": {
        "sum": 448.51068116501705,
        "abs_sum": 448.51068116501705,
        "mean": 0.18988597847799196,
        "std": 0.12141313585321696,
        "min": 0.02108654321290775,
        "max": 0.42941994052491134,
        "ratio": 0.24483701049262419,
        "trigger_rate": 1.0
      },
      "r_energy": {
        "sum": -33.04,
        "abs_sum": 33.04,
        "mean": -0.013988145639288739,
        "std": 0.009170315935660136,
        "min": -0.02,
        "max": -0.0,
        "ratio": 0.01803616985366738,
        "trigger_rate": 0.6994072819644369
      },
      "r_safe_contact_once": {
        "sum": 0.0,
        "abs_sum": 0.0,
        "mean": 0.0,
        "std": 0.0,
        "min": 0.0,
        "max": 0.0,
        "ratio": 0.0,
        "trigger_rate": 0.0
      },
      "r_stable_landing_once": {
        "sum": 0.0,
        "abs_sum": 0.0,
        "mean": 0.0,
        "std": 0.0,
        "min": 0.0,
        "max": 0.0,
        "ratio": 0.0,
        "trigger_rate": 0.0
      }
    },
    "dominant_component": "r_approach_region",
    "dominant_component_ratio": 0.3704500368375551
  },
  "edit_plan": [],
  "outcome": {
    "status": "not_applicable",
    "before": {
      "task_score": -0.021654517201138958,
      "hack_score": 0.5
    },
    "after": {},
    "delta": {},
    "note": "No edit was generated for this iteration."
  },
  "lesson": "Rollback applied after mixed/rejected previous edit; edit generation skipped to rebase on best accepted schema.",
  "metadata": {
    "config_path": "configs/eg_rsa_deepseek_aligned_balanced_5x500k.yml",
    "iteration": 4,
    "validation_errors": [],
    "validation_warnings": [],
    "candidate_evaluation": {},
    "gate_result": {},
    "reflection_report": {},
    "structural_response": {},
    "outcome_decision": {
      "decision": "reject",
      "continuation": "rollback_to_best_schema",
      "reason": "Outcome degraded task proxy or increased hack risk beyond tolerance.",
      "task_delta": -0.5425982931539253,
      "hack_delta": 0.25,
      "accepted_for_best": false,
      "rollback_recommended": true
    },
    "rollback_applied": true,
    "experiment_mode": {
      "use_memory": true,
      "use_attribution": true,
      "use_hack_detector": true,
      "use_llm_edit": true,
      "use_operator_constraints": true,
      "free_rewrite": false,
      "one_shot": false
    },
    "edit_generated": false,
    "edit_decision": "rollback",
    "next_action": "rollback_to_best_schema",
    "agent_analysis": {
      "reflection_report": {},
      "diagnostic_analysis": {},
      "memory_reflection": {},
      "reward_editor": {},
      "auditor_check": {},
      "distilled_lessons": {}
    }
  }
}