{
  "note": "Post-hoc oracle reward evaluation only. Not used by EG-RSA reward search.",
  "env_id": "LunarLander-v2",
  "num_episodes": 8,
  "return_mean": 32.76021704966118,
  "return_std": 90.13626085328718,
  "episode_length_mean": 280.25,
  "episode_returns": [
    -25.589790573795938,
    31.666088277709775,
    -35.614486571865356,
    -1.2783458347702634,
    263.077830394099,
    -10.671652254907912,
    4.261982840978646,
    36.23011011984144
  ],
  "episode_lengths": [
    254,
    106,
    235,
    254,
    820,
    274,
    100,
    199
  ]
}