{
  "attribution": {
    "episode_reward_mean": 1983.3057281991846,
    "episode_reward_std": 79.55765343879142,
    "component_stats": {
      "r_approach_region": {
        "sum": 8145.904932839174,
        "abs_sum": 8145.904932839174,
        "mean": 0.8145904932839174,
        "std": 0.19504795400723549,
        "min": 0.39767983183742767,
        "max": 1.1204043028972732,
        "ratio": 0.4026037597435911,
        "trigger_rate": 1.0
      },
      "r_approach_progress": {
        "sum": 9.551190129320787,
        "abs_sum": 9.551190129320787,
        "mean": 0.0009551190129320787,
        "std": 0.0006746263063233345,
        "min": 0.0,
        "max": 0.00541900743119228,
        "ratio": 0.00047205867092659133,
        "trigger_rate": 0.8655
      },
      "r_stability": {
        "sum": 7141.298774068836,
        "abs_sum": 7141.298774068836,
        "mean": 0.7141298774068836,
        "std": 0.14220098134114414,
        "min": 0.230481818302336,
        "max": 0.9784142094573117,
        "ratio": 0.35295203658733576,
        "trigger_rate": 1.0
      },
      "r_landing_quality": {
        "sum": 4736.302384954508,
        "abs_sum": 4736.302384954508,
        "mean": 0.4736302384954508,
        "std": 0.18121216283504543,
        "min": 0.09123712459321978,
        "max": 0.8837168251706271,
        "ratio": 0.23408733138757704,
        "trigger_rate": 1.0
      },
      "r_energy": {
        "sum": -200.0,
        "abs_sum": 200.0,
        "mean": -0.02,
        "std": 0.0,
        "min": -0.02,
        "max": -0.02,
        "ratio": 0.009884813610346606,
        "trigger_rate": 1.0
      },
      "r_safe_contact_once": {
        "sum": 0.0,
        "abs_sum": 0.0,
        "mean": 0.0,
        "std": 0.0,
        "min": 0.0,
        "max": 0.0,
        "ratio": 0.0,
        "trigger_rate": 0.0
      },
      "r_stable_landing_once": {
        "sum": 0.0,
        "abs_sum": 0.0,
        "mean": 0.0,
        "std": 0.0,
        "min": 0.0,
        "max": 0.0,
        "ratio": 0.0,
        "trigger_rate": 0.0
      },
      "r_enter_landing_region_once": {
        "sum": 0.0,
        "abs_sum": 0.0,
        "mean": 0.0,
        "std": 0.0,
        "min": 0.0,
        "max": 0.0,
        "ratio": 0.0,
        "trigger_rate": 0.0
      }
    },
    "dominant_component": "r_approach_region",
    "dominant_component_ratio": 0.4026037597435911
  },
  "diagnostics": {
    "hack_flags": {
      "high_reward_low_progress": false,
      "component_dominance": false,
      "repeated_event_exploitation": false,
      "shaping_goal_mismatch": true,
      "terminal_success_dominance": false,
      "unstable_contact_behavior": true,
      "reward_repetition_risk": false
    },
    "failure_modes": [
      "shaping_goal_mismatch"
    ],
    "hack_score": 0.2,
    "suspected_components": [],
    "dominant_component": "r_approach_region",
    "dominant_component_ratio": 0.4026037597435911,
    "raw_component_dominance": false,
    "benign_terminal_dominance": false,
    "repeated_event_details": {
      "flag": false,
      "event_toggle_counts": {},
      "max_event": null,
      "max_toggle_count": 0
    },
    "semantic_notes": [
      "contact_or_landing_toggles_observed_but_not_repeated_reward_exploitation"
    ]
  },
  "semantic_outcome": {
    "episode_count": 10,
    "semantic_score": 0.2571666267340258,
    "success_episode_rate": 0.0,
    "terminal_reward_paid_episode_rate": 0.0,
    "terminal_reward_payment_count_mean": 0.0,
    "terminal_reward_payment_count_max": 0,
    "safe_contact_episode_rate": 0.0,
    "stable_landing_episode_rate": 0.0,
    "progress_score_mean": 0.3571666267340258,
    "progress_score_std": 0.04601116722132403,
    "episode_length_mean": 1000.0,
    "episode_length_std": 0.0,
    "contact_toggle_mean": 8.8,
    "contact_toggle_max": 19.0,
    "reward_repetition_risk": false,
    "one_time_repeat_violations": [],
    "terminal_goal_evidence": false,
    "unstable_contact_behavior": true,
    "event_rule_payment_stats": {
      "r_enter_landing_region_once": {
        "episode_payment_counts": [
          0,
          0,
          0,
          0,
          0,
          0,
          0,
          0,
          0,
          0
        ],
        "episode_paid_rate": 0.0,
        "payment_count_mean": 0.0,
        "payment_count_max": 0,
        "one_time": true
      },
      "r_stable_landing_once": {
        "episode_payment_counts": [
          0,
          0,
          0,
          0,
          0,
          0,
          0,
          0,
          0,
          0
        ],
        "episode_paid_rate": 0.0,
        "payment_count_mean": 0.0,
        "payment_count_max": 0,
        "one_time": true
      }
    },
    "terminal_rule_names": [
      "r_enter_landing_region_once",
      "r_stable_landing_once"
    ],
    "one_time_rule_names": [
      "r_enter_landing_region_once",
      "r_safe_contact_once",
      "r_stable_landing_once"
    ],
    "semantic_risks": [
      "unstable_contact_behavior"
    ]
  },
  "experiment_mode": {
    "use_memory": true,
    "use_attribution": true,
    "use_hack_detector": true,
    "use_llm_edit": true,
    "use_operator_constraints": true,
    "free_rewrite": false,
    "one_shot": false
  }
}