{
  "memory_id": "iter_007_to_008",
  "env_family": "landing_control",
  "failure_modes": [
    "shaping_goal_mismatch"
  ],
  "reward_attribution": {
    "episode_reward_mean": 1983.3057281991846,
    "episode_reward_std": 79.55765343879142,
    "component_stats": {
      "r_approach_region": {
        "sum": 8145.904932839174,
        "abs_sum": 8145.904932839174,
        "mean": 0.8145904932839174,
        "std": 0.19504795400723549,
        "min": 0.39767983183742767,
        "max": 1.1204043028972732,
        "ratio": 0.4026037597435911,
        "trigger_rate": 1.0
      },
      "r_approach_progress": {
        "sum": 9.551190129320787,
        "abs_sum": 9.551190129320787,
        "mean": 0.0009551190129320787,
        "std": 0.0006746263063233345,
        "min": 0.0,
        "max": 0.00541900743119228,
        "ratio": 0.00047205867092659133,
        "trigger_rate": 0.8655
      },
      "r_stability": {
        "sum": 7141.298774068836,
        "abs_sum": 7141.298774068836,
        "mean": 0.7141298774068836,
        "std": 0.14220098134114414,
        "min": 0.230481818302336,
        "max": 0.9784142094573117,
        "ratio": 0.35295203658733576,
        "trigger_rate": 1.0
      },
      "r_landing_quality": {
        "sum": 4736.302384954508,
        "abs_sum": 4736.302384954508,
        "mean": 0.4736302384954508,
        "std": 0.18121216283504543,
        "min": 0.09123712459321978,
        "max": 0.8837168251706271,
        "ratio": 0.23408733138757704,
        "trigger_rate": 1.0
      },
      "r_energy": {
        "sum": -200.0,
        "abs_sum": 200.0,
        "mean": -0.02,
        "std": 0.0,
        "min": -0.02,
        "max": -0.02,
        "ratio": 0.009884813610346606,
        "trigger_rate": 1.0
      },
      "r_safe_contact_once": {
        "sum": 0.0,
        "abs_sum": 0.0,
        "mean": 0.0,
        "std": 0.0,
        "min": 0.0,
        "max": 0.0,
        "ratio": 0.0,
        "trigger_rate": 0.0
      },
      "r_stable_landing_once": {
        "sum": 0.0,
        "abs_sum": 0.0,
        "mean": 0.0,
        "std": 0.0,
        "min": 0.0,
        "max": 0.0,
        "ratio": 0.0,
        "trigger_rate": 0.0
      },
      "r_enter_landing_region_once": {
        "sum": 0.0,
        "abs_sum": 0.0,
        "mean": 0.0,
        "std": 0.0,
        "min": 0.0,
        "max": 0.0,
        "ratio": 0.0,
        "trigger_rate": 0.0
      }
    },
    "dominant_component": "r_approach_region",
    "dominant_component_ratio": 0.4026037597435911
  },
  "edit_plan": [],
  "outcome": {
    "status": "not_applicable",
    "before": {
      "task_score": 0.2571666267340259,
      "semantic_score": 0.2571666267340258,
      "selection_score": 0.3143332534680517,
      "hack_score": 0.2,
      "true_hack_risk": true,
      "terminal_goal_evidence": false,
      "reward_repetition_risk": false,
      "high_reward_low_progress": false,
      "shaping_goal_mismatch": true,
      "unstable_contact_behavior": true,
      "benign_terminal_dominance": false,
      "success_episode_rate": 0.0,
      "terminal_reward_paid_episode_rate": 0.0,
      "safe_contact_episode_rate": 0.0,
      "stable_landing_episode_rate": 0.0
    },
    "after": {},
    "delta": {},
    "note": "No edit was generated for this iteration."
  },
  "lesson": "Rollback/final iteration; edit generation skipped.",
  "metadata": {
    "config_path": "configs/eg_rsa_deepseek_aligned_balanced_10x1m_gpu.yml",
    "iteration": 7,
    "validation_errors": [],
    "validation_warnings": [],
    "candidate_evaluation": {},
    "gate_result": {},
    "reflection_report": {},
    "semantic_outcome": {
      "episode_count": 10,
      "semantic_score": 0.2571666267340258,
      "success_episode_rate": 0.0,
      "terminal_reward_paid_episode_rate": 0.0,
      "terminal_reward_payment_count_mean": 0.0,
      "terminal_reward_payment_count_max": 0,
      "safe_contact_episode_rate": 0.0,
      "stable_landing_episode_rate": 0.0,
      "progress_score_mean": 0.3571666267340258,
      "progress_score_std": 0.04601116722132403,
      "episode_length_mean": 1000.0,
      "episode_length_std": 0.0,
      "contact_toggle_mean": 8.8,
      "contact_toggle_max": 19.0,
      "reward_repetition_risk": false,
      "one_time_repeat_violations": [],
      "terminal_goal_evidence": false,
      "unstable_contact_behavior": true,
      "event_rule_payment_stats": {
        "r_enter_landing_region_once": {
          "episode_payment_counts": [
            0,
            0,
            0,
            0,
            0,
            0,
            0,
            0,
            0,
            0
          ],
          "episode_paid_rate": 0.0,
          "payment_count_mean": 0.0,
          "payment_count_max": 0,
          "one_time": true
        },
        "r_stable_landing_once": {
          "episode_payment_counts": [
            0,
            0,
            0,
            0,
            0,
            0,
            0,
            0,
            0,
            0
          ],
          "episode_paid_rate": 0.0,
          "payment_count_mean": 0.0,
          "payment_count_max": 0,
          "one_time": true
        }
      },
      "terminal_rule_names": [
        "r_enter_landing_region_once",
        "r_stable_landing_once"
      ],
      "one_time_rule_names": [
        "r_enter_landing_region_once",
        "r_safe_contact_once",
        "r_stable_landing_once"
      ],
      "semantic_risks": [
        "unstable_contact_behavior"
      ]
    },
    "structural_response": {},
    "outcome_decision": {
      "decision": "mixed_tradeoff",
      "continuation": "rollback_to_best_schema",
      "reason": "Hack risk improved, but internal task/semantic evidence dropped enough that this schema should not be the next base.",
      "task_delta": -0.4179086928302037,
      "hack_delta": -0.2,
      "semantic_delta": -0.4179086928302037,
      "accepted_for_best": false,
      "rollback_recommended": true
    },
    "rollback_applied": true,
    "experiment_mode": {
      "use_memory": true,
      "use_attribution": true,
      "use_hack_detector": true,
      "use_llm_edit": true,
      "use_operator_constraints": true,
      "free_rewrite": false,
      "one_shot": false
    },
    "edit_generated": false,
    "edit_decision": "rollback",
    "next_action": "rollback_to_best_schema",
    "agent_analysis": {
      "reflection_report": {},
      "diagnostic_analysis": {},
      "memory_reflection": {},
      "reward_editor": {},
      "auditor_check": {},
      "distilled_lessons": {}
    }
  }
}