{
  "note": "Post-hoc oracle reward evaluation only. Not used by EG-RSA reward search.",
  "env_id": "LunarLander-v3",
  "num_episodes": 10,
  "return_mean": -52.19722460976753,
  "return_std": 23.880229805606387,
  "episode_length_mean": 1000.0,
  "episode_returns": [
    -26.3015360220424,
    -34.04464593165232,
    -90.85798584918307,
    -61.96690829620755,
    -40.95490209575628,
    -76.81732546817253,
    -29.461257986522007,
    -88.7027121387306,
    -32.3531577955783,
    -40.51181451383027
  ],
  "episode_lengths": [
    1000,
    1000,
    1000,
    1000,
    1000,
    1000,
    1000,
    1000,
    1000,
    1000
  ]
}