{
  "attribution": {
    "episode_reward_mean": 942.0665577413217,
    "episode_reward_std": 492.2829313779862,
    "component_stats": {
      "r_approach_region": {
        "sum": 576.2401527026902,
        "abs_sum": 576.2401527026902,
        "mean": 0.2442730617645995,
        "std": 0.08236051953322655,
        "min": 0.07861641514168495,
        "max": 0.30000000000000004,
        "ratio": 0.07589884445306523,
        "trigger_rate": 1.0
      },
      "r_approach_progress": {
        "sum": 11.555630111871196,
        "abs_sum": 11.555630111871196,
        "mean": 0.004898529085150994,
        "std": 0.008905605754418984,
        "min": 0.0,
        "max": 0.04825369666390178,
        "ratio": 0.001522037241425252,
        "trigger_rate": 0.34378974141585417
      },
      "r_stability": {
        "sum": 479.4318951915934,
        "abs_sum": 479.4318951915934,
        "mean": 0.20323522475268901,
        "std": 0.07325460708351748,
        "min": 0.06820320343924362,
        "max": 0.3999036704245651,
        "ratio": 0.06314785019460366,
        "trigger_rate": 1.0
      },
      "r_landing_quality": {
        "sum": 437.1447839244197,
        "abs_sum": 437.1447839244197,
        "mean": 0.1853093615618566,
        "std": 0.12690510421627504,
        "min": 0.017157983739057827,
        "max": 0.4998795880307063,
        "ratio": 0.05757804936523896,
        "trigger_rate": 1.0
      },
      "r_energy": {
        "sum": -27.840000000000003,
        "abs_sum": 27.840000000000003,
        "mean": -0.011801610852055958,
        "std": 0.009836371197639616,
        "min": -0.02,
        "max": -0.0,
        "ratio": 0.0036669152950602277,
        "trigger_rate": 0.5900805426027977
      },
      "r_safe_contact_once": {
        "sum": 60.0,
        "abs_sum": 60.0,
        "mean": 0.02543450614667232,
        "std": 0.503684571298147,
        "min": 0.0,
        "max": 10.0,
        "ratio": 0.007902834687629801,
        "trigger_rate": 0.002543450614667232
      },
      "r_stable_landing_once": {
        "sum": 6000.0,
        "abs_sum": 6000.0,
        "mean": 2.5434506146672318,
        "std": 50.36845712981469,
        "min": 0.0,
        "max": 1000.0,
        "ratio": 0.7902834687629801,
        "trigger_rate": 0.002543450614667232
      }
    },
    "dominant_component": "r_stable_landing_once",
    "dominant_component_ratio": 0.7902834687629801
  },
  "diagnostics": {
    "hack_flags": {
      "high_reward_low_progress": false,
      "component_dominance": true,
      "repeated_event_exploitation": true,
      "shaping_goal_mismatch": false
    },
    "failure_modes": [
      "single_component_dominance",
      "repeated_event_exploitation"
    ],
    "hack_score": 0.5,
    "suspected_components": [
      "r_stable_landing_once"
    ],
    "dominant_component": "r_stable_landing_once",
    "dominant_component_ratio": 0.7902834687629801,
    "repeated_event_details": {
      "flag": true,
      "event_toggle_counts": {
        "landing_region": 7,
        "right_contact": 13,
        "contact": 12,
        "left_contact": 14,
        "both_contact": 11,
        "safe_contact": 7,
        "stable_both_contact": 8,
        "stable_landing_condition": 8
      },
      "max_event": "left_contact",
      "max_toggle_count": 14
    }
  },
  "experiment_mode": {
    "use_memory": true,
    "use_attribution": true,
    "use_hack_detector": true,
    "use_llm_edit": true,
    "use_operator_constraints": true,
    "free_rewrite": false,
    "one_shot": false
  }
}