{
  "attribution": {
    "episode_reward_mean": 280.4081633967938,
    "episode_reward_std": 82.55912682851468,
    "component_stats": {
      "r_approach_region": {
        "sum": 807.1782158936707,
        "abs_sum": 807.1782158936707,
        "mean": 0.4692896604032969,
        "std": 0.1735383811177483,
        "min": 0.15724248266597415,
        "max": 0.6000000000000001,
        "ratio": 0.3513220015175184,
        "trigger_rate": 1.0
      },
      "r_approach_progress": {
        "sum": 5.7777828660249595,
        "abs_sum": 5.7777828660249595,
        "mean": 0.0033591760848982323,
        "std": 0.005577295639816068,
        "min": 0.0,
        "max": 0.028613466228424644,
        "ratio": 0.0025147634077043847,
        "trigger_rate": 0.3901162790697674
      },
      "r_stability": {
        "sum": 397.7098024665013,
        "abs_sum": 397.7098024665013,
        "mean": 0.23122662934098911,
        "std": 0.11317732937394205,
        "min": 0.058947061282813344,
        "max": 0.49997494592851305,
        "ratio": 0.17310204992459055,
        "trigger_rate": 1.0
      },
      "r_landing_quality": {
        "sum": 609.7395059481532,
        "abs_sum": 609.7395059481532,
        "mean": 0.3544997127605542,
        "std": 0.2913495955043406,
        "min": 0.03501546390273665,
        "max": 0.9999498918570261,
        "ratio": 0.2653873697481282,
        "trigger_rate": 1.0
      },
      "r_energy": {
        "sum": -27.139999999999997,
        "abs_sum": 27.139999999999997,
        "mean": -0.01577906976744186,
        "std": 0.008161026444206604,
        "min": -0.02,
        "max": -0.0,
        "ratio": 0.011812607096474808,
        "trigger_rate": 0.788953488372093
      },
      "r_safe_contact_once": {
        "sum": 50.0,
        "abs_sum": 50.0,
        "mean": 0.029069767441860465,
        "std": 0.5383796272515156,
        "min": 0.0,
        "max": 10.0,
        "ratio": 0.021762356478398692,
        "trigger_rate": 0.0029069767441860465
      },
      "r_stable_landing_once": {
        "sum": 160.0,
        "abs_sum": 160.0,
        "mean": 0.09302325581395349,
        "std": 1.9267269932286488,
        "min": 0.0,
        "max": 40.0,
        "ratio": 0.06963954073087582,
        "trigger_rate": 0.002325581395348837
      },
      "r_landing_region_once": {
        "sum": 240.0,
        "abs_sum": 240.0,
        "mean": 0.13953488372093023,
        "std": 2.0412193727899246,
        "min": 0.0,
        "max": 30.0,
        "ratio": 0.10445931109631372,
        "trigger_rate": 0.004651162790697674
      }
    },
    "dominant_component": "r_approach_region",
    "dominant_component_ratio": 0.3513220015175184
  },
  "diagnostics": {
    "hack_flags": {
      "high_reward_low_progress": false,
      "component_dominance": false,
      "repeated_event_exploitation": true,
      "shaping_goal_mismatch": false
    },
    "failure_modes": [
      "repeated_event_exploitation"
    ],
    "hack_score": 0.25,
    "suspected_components": [],
    "dominant_component": "r_approach_region",
    "dominant_component_ratio": 0.3513220015175184,
    "repeated_event_details": {
      "flag": true,
      "event_toggle_counts": {
        "landing_region": 11,
        "left_contact": 10,
        "contact": 18,
        "right_contact": 19,
        "both_contact": 9,
        "safe_contact": 7,
        "stable_both_contact": 4,
        "stable_landing_condition": 4
      },
      "max_event": "right_contact",
      "max_toggle_count": 19
    }
  },
  "experiment_mode": {
    "use_memory": true,
    "use_attribution": true,
    "use_hack_detector": true,
    "use_llm_edit": true,
    "use_operator_constraints": true,
    "free_rewrite": false,
    "one_shot": false
  }
}