{
  "memory_id": "iter_002_to_003",
  "env_family": "landing_control",
  "failure_modes": [
    "single_component_dominance",
    "repeated_event_exploitation"
  ],
  "reward_attribution": {
    "episode_reward_mean": 942.0665577413217,
    "episode_reward_std": 492.2829313779862,
    "component_stats": {
      "r_approach_region": {
        "sum": 576.2401527026902,
        "abs_sum": 576.2401527026902,
        "mean": 0.2442730617645995,
        "std": 0.08236051953322655,
        "min": 0.07861641514168495,
        "max": 0.30000000000000004,
        "ratio": 0.07589884445306523,
        "trigger_rate": 1.0
      },
      "r_approach_progress": {
        "sum": 11.555630111871196,
        "abs_sum": 11.555630111871196,
        "mean": 0.004898529085150994,
        "std": 0.008905605754418984,
        "min": 0.0,
        "max": 0.04825369666390178,
        "ratio": 0.001522037241425252,
        "trigger_rate": 0.34378974141585417
      },
      "r_stability": {
        "sum": 479.4318951915934,
        "abs_sum": 479.4318951915934,
        "mean": 0.20323522475268901,
        "std": 0.07325460708351748,
        "min": 0.06820320343924362,
        "max": 0.3999036704245651,
        "ratio": 0.06314785019460366,
        "trigger_rate": 1.0
      },
      "r_landing_quality": {
        "sum": 437.1447839244197,
        "abs_sum": 437.1447839244197,
        "mean": 0.1853093615618566,
        "std": 0.12690510421627504,
        "min": 0.017157983739057827,
        "max": 0.4998795880307063,
        "ratio": 0.05757804936523896,
        "trigger_rate": 1.0
      },
      "r_energy": {
        "sum": -27.840000000000003,
        "abs_sum": 27.840000000000003,
        "mean": -0.011801610852055958,
        "std": 0.009836371197639616,
        "min": -0.02,
        "max": -0.0,
        "ratio": 0.0036669152950602277,
        "trigger_rate": 0.5900805426027977
      },
      "r_safe_contact_once": {
        "sum": 60.0,
        "abs_sum": 60.0,
        "mean": 0.02543450614667232,
        "std": 0.503684571298147,
        "min": 0.0,
        "max": 10.0,
        "ratio": 0.007902834687629801,
        "trigger_rate": 0.002543450614667232
      },
      "r_stable_landing_once": {
        "sum": 6000.0,
        "abs_sum": 6000.0,
        "mean": 2.5434506146672318,
        "std": 50.36845712981469,
        "min": 0.0,
        "max": 1000.0,
        "ratio": 0.7902834687629801,
        "trigger_rate": 0.002543450614667232
      }
    },
    "dominant_component": "r_stable_landing_once",
    "dominant_component_ratio": 0.7902834687629801
  },
  "edit_plan": [],
  "outcome": {
    "status": "not_applicable",
    "before": {
      "task_score": 1.7339071052838544,
      "hack_score": 0.5
    },
    "after": {},
    "delta": {},
    "note": "No edit was generated for this iteration."
  },
  "lesson": "Rollback applied after mixed/rejected previous edit; edit generation skipped to rebase on best accepted schema.",
  "metadata": {
    "config_path": "configs/eg_rsa_deepseek_aligned_balanced_5x500k.yml",
    "iteration": 2,
    "validation_errors": [],
    "validation_warnings": [],
    "candidate_evaluation": {},
    "gate_result": {},
    "reflection_report": {},
    "structural_response": {},
    "outcome_decision": {
      "decision": "reject",
      "continuation": "rollback_to_best_schema",
      "reason": "Outcome degraded task proxy or increased hack risk beyond tolerance.",
      "task_delta": 1.212963329331068,
      "hack_delta": 0.25,
      "accepted_for_best": false,
      "rollback_recommended": true
    },
    "rollback_applied": true,
    "experiment_mode": {
      "use_memory": true,
      "use_attribution": true,
      "use_hack_detector": true,
      "use_llm_edit": true,
      "use_operator_constraints": true,
      "free_rewrite": false,
      "one_shot": false
    },
    "edit_generated": false,
    "edit_decision": "rollback",
    "next_action": "rollback_to_best_schema",
    "agent_analysis": {
      "reflection_report": {},
      "diagnostic_analysis": {},
      "memory_reflection": {},
      "reward_editor": {},
      "auditor_check": {},
      "distilled_lessons": {}
    }
  }
}