{
  "note": "Post-hoc oracle reward evaluation only. Not used by EG-RSA reward search.",
  "env_id": "LunarLander-v2",
  "num_episodes": 8,
  "return_mean": 220.7724968035521,
  "return_std": 99.98286763770533,
  "episode_length_mean": 406.25,
  "episode_returns": [
    218.37136367397193,
    313.569985841272,
    239.7648657024052,
    18.347258277851466,
    291.53740261256416,
    100.31865359922938,
    304.71867286474895,
    279.5517718563734
  ],
  "episode_lengths": [
    823,
    242,
    234,
    162,
    254,
    1000,
    238,
    297
  ]
}