{
  "note": "Post-hoc oracle reward evaluation only. Not used by EG-RSA reward search.",
  "env_id": "LunarLander-v3",
  "num_episodes": 8,
  "return_mean": 201.18899389696077,
  "return_std": 101.44571435304255,
  "episode_length_mean": 376.375,
  "episode_returns": [
    278.4660490215789,
    164.63967816876442,
    241.20848153766877,
    283.85234640277014,
    301.7586674030656,
    259.35935651642,
    15.629825938803336,
    64.59754618661503
  ],
  "episode_lengths": [
    206,
    1000,
    203,
    199,
    798,
    228,
    175,
    202
  ]
}