{
  "memory_id": "iter_004_to_005",
  "env_family": "landing_control",
  "failure_modes": [
    "repeated_event_exploitation",
    "shaping_goal_mismatch"
  ],
  "reward_attribution": {
    "episode_reward_mean": 2066.820334225681,
    "episode_reward_std": 1334.0054271854124,
    "component_stats": {
      "r_approach_region": {
        "sum": 7446.126507380131,
        "abs_sum": 7446.126507380131,
        "mean": 1.346983811031138,
        "std": 0.2928176429925519,
        "min": 0.39307596668686784,
        "max": 1.5,
        "ratio": 0.4462274052039905,
        "trigger_rate": 1.0
      },
      "r_approach_progress": {
        "sum": 11.54731403708875,
        "abs_sum": 11.54731403708875,
        "mean": 0.002088877358373508,
        "std": 0.007802921638766811,
        "min": 0.0,
        "max": 0.07308873715758857,
        "ratio": 0.0006920011330372469,
        "trigger_rate": 0.1248191027496382
      },
      "r_stability": {
        "sum": 3890.553033924291,
        "abs_sum": 3890.553033924291,
        "mean": 0.7037903462236417,
        "std": 0.2065852286823498,
        "min": 0.14609101013152972,
        "max": 0.981384664399553,
        "ratio": 0.2331509387351752,
        "trigger_rate": 1.0
      },
      "r_landing_quality": {
        "sum": 5262.475818463927,
        "abs_sum": 5262.475818463927,
        "mean": 0.9519674056555584,
        "std": 0.5209908445389552,
        "min": 0.0827197614859885,
        "max": 1.954690707040905,
        "ratio": 0.31536677856526557,
        "trigger_rate": 1.0
      },
      "r_energy": {
        "sum": -76.14,
        "abs_sum": 76.14,
        "mean": -0.013773516642547034,
        "std": 0.009260700413490364,
        "min": -0.02,
        "max": -0.0,
        "ratio": 0.004562876362435853,
        "trigger_rate": 0.6886758321273516
      },
      "r_safe_contact_once": {
        "sum": 0.0,
        "abs_sum": 0.0,
        "mean": 0.0,
        "std": 0.0,
        "min": 0.0,
        "max": 0.0,
        "ratio": 0.0,
        "trigger_rate": 0.0
      },
      "r_stable_landing_once": {
        "sum": 0.0,
        "abs_sum": 0.0,
        "mean": 0.0,
        "std": 0.0,
        "min": 0.0,
        "max": 0.0,
        "ratio": 0.0,
        "trigger_rate": 0.0
      }
    },
    "dominant_component": "r_approach_region",
    "dominant_component_ratio": 0.4462274052039905
  },
  "edit_plan": [],
  "outcome": {
    "status": "not_applicable",
    "before": {
      "task_score": -0.22596077083603988,
      "hack_score": 0.5
    },
    "after": {},
    "delta": {},
    "note": "No edit was generated for this iteration."
  },
  "lesson": "Final iteration; edit generation skipped.",
  "metadata": {
    "config_path": "configs/eg_rsa_deepseek_aligned_long_5x500k.yml",
    "iteration": 4,
    "validation_errors": [],
    "validation_warnings": [],
    "candidate_evaluation": {},
    "gate_result": {},
    "structural_response": {},
    "outcome_decision": {},
    "rollback_applied": false,
    "experiment_mode": {
      "use_memory": true,
      "use_attribution": true,
      "use_hack_detector": true,
      "use_llm_edit": true,
      "use_operator_constraints": true,
      "free_rewrite": false,
      "one_shot": false
    },
    "edit_generated": false,
    "edit_decision": "final",
    "next_action": "final_iteration",
    "agent_analysis": {
      "diagnostic_analysis": {},
      "memory_reflection": {},
      "reward_editor": {},
      "auditor_check": {},
      "distilled_lessons": {}
    }
  }
}