{
  "attribution": {
    "episode_reward_mean": 1700.9170520537748,
    "episode_reward_std": 1234.9589251912716,
    "component_stats": {
      "r_approach_region": {
        "sum": 3578.123414541841,
        "abs_sum": 3578.123414541841,
        "mean": 0.9226723606348224,
        "std": 0.22751498147439167,
        "min": 0.27983587354447376,
        "max": 1.0499999999999998,
        "ratio": 0.3465876729361709,
        "trigger_rate": 1.0
      },
      "r_approach_progress": {
        "sum": 9.663042522653388,
        "abs_sum": 9.663042522653388,
        "mean": 0.00249175928897715,
        "std": 0.0077853740421337456,
        "min": 0.0,
        "max": 0.05329894097794097,
        "ratio": 0.0009359910303257487,
        "trigger_rate": 0.17483238782877772
      },
      "r_stability": {
        "sum": 2578.486489970266,
        "abs_sum": 2578.486489970266,
        "mean": 0.6649011062326627,
        "std": 0.1925173013423625,
        "min": 0.1266380974635977,
        "max": 0.979814253158388,
        "ratio": 0.24975986815440224,
        "trigger_rate": 1.0
      },
      "r_landing_quality": {
        "sum": 4098.409365287893,
        "abs_sum": 4098.409365287893,
        "mean": 1.0568358342671205,
        "std": 0.588442569189742,
        "min": 0.08223764786116636,
        "max": 1.959628506316776,
        "ratio": 0.3969841171162682,
        "trigger_rate": 1.0
      },
      "r_energy": {
        "sum": -59.18,
        "abs_sum": 59.18,
        "mean": -0.015260443527591542,
        "std": 0.00850457135269146,
        "min": -0.02,
        "max": -0.0,
        "ratio": 0.005732350762694114,
        "trigger_rate": 0.7630221763795771
      },
      "r_safe_contact_once": {
        "sum": 0.0,
        "abs_sum": 0.0,
        "mean": 0.0,
        "std": 0.0,
        "min": 0.0,
        "max": 0.0,
        "ratio": 0.0,
        "trigger_rate": 0.0
      },
      "r_stable_landing_once": {
        "sum": 0.0,
        "abs_sum": 0.0,
        "mean": 0.0,
        "std": 0.0,
        "min": 0.0,
        "max": 0.0,
        "ratio": 0.0,
        "trigger_rate": 0.0
      }
    },
    "dominant_component": "r_landing_quality",
    "dominant_component_ratio": 0.3969841171162682
  },
  "diagnostics": {
    "hack_flags": {
      "high_reward_low_progress": false,
      "component_dominance": false,
      "repeated_event_exploitation": true,
      "shaping_goal_mismatch": true,
      "terminal_success_dominance": false,
      "unstable_contact_behavior": true,
      "reward_repetition_risk": false
    },
    "failure_modes": [
      "repeated_event_exploitation",
      "shaping_goal_mismatch"
    ],
    "hack_score": 0.4,
    "suspected_components": [],
    "dominant_component": "r_landing_quality",
    "dominant_component_ratio": 0.3969841171162682,
    "raw_component_dominance": false,
    "benign_terminal_dominance": false,
    "repeated_event_details": {
      "flag": true,
      "event_toggle_counts": {
        "landing_region": 14,
        "left_contact": 4,
        "contact": 3,
        "right_contact": 5,
        "both_contact": 6
      },
      "max_event": "landing_region",
      "max_toggle_count": 14
    },
    "semantic_notes": []
  },
  "semantic_outcome": {
    "episode_count": 6,
    "semantic_score": 0.367463476166306,
    "success_episode_rate": 0.0,
    "terminal_reward_paid_episode_rate": 0.0,
    "terminal_reward_payment_count_mean": 0.0,
    "terminal_reward_payment_count_max": 0,
    "safe_contact_episode_rate": 0.0,
    "stable_landing_episode_rate": 0.0,
    "progress_score_mean": 0.4320968094996393,
    "progress_score_std": 0.31690050569071687,
    "episode_length_mean": 646.3333333333334,
    "episode_length_std": 364.9761027184596,
    "contact_toggle_mean": 272.1666666666667,
    "contact_toggle_max": 517.0,
    "reward_repetition_risk": false,
    "one_time_repeat_violations": [],
    "terminal_goal_evidence": false,
    "unstable_contact_behavior": true,
    "event_rule_payment_stats": {
      "r_stable_landing_once": {
        "episode_payment_counts": [
          0,
          0,
          0,
          0,
          0,
          0
        ],
        "episode_paid_rate": 0.0,
        "payment_count_mean": 0.0,
        "payment_count_max": 0,
        "one_time": true
      }
    },
    "terminal_rule_names": [
      "r_stable_landing_once"
    ],
    "one_time_rule_names": [
      "r_safe_contact_once",
      "r_stable_landing_once"
    ],
    "semantic_risks": [
      "unstable_contact_behavior"
    ]
  },
  "experiment_mode": {
    "use_memory": true,
    "use_attribution": true,
    "use_hack_detector": true,
    "use_llm_edit": true,
    "use_operator_constraints": true,
    "free_rewrite": false,
    "one_shot": false
  }
}