{
  "note": "Post-hoc oracle reward evaluation only. Not used by EG-RSA reward search.",
  "env_id": "LunarLander-v3",
  "num_episodes": 10,
  "return_mean": 37.91699148803046,
  "return_std": 97.04224283466657,
  "episode_length_mean": 861.4,
  "episode_returns": [
    -38.429242736312005,
    231.5846139131853,
    -55.50130044340241,
    4.726462749059228,
    220.82881475667,
    -29.20422115427454,
    14.05469914208992,
    21.857281205200852,
    3.7200410294993507,
    5.532766418588877
  ],
  "episode_lengths": [
    1000,
    317,
    1000,
    1000,
    297,
    1000,
    1000,
    1000,
    1000,
    1000
  ]
}