{
  "tool": "trajectory_inspector",
  "num_episodes": 6,
  "success_count": 0,
  "success_rate": 0.0,
  "episode_length_mean": 646.3333333333334,
  "safe_contact_rate_mean": 0.0,
  "stable_landing_rate_mean": 0.0,
  "contact_toggle_mean": 272.1666666666667,
  "contact_toggle_max": 517,
  "worst_episodes": [
    {
      "episode": 3,
      "success": 0.0,
      "progress_score": 0.062102028081547016,
      "episode_length": 114,
      "safe_contact_rate": 0.0,
      "stable_landing_rate": 0.0,
      "contact_rate": 0.11403508771929824,
      "both_contact_rate": 0.043859649122807015,
      "contact_toggle_count": 4,
      "episode_reward": 125.92714170713134,
      "oracle_reward_posthoc": -43.99150124764999
    },
    {
      "episode": 0,
      "success": 0.0,
      "progress_score": 0.12121438489601913,
      "episode_length": 361,
      "safe_contact_rate": 0.0,
      "stable_landing_rate": 0.0,
      "contact_rate": 0.04986149584487535,
      "both_contact_rate": 0.01662049861495845,
      "contact_toggle_count": 108,
      "episode_reward": 776.5714215110146,
      "oracle_reward_posthoc": -70.14837409807637
    },
    {
      "episode": 5,
      "success": 0.0,
      "progress_score": 0.17113350804907096,
      "episode_length": 403,
      "safe_contact_rate": 0.0,
      "stable_landing_rate": 0.0,
      "contact_rate": 0.18114143920595532,
      "both_contact_rate": 0.01240694789081886,
      "contact_toggle_count": 72,
      "episode_reward": 687.1527872588895,
      "oracle_reward_posthoc": 149.49867057141995
    }
  ],
  "best_episodes": []
}