{
  "attribution": {
    "episode_reward_mean": 1077.434581866482,
    "episode_reward_std": 589.6048247762257,
    "component_stats": {
      "horizontal_approach": {
        "sum": 3676.9551096961513,
        "abs_sum": 3676.9551096961513,
        "mean": 0.8133057088467488,
        "std": 0.12211521776977326,
        "min": 0.5170972943305969,
        "max": 0.9999320983915823,
        "ratio": 0.3242537503480598,
        "trigger_rate": 1.0
      },
      "vertical_approach": {
        "sum": 3199.21317956064,
        "abs_sum": 3199.21317956064,
        "mean": 0.7076339702633577,
        "std": 0.36066999071163164,
        "min": 0.0,
        "max": 1.0,
        "ratio": 0.28212388802353405,
        "trigger_rate": 0.8785666887856669
      },
      "descent_rate": {
        "sum": 868.4409271663508,
        "abs_sum": 868.4409271663508,
        "mean": 0.19209045060082963,
        "std": 0.3073449181533632,
        "min": 4.536733821142782e-11,
        "max": 0.999997084874689,
        "ratio": 0.07658380893660281,
        "trigger_rate": 0.997788099977881
      },
      "attitude_stability": {
        "sum": 3302.436602241676,
        "abs_sum": 3302.436602241676,
        "mean": 0.730465959354496,
        "std": 0.2731326771734889,
        "min": 4.627480355483861e-06,
        "max": 0.9999700409233735,
        "ratio": 0.2912266866516236,
        "trigger_rate": 1.0
      },
      "control_cost": {
        "sum": -282.7,
        "abs_sum": 282.7,
        "mean": -0.06253041362530413,
        "std": 0.04840442887152779,
        "min": -0.1,
        "max": -0.0,
        "ratio": 0.024930012058529443,
        "trigger_rate": 0.6253041362530414
      },
      "landing_bonus": {
        "sum": 10.0,
        "abs_sum": 10.0,
        "mean": 0.0022119000221190004,
        "std": 0.04697879862673321,
        "min": 0.0,
        "max": 1.0,
        "ratio": 0.0008818539815539244,
        "trigger_rate": 0.0022119000221190004
      }
    },
    "dominant_component": "horizontal_approach",
    "dominant_component_ratio": 0.3242537503480598
  },
  "diagnostics": {
    "hack_flags": {
      "high_reward_low_progress": false,
      "component_dominance": false,
      "repeated_event_exploitation": false,
      "shaping_goal_mismatch": true,
      "terminal_success_dominance": false,
      "unstable_contact_behavior": true,
      "reward_repetition_risk": false
    },
    "failure_modes": [
      "shaping_goal_mismatch"
    ],
    "hack_score": 0.2,
    "suspected_components": [],
    "dominant_component": "horizontal_approach",
    "dominant_component_ratio": 0.3242537503480598,
    "raw_component_dominance": false,
    "benign_terminal_dominance": false,
    "repeated_event_details": {
      "flag": false,
      "event_toggle_counts": {},
      "max_event": null,
      "max_toggle_count": 0
    },
    "semantic_notes": [
      "contact_or_landing_toggles_observed_but_not_repeated_reward_exploitation"
    ]
  },
  "semantic_outcome": {
    "episode_count": 10,
    "semantic_score": 1.8865494078686473,
    "success_episode_rate": 0.0,
    "terminal_reward_paid_episode_rate": 1.0,
    "terminal_reward_payment_count_mean": 1.0,
    "terminal_reward_payment_count_max": 1,
    "safe_contact_episode_rate": 0.0,
    "stable_landing_episode_rate": 0.0,
    "progress_score_mean": 0.9317594078686472,
    "progress_score_std": 0.09140557838037375,
    "episode_length_mean": 452.1,
    "episode_length_std": 277.2808864671346,
    "contact_toggle_mean": 234.8,
    "contact_toggle_max": 743.0,
    "reward_repetition_risk": false,
    "one_time_repeat_violations": [],
    "terminal_goal_evidence": true,
    "unstable_contact_behavior": true,
    "event_rule_payment_stats": {
      "landing_bonus": {
        "episode_payment_counts": [
          1,
          1,
          1,
          1,
          1,
          1,
          1,
          1,
          1,
          1
        ],
        "episode_paid_rate": 1.0,
        "payment_count_mean": 1.0,
        "payment_count_max": 1,
        "one_time": true
      }
    },
    "terminal_rule_names": [
      "landing_bonus"
    ],
    "one_time_rule_names": [
      "landing_bonus"
    ],
    "semantic_risks": [
      "unstable_contact_behavior",
      "terminal_goal_evidence_present"
    ]
  },
  "experiment_mode": {
    "use_memory": true,
    "use_attribution": true,
    "use_hack_detector": true,
    "use_llm_edit": true,
    "use_operator_constraints": true,
    "free_rewrite": false,
    "one_shot": false
  }
}