{
  "memory_id": "iter_000_to_001",
  "env_family": "landing_control",
  "failure_modes": [
    "shaping_goal_mismatch"
  ],
  "reward_attribution": {
    "episode_reward_mean": 1077.434581866482,
    "episode_reward_std": 589.6048247762257,
    "component_stats": {
      "horizontal_approach": {
        "sum": 3676.9551096961513,
        "abs_sum": 3676.9551096961513,
        "mean": 0.8133057088467488,
        "std": 0.12211521776977326,
        "min": 0.5170972943305969,
        "max": 0.9999320983915823,
        "ratio": 0.3242537503480598,
        "trigger_rate": 1.0
      },
      "vertical_approach": {
        "sum": 3199.21317956064,
        "abs_sum": 3199.21317956064,
        "mean": 0.7076339702633577,
        "std": 0.36066999071163164,
        "min": 0.0,
        "max": 1.0,
        "ratio": 0.28212388802353405,
        "trigger_rate": 0.8785666887856669
      },
      "descent_rate": {
        "sum": 868.4409271663508,
        "abs_sum": 868.4409271663508,
        "mean": 0.19209045060082963,
        "std": 0.3073449181533632,
        "min": 4.536733821142782e-11,
        "max": 0.999997084874689,
        "ratio": 0.07658380893660281,
        "trigger_rate": 0.997788099977881
      },
      "attitude_stability": {
        "sum": 3302.436602241676,
        "abs_sum": 3302.436602241676,
        "mean": 0.730465959354496,
        "std": 0.2731326771734889,
        "min": 4.627480355483861e-06,
        "max": 0.9999700409233735,
        "ratio": 0.2912266866516236,
        "trigger_rate": 1.0
      },
      "control_cost": {
        "sum": -282.7,
        "abs_sum": 282.7,
        "mean": -0.06253041362530413,
        "std": 0.04840442887152779,
        "min": -0.1,
        "max": -0.0,
        "ratio": 0.024930012058529443,
        "trigger_rate": 0.6253041362530414
      },
      "landing_bonus": {
        "sum": 10.0,
        "abs_sum": 10.0,
        "mean": 0.0022119000221190004,
        "std": 0.04697879862673321,
        "min": 0.0,
        "max": 1.0,
        "ratio": 0.0008818539815539244,
        "trigger_rate": 0.0022119000221190004
      }
    },
    "dominant_component": "horizontal_approach",
    "dominant_component_ratio": 0.3242537503480598
  },
  "edit_plan": [],
  "outcome": {
    "status": "not_applicable",
    "before": {
      "task_score": 0.8865494078686472,
      "semantic_score": 1.8865494078686473,
      "selection_score": 2.5730988157372945,
      "hack_score": 0.2,
      "true_hack_risk": true,
      "terminal_goal_evidence": true,
      "reward_repetition_risk": false,
      "high_reward_low_progress": false,
      "shaping_goal_mismatch": true,
      "unstable_contact_behavior": true,
      "benign_terminal_dominance": false,
      "success_episode_rate": 0.0,
      "terminal_reward_paid_episode_rate": 1.0,
      "safe_contact_episode_rate": 0.0,
      "stable_landing_episode_rate": 0.0
    },
    "after": {},
    "delta": {},
    "note": "No schema transition was committed for this iteration."
  },
  "lesson": "Final iteration; edit generation skipped.",
  "metadata": {
    "config_path": "configs/generated_landing_1M_3seeds/eg_rsa_landing_v2_1_1M_seed2.yml",
    "iteration": 0,
    "schema_snapshot": {
      "version": 2,
      "components": [
        {
          "name": "horizontal_approach",
          "type": "formula_component",
          "weight": 1.0,
          "inputs": [],
          "params": {
            "formula_ast": {
              "op": "sub",
              "left": {
                "const": 1.0
              },
              "right": {
                "op": "min",
                "args": [
                  {
                    "op": "abs",
                    "arg": {
                      "var": "x_pos"
                    }
                  },
                  {
                    "const": 1.0
                  }
                ]
              }
            }
          },
          "clip": [
            0.0,
            1.0
          ],
          "enabled": true,
          "semantic_role": "dense_guidance",
          "reward_timing": "dense",
          "behavior_channel": "progress",
          "formula_ast": {
            "op": "sub",
            "left": {
              "const": 1.0
            },
            "right": {
              "op": "min",
              "args": [
                {
                  "op": "abs",
                  "arg": {
                    "var": "x_pos"
                  }
                },
                {
                  "const": 1.0
                }
              ]
            }
          }
        },
        {
          "name": "vertical_approach",
          "type": "formula_component",
          "weight": 1.0,
          "inputs": [],
          "params": {
            "formula_ast": {
              "op": "sub",
              "left": {
                "const": 1.0
              },
              "right": {
                "op": "min",
                "args": [
                  {
                    "var": "y_pos"
                  },
                  {
                    "const": 1.0
                  }
                ]
              }
            }
          },
          "clip": [
            0.0,
            1.0
          ],
          "enabled": true,
          "semantic_role": "dense_guidance",
          "reward_timing": "dense",
          "behavior_channel": "progress",
          "formula_ast": {
            "op": "sub",
            "left": {
              "const": 1.0
            },
            "right": {
              "op": "min",
              "args": [
                {
                  "var": "y_pos"
                },
                {
                  "const": 1.0
                }
              ]
            }
          }
        },
        {
          "name": "descent_rate",
          "type": "formula_component",
          "weight": 1.0,
          "inputs": [],
          "params": {
            "formula_ast": {
              "op": "exp",
              "arg": {
                "op": "mul",
                "args": [
                  {
                    "const": -25.0
                  },
                  {
                    "op": "add",
                    "args": [
                      {
                        "var": "y_vel"
                      },
                      {
                        "const": 0.5
                      }
                    ]
                  },
                  {
                    "op": "add",
                    "args": [
                      {
                        "var": "y_vel"
                      },
                      {
                        "const": 0.5
                      }
                    ]
                  }
                ]
              }
            }
          },
          "clip": [
            0.0,
            1.0
          ],
          "enabled": true,
          "semantic_role": "dense_guidance",
          "reward_timing": "dense",
          "behavior_channel": "progress",
          "formula_ast": {
            "op": "exp",
            "arg": {
              "op": "mul",
              "args": [
                {
                  "const": -25.0
                },
                {
                  "op": "add",
                  "args": [
                    {
                      "var": "y_vel"
                    },
                    {
                      "const": 0.5
                    }
                  ]
                },
                {
                  "op": "add",
                  "args": [
                    {
                      "var": "y_vel"
                    },
                    {
                      "const": 0.5
                    }
                  ]
                }
              ]
            }
          }
        },
        {
          "name": "attitude_stability",
          "type": "formula_component",
          "weight": 1.0,
          "inputs": [],