{
  "note": "Post-hoc oracle reward evaluation only. Not used by EG-RSA reward search.",
  "env_id": "LunarLander-v3",
  "num_episodes": 10,
  "return_mean": 109.55562684127753,
  "return_std": 137.68754096645984,
  "episode_length_mean": 326.4,
  "episode_returns": [
    -26.508256327390527,
    -16.467929275474077,
    -5.365015799031866,
    224.70840972535063,
    270.34368125488976,
    214.0462405073218,
    -45.10158785966813,
    241.4089591982812,
    -39.5831293099706,
    278.074896298467
  ],
  "episode_lengths": [
    203,
    238,
    251,
    339,
    365,
    591,
    265,
    334,
    284,
    394
  ]
}