{
  "attribution": {
    "episode_reward_mean": -32.55381134607174,
    "episode_reward_std": 8.939431260953159,
    "component_stats": {
      "r_distance": {
        "sum": -317.2093676491834,
        "abs_sum": 317.2093676491834,
        "mean": -0.41465276816886715,
        "std": 0.1284790112980865,
        "min": -0.5,
        "max": -0.0373056588995386,
        "ratio": 0.43720565710344206,
        "trigger_rate": 1.0
      },
      "r_velocity": {
        "sum": -195.2037717405845,
        "abs_sum": 195.2037717405845,
        "mean": -0.25516832907265946,
        "std": 0.12606705786211495,
        "min": -0.5,
        "max": -1.2525426248901356e-11,
        "ratio": 0.26904688825992895,
        "trigger_rate": 0.996078431372549
      },
      "r_angle": {
        "sum": -11.384974070949498,
        "abs_sum": 11.384974070949498,
        "mean": -0.014882319046992809,
        "std": 0.04418895841604002,
        "min": -0.6,
        "max": -7.77288284211447e-05,
        "ratio": 0.015691765683603826,
        "trigger_rate": 1.0
      },
      "r_energy": {
        "sum": -1.74,
        "abs_sum": 1.74,
        "mean": -0.0022745098039215687,
        "std": 0.007941152263337588,
        "min": -0.03,
        "max": -0.0,
        "ratio": 0.00239821998006479,
        "trigger_rate": 0.07581699346405228
      },
      "r_contact_one_time": {
        "sum": 200.0,
        "abs_sum": 200.0,
        "mean": 0.26143790849673204,
        "std": 2.2716532283637605,
        "min": 0.0,
        "max": 20.0,
        "ratio": 0.27565746897296434,
        "trigger_rate": 0.013071895424836602
      }
    },
    "dominant_component": "r_distance",
    "dominant_component_ratio": 0.43720565710344206
  },
  "diagnostics": {
    "hack_flags": {
      "high_reward_low_progress": false,
      "component_dominance": false,
      "repeated_event_exploitation": true,
      "shaping_goal_mismatch": false
    },
    "failure_modes": [
      "repeated_event_exploitation"
    ],
    "hack_score": 0.25,
    "suspected_components": [],
    "dominant_component": "r_distance",
    "dominant_component_ratio": 0.43720565710344206,
    "repeated_event_details": {
      "flag": true,
      "event_toggle_counts": {
        "low_vy": 18,
        "engine_on": 38,
        "near_y": 10,
        "near_goal": 5,
        "left_contact": 8,
        "right_contact": 10,
        "contact": 10,
        "both_contact": 8,
        "low_vx": 4,
        "stable_motion": 6,
        "stable_landing_condition": 4,
        "near_x": 5,
        "low_angle": 3
      },
      "max_event": "engine_on",
      "max_toggle_count": 38
    }
  },
  "experiment_mode": {
    "use_memory": true,
    "use_attribution": true,
    "use_hack_detector": true,
    "use_llm_edit": true,
    "use_operator_constraints": true,
    "free_rewrite": false,
    "one_shot": false
  }
}