{
  "memory_id": "iter_004_to_005",
  "env_family": "landing_control",
  "failure_modes": [
    "repeated_event_exploitation"
  ],
  "reward_attribution": {
    "episode_reward_mean": -32.55381134607174,
    "episode_reward_std": 8.939431260953159,
    "component_stats": {
      "r_distance": {
        "sum": -317.2093676491834,
        "abs_sum": 317.2093676491834,
        "mean": -0.41465276816886715,
        "std": 0.1284790112980865,
        "min": -0.5,
        "max": -0.0373056588995386,
        "ratio": 0.43720565710344206,
        "trigger_rate": 1.0
      },
      "r_velocity": {
        "sum": -195.2037717405845,
        "abs_sum": 195.2037717405845,
        "mean": -0.25516832907265946,
        "std": 0.12606705786211495,
        "min": -0.5,
        "max": -1.2525426248901356e-11,
        "ratio": 0.26904688825992895,
        "trigger_rate": 0.996078431372549
      },
      "r_angle": {
        "sum": -11.384974070949498,
        "abs_sum": 11.384974070949498,
        "mean": -0.014882319046992809,
        "std": 0.04418895841604002,
        "min": -0.6,
        "max": -7.77288284211447e-05,
        "ratio": 0.015691765683603826,
        "trigger_rate": 1.0
      },
      "r_energy": {
        "sum": -1.74,
        "abs_sum": 1.74,
        "mean": -0.0022745098039215687,
        "std": 0.007941152263337588,
        "min": -0.03,
        "max": -0.0,
        "ratio": 0.00239821998006479,
        "trigger_rate": 0.07581699346405228
      },
      "r_contact_one_time": {
        "sum": 200.0,
        "abs_sum": 200.0,
        "mean": 0.26143790849673204,
        "std": 2.2716532283637605,
        "min": 0.0,
        "max": 20.0,
        "ratio": 0.27565746897296434,
        "trigger_rate": 0.013071895424836602
      }
    },
    "dominant_component": "r_distance",
    "dominant_component_ratio": 0.43720565710344206
  },
  "edit_plan": [
    {
      "operator": "clip_component",
      "target": "r_distance",
      "clip": [
        -1.0,
        1.0
      ]
    }
  ],
  "outcome": {
    "status": "pending",
    "before": {
      "task_score": 1.3241923246975937,
      "hack_score": 0.25
    },
    "after": {},
    "delta": {},
    "note": "Pending until the edited schema is trained in the next iteration."
  },
  "lesson": "The current reward schema appears functional. The repeated_event_exploitation flag is likely spurious. The episode reward mean is negative primarily due to dense penalties that are necessary for shaping, and no component encourages hacking. A no-edit plan avoids unnecessary regression.",
  "metadata": {
    "config_path": "configs/eg_rsa_deepseek_memory_10iter_500k.yml",
    "iteration": 4,
    "validation_errors": [
      "No valid edit remained; used safe fallback edit plan."
    ],
    "experiment_mode": {
      "use_memory": true,
      "use_attribution": true,
      "use_hack_detector": true,
      "use_llm_edit": true,
      "use_operator_constraints": true,
      "free_rewrite": false,
      "one_shot": false
    },
    "edit_generated": true
  }
}