{
  "note": "Post-hoc oracle reward evaluation only. Not used by EG-RSA reward search.",
  "env_id": "LunarLander-v3",
  "num_episodes": 10,
  "return_mean": -103.81726535018743,
  "return_std": 13.626959032393392,
  "episode_length_mean": 67.2,
  "episode_returns": [
    -93.97578413127309,
    -98.60661645422779,
    -107.02220671306358,
    -118.99593920792918,
    -75.0232263944274,
    -119.58392296839116,
    -117.27593432119698,
    -104.58098451687968,
    -91.00359411606134,
    -112.10444467842422
  ],
  "episode_lengths": [
    54,
    54,
    62,
    69,
    51,
    81,
    70,
    87,
    54,
    90
  ]
}