{
  "attribution": {
    "episode_reward_mean": 1874.659383950258,
    "episode_reward_std": 175.75907050221582,
    "component_stats": {
      "r_approach_region": {
        "sum": 7964.751423682408,
        "abs_sum": 7964.751423682408,
        "mean": 0.7964751423682408,
        "std": 0.20433264049244082,
        "min": 0.39757798964040314,
        "max": 1.5,
        "ratio": 0.41599137941019343,
        "trigger_rate": 1.0
      },
      "r_approach_progress": {
        "sum": 8.623906888480114,
        "abs_sum": 8.623906888480114,
        "mean": 0.0008623906888480114,
        "std": 0.001669348651324511,
        "min": 0.0,
        "max": 0.01015379213778056,
        "ratio": 0.00045041844140633424,
        "trigger_rate": 0.3717
      },
      "r_stability": {
        "sum": 7094.081126544192,
        "abs_sum": 7094.081126544192,
        "mean": 0.7094081126544192,
        "std": 0.14591769425872553,
        "min": 0.23765455131975852,
        "max": 0.9667690992056173,
        "ratio": 0.37051709921595294,
        "trigger_rate": 1.0
      },
      "r_landing_quality": {
        "sum": 3874.380141566848,
        "abs_sum": 3874.380141566848,
        "mean": 0.38743801415668483,
        "std": 0.12882656121845654,
        "min": 0.09231135630251146,
        "max": 1.047792232229296,
        "ratio": 0.20235518394931895,
        "trigger_rate": 1.0
      },
      "r_energy": {
        "sum": -199.92,
        "abs_sum": 199.92,
        "mean": -0.019992,
        "std": 0.00039991999199839965,
        "min": -0.02,
        "max": -0.0,
        "ratio": 0.010441631150521897,
        "trigger_rate": 0.9996
      },
      "r_landing_region_progress": {
        "sum": 4.677240820640499,
        "abs_sum": 4.677240820640499,
        "mean": 0.0004677240820640499,
        "std": 0.0010348439710093714,
        "min": 0.0,
        "max": 0.007077869830893868,
        "ratio": 0.00024428783238941796,
        "trigger_rate": 0.3078
      },
      "r_safe_contact_once": {
        "sum": 0.0,
        "abs_sum": 0.0,
        "mean": 0.0,
        "std": 0.0,
        "min": 0.0,
        "max": 0.0,
        "ratio": 0.0,
        "trigger_rate": 0.0
      },
      "r_stable_landing_once": {
        "sum": 0.0,
        "abs_sum": 0.0,
        "mean": 0.0,
        "std": 0.0,
        "min": 0.0,
        "max": 0.0,
        "ratio": 0.0,
        "trigger_rate": 0.0
      }
    },
    "dominant_component": "r_approach_region",
    "dominant_component_ratio": 0.41599137941019343
  },
  "diagnostics": {
    "hack_flags": {
      "high_reward_low_progress": false,
      "component_dominance": false,
      "repeated_event_exploitation": false,
      "shaping_goal_mismatch": true,
      "terminal_success_dominance": false,
      "unstable_contact_behavior": true,
      "reward_repetition_risk": false
    },
    "failure_modes": [
      "shaping_goal_mismatch"
    ],
    "hack_score": 0.2,
    "suspected_components": [],
    "dominant_component": "r_approach_region",
    "dominant_component_ratio": 0.41599137941019343,
    "raw_component_dominance": false,
    "benign_terminal_dominance": false,
    "repeated_event_details": {
      "flag": false,
      "event_toggle_counts": {},
      "max_event": null,
      "max_toggle_count": 0
    },
    "semantic_notes": [
      "contact_or_landing_toggles_observed_but_not_repeated_reward_exploitation"
    ]
  },
  "semantic_outcome": {
    "episode_count": 10,
    "semantic_score": 0.057526074359426305,
    "success_episode_rate": 0.0,
    "terminal_reward_paid_episode_rate": 0.0,
    "terminal_reward_payment_count_mean": 0.0,
    "terminal_reward_payment_count_max": 0,
    "safe_contact_episode_rate": 0.0,
    "stable_landing_episode_rate": 0.0,
    "progress_score_mean": 0.1575260743594263,
    "progress_score_std": 0.021437201537390916,
    "episode_length_mean": 1000.0,
    "episode_length_std": 0.0,
    "contact_toggle_mean": 25.3,
    "contact_toggle_max": 76.0,
    "reward_repetition_risk": false,
    "one_time_repeat_violations": [],
    "terminal_goal_evidence": false,
    "unstable_contact_behavior": true,
    "event_rule_payment_stats": {
      "r_stable_landing_once": {
        "episode_payment_counts": [
          0,
          0,
          0,
          0,
          0,
          0,
          0,
          0,
          0,
          0
        ],
        "episode_paid_rate": 0.0,
        "payment_count_mean": 0.0,
        "payment_count_max": 0,
        "one_time": true
      }
    },
    "terminal_rule_names": [
      "r_stable_landing_once"
    ],
    "one_time_rule_names": [
      "r_safe_contact_once",
      "r_stable_landing_once"
    ],
    "semantic_risks": [
      "unstable_contact_behavior"
    ]
  },
  "experiment_mode": {
    "use_memory": true,
    "use_attribution": true,
    "use_hack_detector": true,
    "use_llm_edit": true,
    "use_operator_constraints": true,
    "free_rewrite": false,
    "one_shot": false
  }
}