{
  "note": "Post-hoc oracle reward evaluation only. Not used by EG-RSA reward search.",
  "env_id": "LunarLander-v3",
  "num_episodes": 10,
  "return_mean": -110.17731673100425,
  "return_std": 26.5976538120774,
  "episode_length_mean": 1000.0,
  "episode_returns": [
    -84.82654651148142,
    -101.32536668441688,
    -150.043328896304,
    -115.81343724487392,
    -98.4336289957504,
    -142.9029418891668,
    -77.79994936755527,
    -150.14649072978793,
    -83.81327018857937,
    -96.66820680212643
  ],
  "episode_lengths": [
    1000,
    1000,
    1000,
    1000,
    1000,
    1000,
    1000,
    1000,
    1000,
    1000
  ]
}