{
  "attribution": {
    "episode_reward_mean": -46.1382322945542,
    "episode_reward_std": 6.133046715451529,
    "component_stats": {
      "r_distance": {
        "sum": -163.82416964738525,
        "abs_sum": 163.82416964738525,
        "mean": -0.47211576267258,
        "std": 0.20141990869022106,
        "min": -0.7197346358731274,
        "max": -0.04779991745311738,
        "ratio": 0.3803750443523846,
        "trigger_rate": 1.0
      },
      "r_velocity": {
        "sum": -140.42348836492465,
        "abs_sum": 140.42348836492465,
        "mean": -0.4046786408211085,
        "std": 0.13324364763465077,
        "min": -0.5,
        "max": -0.061283385973201786,
        "ratio": 0.3260421873640017,
        "trigger_rate": 1.0
      },
      "r_angle": {
        "sum": -26.113503460461047,
        "abs_sum": 26.113503460461047,
        "mean": -0.07525505320017593,
        "std": 0.08768885965862068,
        "min": -0.6,
        "max": -0.009057891718111931,
        "ratio": 0.06063162144113792,
        "trigger_rate": 1.0
      },
      "r_energy": {
        "sum": -0.32999999999999996,
        "abs_sum": 0.32999999999999996,
        "mean": -0.0009510086455331411,
        "std": 0.005256029102099364,
        "min": -0.03,
        "max": -0.0,
        "ratio": 0.0007662102906211212,
        "trigger_rate": 0.03170028818443804
      },
      "r_contact_one_time": {
        "sum": 100.0,
        "abs_sum": 100.0,
        "mean": 0.2881844380403458,
        "std": 2.38340900612511,
        "min": 0.0,
        "max": 20.0,
        "ratio": 0.23218493655185493,
        "trigger_rate": 0.01440922190201729
      }
    },
    "dominant_component": "r_distance",
    "dominant_component_ratio": 0.3803750443523846
  },
  "diagnostics": {
    "hack_flags": {
      "high_reward_low_progress": false,
      "component_dominance": false,
      "repeated_event_exploitation": true,
      "shaping_goal_mismatch": true
    },
    "failure_modes": [
      "repeated_event_exploitation",
      "shaping_goal_mismatch"
    ],
    "hack_score": 0.5,
    "suspected_components": [],
    "dominant_component": "r_distance",
    "dominant_component_ratio": 0.3803750443523846,
    "repeated_event_details": {
      "flag": true,
      "event_toggle_counts": {
        "low_vy": 6,
        "near_y": 5,
        "near_goal": 3,
        "low_angle": 8,
        "left_contact": 4,
        "contact": 5,
        "right_contact": 5,
        "both_contact": 4,
        "low_vx": 1,
        "engine_on": 6,
        "near_x": 2
      },
      "max_event": "low_angle",
      "max_toggle_count": 8
    }
  },
  "experiment_mode": {
    "use_memory": true,
    "use_attribution": true,
    "use_hack_detector": true,
    "use_llm_edit": true,
    "use_operator_constraints": true,
    "free_rewrite": false,
    "one_shot": false
  }
}