{
  "note": "Post-hoc oracle reward evaluation only. Not used by EG-RSA reward search.",
  "env_id": "LunarLander-v3",
  "num_episodes": 5,
  "return_mean": -120.77426307509877,
  "return_std": 15.112272169109799,
  "episode_length_mean": 57.4,
  "episode_returns": [
    -127.1460591443464,
    -132.3637118647666,
    -107.02220671306358,
    -138.27848131089786,
    -99.06085634241938
  ],
  "episode_lengths": [
    53,
    53,
    62,
    69,
    50
  ]
}