{
  "note": "Post-hoc oracle reward evaluation only. Not used by EG-RSA reward search.",
  "env_id": "LunarLander-v3",
  "num_episodes": 3,
  "return_mean": -167.33136013533388,
  "return_std": 29.743966597714962,
  "episode_length_mean": 1000.0,
  "episode_returns": [
    -171.4437472279668,
    -129.02090438787428,
    -201.52942879016052
  ],
  "episode_lengths": [
    1000,
    1000,
    1000
  ]
}