{
  "eval_generated_return": -68.74848864447269,
  "eval_hidden_return": -122.8339327530462,
  "eval_episode_length": 64.33333333333333,
  "component_returns": {
    "progress": -50.64243014280484,
    "stability": -8.106058501667844,
    "effort": 0.0,
    "terminal": -10.0
  },
  "diagnostics": {
    "generated_private_gap": 54.08544410857351,
    "action_mean": 0.0,
    "action_std": 0.0,
    "episode_length_mean": 64.33333333333333,
    "component_returns": {
      "progress": -50.64243014280484,
      "stability": -8.106058501667844,
      "effort": 0.0,
      "terminal": -10.0
    }
  }
}