{
  "attribution": {
    "episode_reward_mean": 17.85335327518004,
    "episode_reward_std": 99.64672475303564,
    "component_stats": {
      "r_distance": {
        "sum": -334.2565203515581,
        "abs_sum": 334.2565203515581,
        "mean": -0.9182871438229618,
        "std": 0.41055679946945856,
        "min": -1.4394692717462547,
        "max": -0.09559983490623476,
        "ratio": 0.2807148661956965,
        "trigger_rate": 1.0
      },
      "r_velocity": {
        "sum": -181.09354284789316,
        "abs_sum": 181.09354284789316,
        "mean": -0.4975097330986076,
        "std": 0.2476421970357711,
        "min": -0.9829799796264966,
        "max": -0.061283385973201786,
        "ratio": 0.1520857382108328,
        "trigger_rate": 1.0
      },
      "r_angle": {
        "sum": -34.57317042464855,
        "abs_sum": 34.57317042464855,
        "mean": -0.09498123743035317,
        "std": 0.11470340151563994,
        "min": -0.6,
        "max": -0.009057891718111931,
        "ratio": 0.029035193986668303,
        "trigger_rate": 1.0
      },
      "r_energy": {
        "sum": -0.81,
        "abs_sum": 0.81,
        "mean": -0.0022252747252747254,
        "std": 0.007861704278036362,
        "min": -0.03,
        "max": -0.0,
        "ratio": 0.000680253122300698,
        "trigger_rate": 0.07417582417582418
      },
      "r_contact": {
        "sum": 640.0,
        "abs_sum": 640.0,
        "mean": 1.7582417582417582,
        "std": 5.663340099659396,
        "min": 0.0,
        "max": 20.0,
        "ratio": 0.5374839484845021,
        "trigger_rate": 0.08791208791208792
      }
    },
    "dominant_component": "r_contact",
    "dominant_component_ratio": 0.5374839484845021
  },
  "diagnostics": {
    "hack_flags": {
      "high_reward_low_progress": true,
      "component_dominance": false,
      "repeated_event_exploitation": true,
      "shaping_goal_mismatch": true
    },
    "failure_modes": [
      "high_reward_low_progress",
      "repeated_event_exploitation",
      "shaping_goal_mismatch"
    ],
    "hack_score": 0.75,
    "suspected_components": [],
    "dominant_component": "r_contact",
    "dominant_component_ratio": 0.5374839484845021,
    "repeated_event_details": {
      "flag": true,
      "event_toggle_counts": {
        "low_vy": 6,
        "near_y": 5,
        "near_goal": 3,
        "low_angle": 9,
        "left_contact": 5,
        "contact": 7,
        "right_contact": 6,
        "both_contact": 4,
        "low_vx": 1,
        "near_x": 2,
        "engine_on": 2
      },
      "max_event": "low_angle",
      "max_toggle_count": 9
    }
  },
  "experiment_mode": {
    "use_memory": true,
    "use_attribution": true,
    "use_hack_detector": true,
    "use_llm_edit": true,
    "use_operator_constraints": true,
    "free_rewrite": false,
    "one_shot": false
  }
}