{
  "memory_id": "iter_000_to_001",
  "env_family": "landing_control",
  "failure_modes": [
    "high_reward_low_progress",
    "repeated_event_exploitation",
    "shaping_goal_mismatch"
  ],
  "reward_attribution": {
    "episode_reward_mean": 2890.0088288050956,
    "episode_reward_std": 152.86400891693233,
    "component_stats": {
      "r_approach_region": {
        "sum": 6855.695549837463,
        "abs_sum": 6855.695549837463,
        "mean": 1.3711391099674926,
        "std": 0.2531647039132901,
        "min": 0.4168350115369164,
        "max": 1.5,
        "ratio": 0.467984600768381,
        "trigger_rate": 1.0
      },
      "r_approach_progress": {
        "sum": 8.56699248156758,
        "abs_sum": 8.56699248156758,
        "mean": 0.001713398496313516,
        "std": 0.00328945242216002,
        "min": 0.0,
        "max": 0.014449324758339932,
        "ratio": 0.0005848014292827192,
        "trigger_rate": 0.357
      },
      "r_stability": {
        "sum": 3639.8457127694023,
        "abs_sum": 3639.8457127694023,
        "mean": 0.7279691425538805,
        "std": 0.16268595947905395,
        "min": 0.24362647490045972,
        "max": 0.9771627428112297,
        "ratio": 0.24846373797758226,
        "trigger_rate": 1.0
      },
      "r_landing_quality": {
        "sum": 4045.615888937059,
        "abs_sum": 4045.615888937059,
        "mean": 0.8091231777874118,
        "std": 0.28815094715280537,
        "min": 0.10269139968572209,
        "max": 1.2507887323063018,
        "ratio": 0.2761624875088444,
        "trigger_rate": 1.0
      },
      "r_energy": {
        "sum": -99.68,
        "abs_sum": 99.68,
        "mean": -0.019936000000000002,
        "std": 0.0011295592060622587,
        "min": -0.02,
        "max": -0.0,
        "ratio": 0.006804372315759878,
        "trigger_rate": 0.9968
      },
      "r_safe_contact_once": {
        "sum": 0.0,
        "abs_sum": 0.0,
        "mean": 0.0,
        "std": 0.0,
        "min": 0.0,
        "max": 0.0,
        "ratio": 0.0,
        "trigger_rate": 0.0
      },
      "r_stable_landing_once": {
        "sum": 0.0,
        "abs_sum": 0.0,
        "mean": 0.0,
        "std": 0.0,
        "min": 0.0,
        "max": 0.0,
        "ratio": 0.0,
        "trigger_rate": 0.0
      }
    },
    "dominant_component": "r_approach_region",
    "dominant_component_ratio": 0.467984600768381
  },
  "edit_plan": [
    {
      "operator": "decrease_weight",
      "target": "r_approach_region",
      "factor": 0.1
    }
  ],
  "outcome": {
    "status": "pending",
    "before": {
      "task_score": -0.85,
      "hack_score": 0.75
    },
    "after": {},
    "delta": {},
    "note": "Pending until the edited schema is trained in the next iteration."
  },
  "lesson": "Agent exploits dense proximity/stability rewards to achieve high score without landing. Edit drastically reduces those components and strengthens progress incentive to redirect learning toward the true task of landing.",
  "metadata": {
    "config_path": "configs/eg_rsa_deepseek_memory_test.yml",
    "iteration": 0,
    "validation_errors": [],
    "validation_warnings": [],
    "candidate_evaluation": {
      "accepted_edits": [
        {
          "operator": "decrease_weight",
          "target": "r_approach_region",
          "factor": 0.1
        },
        {
          "operator": "decrease_weight",
          "target": "r_landing_quality",
          "factor": 0.2
        },
        {
          "operator": "decrease_weight",
          "target": "r_stability",
          "factor": 0.2
        },
        {
          "operator": "increase_weight",
          "target": "r_approach_progress",
          "factor": 5.0
        }
      ],
      "rejected_edits": [],
      "reports": [],
      "warnings": []
    },
    "gate_result": {
      "accepted_edits": [
        {
          "operator": "decrease_weight",
          "target": "r_approach_region",
          "factor": 0.1
        }
      ],
      "rejected_edits": [
        {
          "operator": "decrease_weight",
          "target": "r_landing_quality",
          "factor": 0.2,
          "gate_reason": "multi_edit_limited_for_attribution"
        },
        {
          "operator": "decrease_weight",
          "target": "r_stability",
          "factor": 0.2,
          "gate_reason": "multi_edit_limited_for_attribution"
        },
        {
          "operator": "increase_weight",
          "target": "r_approach_progress",
          "factor": 5.0,
          "gate_reason": "multi_edit_limited_for_attribution"
        }
      ],
      "warnings": [
        "Edit plan had 4 evidence-supported edits; kept top 1 to preserve attribution."
      ]
    },
    "structural_response": {},
    "outcome_decision": {},
    "rollback_applied": false,
    "experiment_mode": {
      "use_memory": true,
      "use_attribution": true,
      "use_hack_detector": true,
      "use_llm_edit": true,
      "use_operator_constraints": true,
      "free_rewrite": false,
      "one_shot": false
    },
    "edit_generated": true,
    "edit_decision": "edit",
    "next_action": "apply_edit",
    "agent_analysis": {
      "diagnostic_analysis": {
        "observed_facts": [
          "Episode reward mean is 2890.0 with low std 152.9, indicating stable high reward.",
          "r_approach_region contributes 46.8% of total reward; r_landing_quality 27.6%; r_stability 24.8%.",
          "r_approach_progress contribution is negligible (0.06% of total), trigger rate 0.357.",
          "Event rules r_safe_contact_once and r_stable_landing_once have zero mean and zero trigger rate; never awarded.",
          "Severe mismatch between high reward and no landing events.",
          "Detector flags high_reward_low_progress and repeated_event_exploitation are true."
        ],
        "likely_true_failures": [
          "Reward hacking: the agent is exploiting dense shaping components (approach_region, stability, landing_quality) to accumulate high reward by loitering near the pad without successfully landing."
        ],
        "likely_false_positives": [
          "repeated_event_exploitation may be driven by toggle counts of motion flags, but the current schema's event rules are one‑time and never triggered; direct exploitation of those flags is not happening."
        ],
        "root_cause_hypotheses": [
          "Overly generous dense reward for proximity and stability, combined with negligible impact of progress and no penalty for failing to land, creates a local optimum of hovering rather than completing the task."
        ],
        "failure_kind": "reward_hack",
        "edit_need": "must_edit",
        "confidence": 0.85
      },
      "memory_reflection": {
        "lesson_assessments": [],
        "reusable_lessons": [],
        "failed_or_weak_lessons": [],
        "avoid_actions": [],
        "recommended_actions": [
          "Decrease weights of exploited dense components (r_approach_region, r_landing_quality, r_stability) to reduce the value of loitering.",
          "Increase weight of r_approach_progress to guide the agent toward the pad, making progress the main dense incentive."
        ],
        "memory_confidence": 0.0
      },
      "reward_editor": {
        "edit_decision": "edit",
        "next_action": "apply_edit",
        "rationale": "The current dense components provide high, non-goal rewards that the agent has learned to exploit by hovering. By drastically reducing those components and increasing the weight of progress (r_approach_progress), we force the agent to approach the pad to earn meaningful dense reward. The large one‑time landing bonuses (r_safe_contact_once, r_stable_landing_once) then become the ultimate high-value target, aligning the reward with the task of landing quickly and fuel-efficiently.",