{
  "memory_id": "iter_000_to_001",
  "env_family": "landing_control",
  "failure_modes": [
    "high_reward_low_progress",
    "repeated_event_exploitation",
    "shaping_goal_mismatch"
  ],
  "reward_attribution": {
    "episode_reward_mean": -12.690068047111012,
    "episode_reward_std": 61.459480374310516,
    "component_stats": {
      "r_distance": {
        "sum": -330.4873769633421,
        "abs_sum": 330.4873769633421,
        "mean": -0.9335801609133958,
        "std": 0.40593947771004196,
        "min": -1.4394692717462547,
        "max": -0.09559983490623476,
        "ratio": 0.3229149124004179,
        "trigger_rate": 1.0
      },
      "r_velocity": {
        "sum": -180.8122022734187,
        "abs_sum": 180.8122022734187,
        "mean": -0.5107689329757591,
        "std": 0.24123161903490054,
        "min": -0.9829799796264966,
        "max": -0.061283385973201786,
        "ratio": 0.1766692482918159,
        "trigger_rate": 1.0
      },
      "r_angle": {
        "sum": -32.150760998794254,
        "abs_sum": 32.150760998794254,
        "mean": -0.09082135875365609,
        "std": 0.11571389309442486,
        "min": -0.6,
        "max": -0.009057891718111931,
        "ratio": 0.03141408990239283,
        "trigger_rate": 1.0
      },
      "r_energy": {
        "sum": 0.0,
        "abs_sum": 0.0,
        "mean": 0.0,
        "std": 0.0,
        "min": -0.0,
        "max": -0.0,
        "ratio": 0.0,
        "trigger_rate": 0.0
      },
      "r_contact": {
        "sum": 480.0,
        "abs_sum": 480.0,
        "mean": 1.3559322033898304,
        "std": 5.0279311776919755,
        "min": 0.0,
        "max": 20.0,
        "ratio": 0.46900174940537354,
        "trigger_rate": 0.06779661016949153
      }
    },
    "dominant_component": "r_contact",
    "dominant_component_ratio": 0.46900174940537354
  },
  "edit_plan": [],
  "outcome": {
    "status": "not_applicable",
    "before": {
      "task_score": 0.05828165053533671,
      "hack_score": 0.75
    },
    "after": {},
    "delta": {},
    "note": "No edit was generated for this iteration."
  },
  "lesson": "Initial hand-crafted reward relies solely on punitive dense shaping and a single sparse landing bonus; the punishment-heavy design causes high negative reward, large variance, and failure to learn the landing task. No evidence of actual reward hacking detected. Recommend structural search for a richer reward structure with positive guidance.",
  "metadata": {
    "config_path": "configs/eg_rsa_deepseek_memory_test.yml",
    "iteration": 0,
    "validation_errors": [
      "event_rule requires name",
      "No valid edit remained; skipped schema edit."
    ],
    "gate_result": {},
    "structural_response": {
      "structural_analysis": {
        "missing_signal_hypothesis": "A sparse or dense success signal for stable landing is missing; current contact bonus leads to high reward without goal fulfillment.",
        "why_local_edit_is_insufficient": "Local edits like weight adjustments cannot introduce a new event rule for stable landing; adding an event rule is a structural change.",
        "memory_constraints": [],
        "safety_constraints": []
      },
      "reward_editor": {
        "edit_decision": "edit",
        "next_action": "apply_edit",
        "rationale": "Adding a one-time success bonus for stable_landing_condition addresses shaping_goal_mismatch and high_reward_low_progress by providing a clear sparse reward for the true goal, while avoiding repeated exploitation through one_time flag. The event uses preferred stable_landing_condition, generic and environment-independent.",
        "edit_plan": [
          {
            "operator": "add_event_rule",
            "event_rule": {
              "event": "stable_landing_condition",
              "weight": 100,
              "one_time": true,
              "duration_steps": null,
              "clip": null
            }
          }
        ]
      },
      "auditor_check": {
        "approved": true,
        "issues": [],
        "final_action": "apply_edit"
      },
      "diagnosis": "Repeated exploitation of contact event and shaping_goal_mismatch require introduction of a one-time success bonus for stable_landing_condition.",
      "edit_plan": [
        {
          "operator": "add_event_rule",
          "event_rule": {
            "event": "stable_landing_condition",
            "weight": 100,
            "one_time": true,
            "duration_steps": null,
            "clip": null
          }
        }
      ]
    },
    "experiment_mode": {
      "use_memory": true,
      "use_attribution": true,
      "use_hack_detector": true,
      "use_llm_edit": true,
      "use_operator_constraints": true,
      "free_rewrite": false,
      "one_shot": false
    },
    "edit_generated": true,
    "edit_decision": "no_edit",
    "next_action": "apply_edit",
    "agent_analysis": {
      "diagnostic_analysis": {
        "observed_facts": [
          "Episode reward mean is -12.69, with high standard deviation 61.46.",
          "All dense shaping components (distance, velocity, angle) have high trigger rates and provide constant negative rewards.",
          "The r_contact event bonus has mean 1.36 and trigger rate 0.068, making it the dominant component at 47% of total absolute reward.",
          "r_energy action penalty never triggered (trigger rate 0.0).",
          "Hack flags: high_reward_low_progress, repeated_event_exploitation, shaping_goal_mismatch are true; component_dominance is false.",
          "Repeated event toggles observed (e.g., contact 8 toggles, low_angle 9), but overall reward remains deeply negative."
        ],
        "likely_true_failures": [
          "Dense shaping penalties are punishing all motion without positive guidance, leading to poor task learning.",
          "The sparse landing bonus is too rare to effectively shape the behavior early in training."
        ],
        "likely_false_positives": [
          "high_reward_low_progress – the mean episode reward is actually low, so this flag is misleading.",
          "repeated_event_exploitation – toggle counts are likely due to failure-mode bouncing, not reward hacking, as the agent is not obtaining high reward."
        ],
        "root_cause_hypotheses": [
          "The reward schema relies entirely on punitive dense components (distance, velocity, angle) and a single sparse landing bonus. The penalties dominate, making total reward strongly negative, discouraging exploration, and failing to provide meaningful direction."
        ],
        "failure_kind": "task_failure",
        "edit_need": "optional_edit",
        "confidence": 0.8
      },
      "memory_reflection": {
        "lesson_assessments": [],
        "reusable_lessons": [],
        "failed_or_weak_lessons": [],
        "avoid_actions": [],
        "recommended_actions": [],
        "memory_confidence": 0.5
      },
      "reward_editor": {
        "edit_decision": "no_edit",
        "next_action": "structural_search",
        "rationale": "The current reward is not being hacked; the agent is simply failing the task because the shaping is both punitive and uninformative. Tuning weights alone may not fix the fundamental misalignment. Instead, we propose a structural search for a richer reward structure that provides positive guidance, e.g., by adding gated event milestones for safe descent (low vertical velocity, low angle near ground) using the add_event_rule operator, and potentially reshaping sparse bonuses into denser forms where appropriate. This approach addresses the shaping_goal_mismatch directly.",
        "expected_effect": "A well-designed event-based reward structure can provide intermediate guidance, helping the agent learn a landing trajectory that satisfies safety conditions. Hack risk remains low if event rules are configured as one-time or with duration conditions.",