{
  "memory_id": "iter_000_to_001",
  "env_family": "landing_control",
  "failure_modes": [
    "high_reward_low_progress",
    "repeated_event_exploitation",
    "shaping_goal_mismatch"
  ],
  "reward_attribution": {
    "episode_reward_mean": -12.690068047111012,
    "episode_reward_std": 61.459480374310516,
    "component_stats": {
      "r_distance": {
        "sum": -330.4873769633421,
        "abs_sum": 330.4873769633421,
        "mean": -0.9335801609133958,
        "std": 0.40593947771004196,
        "min": -1.4394692717462547,
        "max": -0.09559983490623476,
        "ratio": 0.3229149124004179,
        "trigger_rate": 1.0
      },
      "r_velocity": {
        "sum": -180.8122022734187,
        "abs_sum": 180.8122022734187,
        "mean": -0.5107689329757591,
        "std": 0.24123161903490054,
        "min": -0.9829799796264966,
        "max": -0.061283385973201786,
        "ratio": 0.1766692482918159,
        "trigger_rate": 1.0
      },
      "r_angle": {
        "sum": -32.150760998794254,
        "abs_sum": 32.150760998794254,
        "mean": -0.09082135875365609,
        "std": 0.11571389309442486,
        "min": -0.6,
        "max": -0.009057891718111931,
        "ratio": 0.03141408990239283,
        "trigger_rate": 1.0
      },
      "r_energy": {
        "sum": 0.0,
        "abs_sum": 0.0,
        "mean": 0.0,
        "std": 0.0,
        "min": -0.0,
        "max": -0.0,
        "ratio": 0.0,
        "trigger_rate": 0.0
      },
      "r_contact": {
        "sum": 480.0,
        "abs_sum": 480.0,
        "mean": 1.3559322033898304,
        "std": 5.0279311776919755,
        "min": 0.0,
        "max": 20.0,
        "ratio": 0.46900174940537354,
        "trigger_rate": 0.06779661016949153
      }
    },
    "dominant_component": "r_contact",
    "dominant_component_ratio": 0.46900174940537354
  },
  "edit_plan": [
    {
      "operator": "convert_to_one_time_event",
      "target": "r_contact"
    }
  ],
  "outcome": {
    "status": "pending",
    "before": {
      "task_score": 0.05828165053533671,
      "hack_score": 0.75
    },
    "after": {},
    "delta": {},
    "note": "Pending until the edited schema is trained in the next iteration."
  },
  "lesson": "r_contact event_bonus is exploited via bouncing, causing repeated large rewards. Convert to one-time event to mitigate exploitation.",
  "metadata": {
    "config_path": "configs/eg_rsa_deepseek_memory_test.yml",
    "iteration": 0,
    "validation_errors": [],
    "experiment_mode": {
      "use_memory": true,
      "use_attribution": true,
      "use_hack_detector": true,
      "use_llm_edit": true,
      "use_operator_constraints": true,
      "free_rewrite": false,
      "one_shot": false
    },
    "edit_generated": true,
    "agent_analysis": {
      "diagnostic_analysis": {
        "observed_facts": [
          "Episode reward mean is -12.69 with a high standard deviation of 61.46, indicating some episodes achieve very high returns.",
          "r_contact (event_bonus) has a trigger rate of ~6.8% but a high toggle count of 8, meaning it activates multiple times per episode.",
          "The shaping components (r_distance, r_velocity, r_angle) fire every step and contribute small negative values.",
          "r_energy has zero contribution (trigger_rate 0.0), suggesting it fails to penalize actions as intended.",
          "The hack detector flags repeated_event_exploitation and shaping_goal_mismatch."
        ],
        "likely_true_failures": [
          "Repeated event exploitation: the lander can bounce and repeatedly trigger the 20-point contact bonus, causing excessive episode returns with little progress.",
          "Shaping goal mismatch: the existing dense penalties do not adequately discourage unstable bouncing or incentivize a stable, fast landing."
        ],
        "likely_false_positives": [
          "Repeated toggling of unrewarded events (e.g., low_angle) is irrelevant and does not indicate exploitation.",
          "The high_reward_low_progress flag may be triggered by occasional high-reward episodes from bouncing, but the overall negative mean reduces its seriousness."
        ],
        "root_cause_hypotheses": [
          "r_contact can be triggered multiple times per episode, enabling bouncing agents to accumulate large bonuses.",
          "The dense shaping components are too weak or misaligned to counteract the exploitation of the sparse event."
        ],
        "edit_need": "must_edit",
        "confidence": 0.8
      },
      "memory_reflection": {
        "reusable_lessons": [],
        "failed_or_weak_lessons": [],
        "avoid_actions": [],
        "recommended_actions": [],
        "memory_confidence": 0.0
      },
      "reward_editor": {
        "edit_decision": "edit",
        "rationale": "The r_contact event_bonus can be triggered multiple times per episode through bouncing, giving large rewards without requiring proper landing. Making it a one‑time event will grant the bonus only on the first leg contact, eliminating the exploitation while retaining a strong terminal signal for successful landing.",
        "expected_effect": "Hack risk from repeated event exploitation will drop sharply. The agent will no longer be able to farm the bonus by bouncing. Short‑term task proxy (landing success) may fluctuate, but long‑term the policy should learn to land and remain stable.",
        "risk_analysis": "The agent might settle for a risky first contact without then stabilising, but the ongoing shaping penalties will still apply afterwards. The large bonus could still cause overvaluation of the first touch, but this risk is lower than the current exploitation.",
        "edit_plan": [
          {
            "operator": "convert_to_one_time_event",
            "target": "r_contact"
          }
        ]
      },
      "auditor_check": {
        "approved": true,
        "issues": [],
        "final_action": "apply_edit"
      },
      "distilled_lessons": {
        "what_worked": [
          "convert_to_one_time_event can neutralise repeated exploitation of a sparse event bonus."
        ],
        "what_failed": [],
        "avoid_next": [],
        "recommend_next": [
          "When repeated event exploitation is flagged on an event_bonus, consider making the reward one‑time as a first response."
        ],
        "applicability_notes": "This lesson applies to event‑based rewards that are triggered more than once per episode due to the agent gaming the condition (e.g., bouncing)."
      }
    }
  }
}