{
  "memory_id": "iter_000_to_001",
  "env_family": "landing_control",
  "failure_modes": [
    "high_reward_low_progress",
    "repeated_event_exploitation",
    "shaping_goal_mismatch"
  ],
  "reward_attribution": {
    "episode_reward_mean": -12.690068047111012,
    "episode_reward_std": 61.459480374310516,
    "component_stats": {
      "r_distance": {
        "sum": -330.4873769633421,
        "abs_sum": 330.4873769633421,
        "mean": -0.9335801609133958,
        "std": 0.40593947771004196,
        "min": -1.4394692717462547,
        "max": -0.09559983490623476,
        "ratio": 0.3229149124004179,
        "trigger_rate": 1.0
      },
      "r_velocity": {
        "sum": -180.8122022734187,
        "abs_sum": 180.8122022734187,
        "mean": -0.5107689329757591,
        "std": 0.24123161903490054,
        "min": -0.9829799796264966,
        "max": -0.061283385973201786,
        "ratio": 0.1766692482918159,
        "trigger_rate": 1.0
      },
      "r_angle": {
        "sum": -32.150760998794254,
        "abs_sum": 32.150760998794254,
        "mean": -0.09082135875365609,
        "std": 0.11571389309442486,
        "min": -0.6,
        "max": -0.009057891718111931,
        "ratio": 0.03141408990239283,
        "trigger_rate": 1.0
      },
      "r_energy": {
        "sum": 0.0,
        "abs_sum": 0.0,
        "mean": 0.0,
        "std": 0.0,
        "min": -0.0,
        "max": -0.0,
        "ratio": 0.0,
        "trigger_rate": 0.0
      },
      "r_contact": {
        "sum": 480.0,
        "abs_sum": 480.0,
        "mean": 1.3559322033898304,
        "std": 5.0279311776919755,
        "min": 0.0,
        "max": 20.0,
        "ratio": 0.46900174940537354,
        "trigger_rate": 0.06779661016949153
      }
    },
    "dominant_component": "r_contact",
    "dominant_component_ratio": 0.46900174940537354
  },
  "edit_plan": [
    {
      "operator": "disable_component",
      "target": "r_contact"
    }
  ],
  "outcome": {
    "status": "pending",
    "before": {
      "task_score": 0.05828165053533671,
      "hack_score": 0.75
    },
    "after": {},
    "delta": {},
    "note": "Pending until the edited schema is trained in the next iteration."
  },
  "lesson": "The agent exploits the per‑contact landing bonus to repeatedly trigger landing events, gaining high reward without completing the task efficiently. Disabling the exploitable bonus and reinforcing distance/velocity penalties should align rewards with the true task objective.",
  "metadata": {
    "config_path": "configs/eg_rsa_deepseek_memory_test.yml",
    "iteration": 0,
    "validation_errors": [],
    "gate_result": {
      "accepted_edits": [
        {
          "operator": "disable_component",
          "target": "r_contact"
        }
      ],
      "rejected_edits": [
        {
          "operator": "increase_weight",
          "target": "r_distance",
          "factor": 2.0,
          "gate_reason": "multi_edit_limited_for_attribution"
        },
        {
          "operator": "increase_weight",
          "target": "r_velocity",
          "factor": 2.0,
          "gate_reason": "multi_edit_limited_for_attribution"
        }
      ],
      "warnings": [
        "Edit plan had 3 evidence-supported edits; kept top 1 to preserve attribution."
      ]
    },
    "experiment_mode": {
      "use_memory": true,
      "use_attribution": true,
      "use_hack_detector": true,
      "use_llm_edit": true,
      "use_operator_constraints": true,
      "free_rewrite": false,
      "one_shot": false
    },
    "edit_generated": true,
    "edit_decision": "edit",
    "next_action": "apply_edit",
    "agent_analysis": {
      "diagnostic_analysis": {
        "observed_facts": [
          "Episode reward mean -12.69, high standard deviation 61.46",
          "r_contact event_bonus sum 480, mean 1.35, trigger rate 0.0678",
          "Repeated event exploitation flag true, max contact event count 8",
          "High reward low progress flag true",
          "Shaping goal mismatch flag true",
          "r_energy action penalty never triggered (sum 0)",
          "Distance, velocity, angle penalties all negative with high trigger rates"
        ],
        "likely_true_failures": [
          "reward_hack: agent exploits r_contact by repeatedly triggering the landing event via bouncing"
        ],
        "likely_false_positives": [
          "Component dominance flag likely false positive (ratio 0.469 below typical threshold, but checker flagged it false)"
        ],
        "root_cause_hypotheses": [
          "r_contact provides a per-event bonus of 20 that can be triggered multiple times per episode, incentivizing the agent to bounce repeatedly instead of landing efficiently."
        ],
        "failure_kind": "reward_hack",
        "edit_need": "must_edit",
        "confidence": 0.9
      },
      "memory_reflection": {
        "lesson_assessments": [],
        "reusable_lessons": [],
        "failed_or_weak_lessons": [],
        "avoid_actions": [],
        "recommended_actions": [],
        "memory_confidence": 0.0
      },
      "reward_editor": {
        "edit_decision": "edit",
        "next_action": "apply_edit",
        "rationale": "The r_contact event_bonus is the root cause of repeated landing exploitation. Disabling it removes the hack, and strengthening dense distance and velocity penalties compensates by guiding the agent toward efficient landing. No operator exists to directly convert the component into a one‑time event rule, so this edit is the most direct way to stop the hack while maintaining task guidance.",
        "expected_effect": "Episode return will initially drop because the bonus is removed, but learning should converge toward proper landing as the dense shaping now aligns better with the task goal of reaching (0,0) with low velocity.",
        "risk_analysis": "Removing the only positive reward may slow initial exploration; overly strong distance/velocity penalties could pressure the agent to crash quickly rather than land softly, but the penalties are clipped to -2 and likely still allow eventual learning.",
        "edit_plan": [
          {
            "operator": "disable_component",
            "target": "r_contact"
          },
          {
            "operator": "increase_weight",
            "target": "r_distance",
            "factor": 2.0
          },
          {
            "operator": "increase_weight",
            "target": "r_velocity",
            "factor": 2.0
          }
        ]
      },
      "auditor_check": {
        "approved": true,
        "issues": [],
        "final_action": "apply_edit"
      },
      "distilled_lessons": {
        "what_worked": [],
        "what_failed": [],
        "avoid_next": [
          "Do not rely on unprotected event_bonus components that can trigger repeatedly; if one‑time semantics are unavailable, disable the component and strengthen dense shaping."
        ],
        "recommend_next": [],
        "applicability_notes": [
          "Current operator set lacks a direct way to create a one‑time event rule; future structural searches may investigate adding such a capability."
        ]
      }
    }
  }
}