{
  "memory_id": "iter_000_to_001",
  "env_family": "landing_control",
  "failure_modes": [
    "high_reward_low_progress",
    "repeated_event_exploitation",
    "shaping_goal_mismatch"
  ],
  "reward_attribution": {
    "episode_reward_mean": -12.690068047111012,
    "episode_reward_std": 61.459480374310516,
    "component_stats": {
      "r_distance": {
        "sum": -330.4873769633421,
        "abs_sum": 330.4873769633421,
        "mean": -0.9335801609133958,
        "std": 0.40593947771004196,
        "min": -1.4394692717462547,
        "max": -0.09559983490623476,
        "ratio": 0.3229149124004179,
        "trigger_rate": 1.0
      },
      "r_velocity": {
        "sum": -180.8122022734187,
        "abs_sum": 180.8122022734187,
        "mean": -0.5107689329757591,
        "std": 0.24123161903490054,
        "min": -0.9829799796264966,
        "max": -0.061283385973201786,
        "ratio": 0.1766692482918159,
        "trigger_rate": 1.0
      },
      "r_angle": {
        "sum": -32.150760998794254,
        "abs_sum": 32.150760998794254,
        "mean": -0.09082135875365609,
        "std": 0.11571389309442486,
        "min": -0.6,
        "max": -0.009057891718111931,
        "ratio": 0.03141408990239283,
        "trigger_rate": 1.0
      },
      "r_energy": {
        "sum": 0.0,
        "abs_sum": 0.0,
        "mean": 0.0,
        "std": 0.0,
        "min": -0.0,
        "max": -0.0,
        "ratio": 0.0,
        "trigger_rate": 0.0
      },
      "r_contact": {
        "sum": 480.0,
        "abs_sum": 480.0,
        "mean": 1.3559322033898304,
        "std": 5.0279311776919755,
        "min": 0.0,
        "max": 20.0,
        "ratio": 0.46900174940537354,
        "trigger_rate": 0.06779661016949153
      }
    },
    "dominant_component": "r_contact",
    "dominant_component_ratio": 0.46900174940537354
  },
  "edit_plan": [
    {
      "operator": "disable_component",
      "target": "r_energy"
    }
  ],
  "outcome": {
    "status": "pending",
    "before": {
      "task_score": 0.05828165053533671,
      "hack_score": 0.75
    },
    "after": {},
    "delta": {},
    "note": "Pending until the edited schema is trained in the next iteration."
  },
  "lesson": "Task failure due to action penalty discouraging engine use, combined with heavy shaping penalties; not a reward hack.",
  "metadata": {
    "config_path": "configs/eg_rsa_deepseek_memory_test.yml",
    "iteration": 0,
    "validation_errors": [],
    "experiment_mode": {
      "use_memory": true,
      "use_attribution": true,
      "use_hack_detector": true,
      "use_llm_edit": true,
      "use_operator_constraints": true,
      "free_rewrite": false,
      "one_shot": false
    },
    "edit_generated": true,
    "edit_decision": "edit",
    "next_action": "apply_edit",
    "agent_analysis": {
      "diagnostic_analysis": {
        "observed_facts": [
          "Episode reward mean is -12.69, indicating poor performance.",
          "High reward variance (std 61.46) suggests inconsistent episodes.",
          "r_energy (action_penalty) has zero trigger rate and contributed 0.0, meaning it never penalized any action.",
          "r_contact (event_bonus) is sparse (trigger rate 0.068) but contributes 46.9% of total reward magnitude.",
          "Dominant component is r_contact, which is task-aligned (landing reward).",
          "Hack flags: high_reward_low_progress, repeated_event_exploitation, shaping_goal_mismatch."
        ],
        "likely_true_failures": [
          "Heavy distance, velocity, and angle penalties discourage exploration and cause high negative average.",
          "Action penalty (r_energy) may have led the agent to avoid using main engine, leading to passive crashing.",
          "Sparse success bonus fails to provide effective credit assignment for landing behavior.",
          "Shaping penalties do not properly guide towards the landing task (shaping_goal_mismatch)."
        ],
        "likely_false_positives": [
          "high_reward_low_progress: overall episode reward is low, not high; the flag may fire due to occasional high bonus but average is negative.",
          "repeated_event_exploitation: toggled events (e.g., low_angle) are not used in the reward schema; no reward component exploits them.",
          "component_dominance of r_contact: it is the only positive component for a successful outcome, not a hack."
        ],
        "root_cause_hypotheses": [
          "Reward structure weakly guides the agent and disincentivizes necessary actions (engine use), causing task failure, not reward hacking."
        ],
        "failure_kind": "task_failure",
        "edit_need": "must_edit",
        "confidence": 0.85
      },
      "memory_reflection": {
        "lesson_assessments": [],
        "reusable_lessons": [],
        "failed_or_weak_lessons": [],
        "avoid_actions": [],
        "recommended_actions": [],
        "memory_confidence": 0.0
      },
      "reward_editor": {
        "edit_decision": "edit",
        "next_action": "apply_edit",
        "rationale": "Remove the action penalty (r_energy) to allow the agent to freely use engines. The zero trigger rate and the inherent penalty for any engine use likely caused the agent to learn a passive crashing policy. Since fuel is infinite per task description, action penalty is unnecessary and harmful.",
        "expected_effect": "Agent will explore engine usage, leading to better distance and velocity control and eventually more successful landings, reducing the large negative shaping penalties.",
        "risk_analysis": "Removing action cost may lead to excessive engine firing or erratic behavior, but fuel consumption is not a primary metric and task emphasizes landing as fast as possible. Overly aggressive firing could still result in crashes, but the shaping penalties should penalize that behavior. Low risk.",
        "edit_plan": [
          {
            "operator": "disable_component",
            "target": "r_energy"
          }
        ]
      },
      "auditor_check": {
        "approved": true,
        "issues": [],
        "final_action": "apply_edit"
      },
      "distilled_lessons": {
        "what_worked": [],
        "what_failed": [],
        "avoid_next": [],
        "recommend_next": [],
        "applicability_notes": []
      }
    }
  }
}