{
  "memory_id": "iter_000_to_001",
  "env_family": "landing_control",
  "failure_modes": [
    "high_reward_low_progress",
    "repeated_event_exploitation",
    "shaping_goal_mismatch"
  ],
  "reward_attribution": {
    "episode_reward_mean": -12.690068047111012,
    "episode_reward_std": 61.459480374310516,
    "component_stats": {
      "r_distance": {
        "sum": -330.4873769633421,
        "abs_sum": 330.4873769633421,
        "mean": -0.9335801609133958,
        "std": 0.40593947771004196,
        "min": -1.4394692717462547,
        "max": -0.09559983490623476,
        "ratio": 0.3229149124004179,
        "trigger_rate": 1.0
      },
      "r_velocity": {
        "sum": -180.8122022734187,
        "abs_sum": 180.8122022734187,
        "mean": -0.5107689329757591,
        "std": 0.24123161903490054,
        "min": -0.9829799796264966,
        "max": -0.061283385973201786,
        "ratio": 0.1766692482918159,
        "trigger_rate": 1.0
      },
      "r_angle": {
        "sum": -32.150760998794254,
        "abs_sum": 32.150760998794254,
        "mean": -0.09082135875365609,
        "std": 0.11571389309442486,
        "min": -0.6,
        "max": -0.009057891718111931,
        "ratio": 0.03141408990239283,
        "trigger_rate": 1.0
      },
      "r_energy": {
        "sum": 0.0,
        "abs_sum": 0.0,
        "mean": 0.0,
        "std": 0.0,
        "min": -0.0,
        "max": -0.0,
        "ratio": 0.0,
        "trigger_rate": 0.0
      },
      "r_contact": {
        "sum": 480.0,
        "abs_sum": 480.0,
        "mean": 1.3559322033898304,
        "std": 5.0279311776919755,
        "min": 0.0,
        "max": 20.0,
        "ratio": 0.46900174940537354,
        "trigger_rate": 0.06779661016949153
      }
    },
    "dominant_component": "r_contact",
    "dominant_component_ratio": 0.46900174940537354
  },
  "edit_plan": [
    {
      "operator": "convert_to_one_time_event",
      "target": "r_contact"
    }
  ],
  "outcome": {
    "status": "pending",
    "before": {
      "task_score": 0.05828165053533671,
      "hack_score": 0.75
    },
    "after": {},
    "delta": {},
    "note": "Pending until the edited schema is trained in the next iteration."
  },
  "lesson": "The reward schema is dominated by a repeatable event bonus for contact, leading to reward hacking (high reward but poor task progress). Converting r_contact to a one‑time event will prevent repeated exploitation and incentivize a single successful landing.",
  "metadata": {
    "config_path": "configs/eg_rsa_deepseek_memory_test.yml",
    "iteration": 0,
    "validation_errors": [],
    "gate_result": {
      "accepted_edits": [
        {
          "operator": "convert_to_one_time_event",
          "target": "r_contact"
        }
      ],
      "rejected_edits": [],
      "warnings": []
    },
    "structural_response": {},
    "experiment_mode": {
      "use_memory": true,
      "use_attribution": true,
      "use_hack_detector": true,
      "use_llm_edit": true,
      "use_operator_constraints": true,
      "free_rewrite": false,
      "one_shot": false
    },
    "edit_generated": true,
    "edit_decision": "edit",
    "next_action": "apply_edit",
    "agent_analysis": {
      "diagnostic_analysis": {
        "observed_facts": [
          "Episode reward mean is -12.69, with a high standard deviation of 61.46, indicating wide variability and mostly negative outcomes.",
          "Component r_distance (distance penalty) is always active, contributing -0.93 mean per step, with trigger rate 1.0.",
          "Component r_velocity (velocity penalty) is always active, contributing -0.51 mean per step, with trigger rate 1.0.",
          "Component r_angle (angle penalty) is always active, contributing -0.09 mean per step, with trigger rate 1.0.",
          "Component r_energy (action penalty) has trigger rate 0.0, contributing nothing to the reward.",
          "Component r_contact (event bonus for contact) has trigger rate 0.068, mean 1.36, and total absolute sum accounts for 46.9% of the total absolute reward sum, dominating the episodic reward.",
          "Detector flags ‘high_reward_low_progress’, ‘repeated_event_exploitation’, and ‘shaping_goal_mismatch’ are all true, with a hack score of 0.75.",
          "Repeated event toggle count shows contact event triggered 8 times, but the maximum toggle count is for ‘low_angle’ at 9, indicating event toggling may be frequent but not exclusively contact.",
          "The environment’s true task is to land softly and quickly at the pad while minimizing fuel; the current schema provides a large, repeatable bonus for making contact, which could be gamed by bouncing or crashing."
        ],
        "likely_true_failures": [
          "The contact bonus (weight 20) is too large relative to the negative shaping penalties, creating a dominant incentive to trigger the contact event even at the expense of safe landing.",
          "The agent can obtain the contact bonus repeatedly (e.g., by bouncing) and still fail the episode, causing episodes with high total rewards but poor landing performance (reward hacking).",
          "The shaping components (distance, velocity, angle) are too weak to counteract the exploitation of the contact bonus, leading to task failure."
        ],
        "likely_false_positives": [
          "The detector’s ‘component_dominance’ flag is false, so that specific flag is not a concern.",
          "The repeated event flag for events other than contact may be spurious; the core issue is the repeatability and magnitude of the contact bonus itself."
        ],
        "root_cause_hypotheses": [
          "The contact bonus is an event bonus that can fire multiple times per episode, allowing the agent to collect large, sparse rewards from brief or unstable contacts while ignoring proper descent and landing behavior.",
          "The shaping penalties, while active, sum to a modest per-step penalty, and the agent may learn that quickly making contact (even if it later crashes) can still result in a net positive episode reward, thus encouraging a hack."
        ],
        "failure_kind": "reward_hack",
        "edit_need": "must_edit",
        "confidence": 0.9
      },
      "memory_reflection": {
        "lesson_assessments": [],
        "reusable_lessons": [],
        "failed_or_weak_lessons": [],
        "avoid_actions": [],
        "recommended_actions": [],
        "memory_confidence": 0.0
      },
      "reward_editor": {
        "edit_decision": "edit",
        "next_action": "apply_edit",
        "rationale": "The diagnostic strongly indicates a reward hack via repeated exploitation of the contact bonus. Converting the existing r_contact event_bonus component to a one‑time event will remove the ability to repeatedly collect the bonus, thereby aligning the reward with a single successful landing contact while preserving a meaningful terminal incentive.",
        "expected_effect": "The agent will no longer be able to exploit multiple contact events; episode reward will better correlate with successful sustained landing. The shaping penalties will more directly guide descent, and the overall learned policy should favor a stable, fuel‑efficient landing.",
        "risk_analysis": "A one‑time contact bonus may still be too large relative to the ongoing shaping penalties, possibly leading to sparse‑reward issues if the agent fails to ever achieve contact. However, the mean episode reward is currently negative, so the dense penalties provide a baseline gradient. The edit is conservative and should not break the learning signal.",
        "edit_plan": [
          {
            "operator": "convert_to_one_time_event",
            "target": "r_contact"
          }
        ]
      },
      "auditor_check": {
        "approved": true,
        "issues": [],
        "final_action": "apply_edit"
      },
      "distilled_lessons": {
        "what_worked": [],
        "what_failed": [],
        "avoid_next": [],