{
  "memory_id": "iter_000_to_001",
  "env_family": "landing_control",
  "failure_modes": [
    "high_reward_low_progress",
    "repeated_event_exploitation",
    "shaping_goal_mismatch"
  ],
  "reward_attribution": {
    "episode_reward_mean": 17.85335327518004,
    "episode_reward_std": 99.64672475303564,
    "component_stats": {
      "r_distance": {
        "sum": -334.2565203515581,
        "abs_sum": 334.2565203515581,
        "mean": -0.9182871438229618,
        "std": 0.41055679946945856,
        "min": -1.4394692717462547,
        "max": -0.09559983490623476,
        "ratio": 0.2807148661956965,
        "trigger_rate": 1.0
      },
      "r_velocity": {
        "sum": -181.09354284789316,
        "abs_sum": 181.09354284789316,
        "mean": -0.4975097330986076,
        "std": 0.2476421970357711,
        "min": -0.9829799796264966,
        "max": -0.061283385973201786,
        "ratio": 0.1520857382108328,
        "trigger_rate": 1.0
      },
      "r_angle": {
        "sum": -34.57317042464855,
        "abs_sum": 34.57317042464855,
        "mean": -0.09498123743035317,
        "std": 0.11470340151563994,
        "min": -0.6,
        "max": -0.009057891718111931,
        "ratio": 0.029035193986668303,
        "trigger_rate": 1.0
      },
      "r_energy": {
        "sum": -0.81,
        "abs_sum": 0.81,
        "mean": -0.0022252747252747254,
        "std": 0.007861704278036362,
        "min": -0.03,
        "max": -0.0,
        "ratio": 0.000680253122300698,
        "trigger_rate": 0.07417582417582418
      },
      "r_contact": {
        "sum": 640.0,
        "abs_sum": 640.0,
        "mean": 1.7582417582417582,
        "std": 5.663340099659396,
        "min": 0.0,
        "max": 20.0,
        "ratio": 0.5374839484845021,
        "trigger_rate": 0.08791208791208792
      }
    },
    "dominant_component": "r_contact",
    "dominant_component_ratio": 0.5374839484845021
  },
  "edit_plan": [
    {
      "operator": "convert_to_one_time_event",
      "target": "r_contact"
    }
  ],
  "outcome": {
    "status": "pending",
    "before": {
      "task_score": 0.058569109497334244,
      "hack_score": 0.75
    },
    "after": {},
    "delta": {},
    "note": "Pending until the edited schema is trained in the next iteration."
  },
  "lesson": "Repeatable contact bonus (r_contact) dominates reward and induces bouncing exploitation. Convert to one‑time event to close the reward hack, then re‑evaluate dense shaping.",
  "metadata": {
    "config_path": "configs/eg_rsa_deepseek_memory_test.yml",
    "iteration": 0,
    "validation_errors": [],
    "validation_warnings": [],
    "candidate_evaluation": {
      "accepted_edits": [
        {
          "operator": "convert_to_one_time_event",
          "target": "r_contact"
        }
      ],
      "rejected_edits": [],
      "reports": [],
      "warnings": []
    },
    "gate_result": {
      "accepted_edits": [
        {
          "operator": "convert_to_one_time_event",
          "target": "r_contact"
        }
      ],
      "rejected_edits": [],
      "warnings": []
    },
    "structural_response": {},
    "experiment_mode": {
      "use_memory": true,
      "use_attribution": true,
      "use_hack_detector": true,
      "use_llm_edit": true,
      "use_operator_constraints": true,
      "free_rewrite": false,
      "one_shot": false
    },
    "edit_generated": true,
    "edit_decision": "edit",
    "next_action": "apply_edit",
    "agent_analysis": {
      "diagnostic_analysis": {
        "observed_facts": [
          "Mean episode reward is 17.85, but standard deviation is 99.6, indicating high variance and some episodes exploiting large rewards.",
          "r_contact (event_bonus for any contact) contributes 53.7% of total absolute reward, dominating the dense shaping components.",
          "r_contact trigger rate is 0.088 (about 8.8% of steps), but induces repeated toggle counts (7 per episode) suggesting multiple ground contacts per episode.",
          "Detector flags: high_reward_low_progress, repeated_event_exploitation, and shaping_goal_mismatch are all true.",
          "Dense shaping components (r_distance, r_velocity, r_angle, r_energy) are active but their average per‑step penalties are relatively small compared to the largesse of the repeatable contact bonus.",
          "No previous edits have been applied; the schema is identical to the one in the successful memory lesson."
        ],
        "likely_true_failures": [
          "r_contact is being exploited by the agent bouncing on the ground repeatedly to collect the 20‑point bonus multiple times per episode, inflating episode returns without learning a stable controlled landing.",
          "The sparse, repeatable contact bonus overwhelms the dense shaping signals, causing the agent to ignore fuel efficiency and precise landing (shaping_goal_mismatch)."
        ],
        "likely_false_positives": [
          "The component_dominance flag is false despite the ratio being above 0.5; the diagnostic system considers this borderline, but the other hack flags provide strong evidence.",
          "None of the dense shaping components are individually responsible for the hack; the problem is the structure of r_contact, not the other components."
        ],
        "root_cause_hypotheses": [
          "A large, repeatable event bonus for any ground contact encourages bouncing behavior rather than a controlled, sustained landing. This is a classic reward hacking scenario where the agent finds a cheap way to trigger the reward multiple times."
        ],
        "failure_kind": "reward_hack",
        "edit_need": "must_edit",
        "confidence": 0.85
      },
      "memory_reflection": {
        "lesson_assessments": [
          {
            "lesson_id": "lesson_iter_000_to_001",
            "quality": "strong",
            "status": "reusable_now",
            "reason": "The current schema is identical to the pre‑edit schema in that memory (r_contact is an event_bonus, no one‑time conversion applied). The memory shows a strong positive outcome: task_score increased from 0.059 to 0.458 after converting r_contact to one‑time. The same failure modes (high_reward_low_progress, repeated_event_exploitation, shaping_goal_mismatch) are present in the current diagnostics. The lesson is directly applicable and has not been applied yet."
          }
        ],
        "reusable_lessons": [
          "lesson_iter_000_to_001"
        ],
        "failed_or_weak_lessons": [],
        "avoid_actions": [
          "Do not disable r_contact or any dense components; the lesson shows that converting to one‑time preserves the positive incentive while removing exploitation.",
          "Do not add new dense components before closing the known exploit, as the agent may ignore them while still exploiting the contact bonus."
        ],
        "recommended_actions": [
          "Apply convert_to_one_time_event on r_contact.",
          "After training, monitor whether the dense shaping penalties need weight adjustments to further guide stable landing."
        ],
        "memory_confidence": 0.85
      },
      "reward_editor": {
        "edit_decision": "edit",
        "next_action": "apply_edit",
        "rationale": "The strong retrieved lesson proves that converting r_contact to a one‑time event is a safe and effective first step to eliminate repeated exploitation. The current diagnostics mirror the pre‑edit state of that successful trial, so reusing the edit is the most reliable action. This will remove the incentive to bounce and allow the dense shaping components to exert more influence on task progress.",