{
  "note": "Post-hoc oracle reward evaluation only. Not used by EG-RSA reward search.",
  "env_id": "LunarLander-v3",
  "num_episodes": 5,
  "return_mean": -114.97076816510499,
  "return_std": 12.406291577273615,
  "episode_length_mean": 57.4,
  "episode_returns": [
    -127.1460591443464,
    -120.22300033041188,
    -107.02220671306358,
    -125.81415794356771,
    -94.64841669413536
  ],
  "episode_lengths": [
    53,
    53,
    62,
    69,
    50
  ]
}