{
  "eval_generated_return": -837.0606547687572,
  "eval_hidden_return": -357.71201937699334,
  "eval_episode_length": 74.33333333333333,
  "component_returns": {
    "velocity_penalty": -236.70328149901857,
    "angle_penalty": -48.68809541763039,
    "distance_reward": -435.8359445187751,
    "fuel_efficiency_penalty": -19.166666666666668,
    "ground_contact_bonus": 3.3333333333333335,
    "terminal": -100.0
  },
  "diagnostics": {
    "generated_private_gap": -479.3486353917639,
    "action_mean": 1.031390134529148,
    "action_std": 0.9995072083052937,
    "episode_length_mean": 74.33333333333333,
    "component_returns": {
      "velocity_penalty": -236.70328149901857,
      "angle_penalty": -48.68809541763039,
      "distance_reward": -435.8359445187751,
      "fuel_efficiency_penalty": -19.166666666666668,
      "ground_contact_bonus": 3.3333333333333335,
      "terminal": -100.0
    }
  }
}