{
  "attribution": {
    "episode_reward_mean": 1659.2619533254592,
    "episode_reward_std": 49.103830029449625,
    "component_stats": {
      "r_approach_region": {
        "sum": 2660.459846282268,
        "abs_sum": 2660.459846282268,
        "mean": 0.443409974380378,
        "std": 0.01390747389401093,
        "min": 0.3997824898619974,
        "max": 0.4756365269332059,
        "ratio": 0.2622762430761642,
        "trigger_rate": 1.0
      },
      "r_approach_progress": {
        "sum": 0.6213216472300255,
        "abs_sum": 0.6213216472300255,
        "mean": 0.00010355360787167092,
        "std": 0.0002066640073423674,
        "min": 0.0,
        "max": 0.003297383037695445,
        "ratio": 6.125178232067761e-05,
        "trigger_rate": 0.5821666666666667
      },
      "r_stability": {
        "sum": 7212.13627952552,
        "abs_sum": 7212.13627952552,
        "mean": 1.2020227132542534,
        "std": 0.15960943908180505,
        "min": 0.4650355668232904,
        "max": 1.479088354673852,
        "ratio": 0.7109943833922336,
        "trigger_rate": 1.0
      },
      "r_landing_quality": {
        "sum": 176.43427249773862,
        "abs_sum": 176.43427249773862,
        "mean": 0.029405712082956437,
        "std": 0.0040782303488025575,
        "min": 0.011092636874423903,
        "max": 0.03729284705547534,
        "ratio": 0.017393428510205554,
        "trigger_rate": 1.0
      },
      "r_energy": {
        "sum": -94.08,
        "abs_sum": 94.08,
        "mean": -0.01568,
        "std": 0.008230285535751478,
        "min": -0.02,
        "max": -0.0,
        "ratio": 0.009274693238872351,
        "trigger_rate": 0.784
      },
      "r_safe_contact_once": {
        "sum": 0.0,
        "abs_sum": 0.0,
        "mean": 0.0,
        "std": 0.0,
        "min": 0.0,
        "max": 0.0,
        "ratio": 0.0,
        "trigger_rate": 0.0
      },
      "r_stable_landing_once": {
        "sum": 0.0,
        "abs_sum": 0.0,
        "mean": 0.0,
        "std": 0.0,
        "min": 0.0,
        "max": 0.0,
        "ratio": 0.0,
        "trigger_rate": 0.0
      }
    },
    "dominant_component": "r_stability",
    "dominant_component_ratio": 0.7109943833922336
  },
  "diagnostics": {
    "hack_flags": {
      "high_reward_low_progress": false,
      "component_dominance": true,
      "repeated_event_exploitation": false,
      "shaping_goal_mismatch": true,
      "terminal_success_dominance": false,
      "unstable_contact_behavior": true,
      "reward_repetition_risk": false
    },
    "failure_modes": [
      "single_component_dominance",
      "shaping_goal_mismatch"
    ],
    "hack_score": 0.4,
    "suspected_components": [
      "r_stability"
    ],
    "dominant_component": "r_stability",
    "dominant_component_ratio": 0.7109943833922336,
    "raw_component_dominance": true,
    "benign_terminal_dominance": false,
    "repeated_event_details": {
      "flag": false,
      "event_toggle_counts": {},
      "max_event": null,
      "max_toggle_count": 0
    },
    "semantic_notes": [
      "contact_or_landing_toggles_observed_but_not_repeated_reward_exploitation"
    ]
  },
  "semantic_outcome": {
    "episode_count": 6,
    "semantic_score": 0.057251522130286225,
    "success_episode_rate": 0.0,
    "terminal_reward_paid_episode_rate": 0.0,
    "terminal_reward_payment_count_mean": 0.0,
    "terminal_reward_payment_count_max": 0,
    "safe_contact_episode_rate": 0.0,
    "stable_landing_episode_rate": 0.0,
    "progress_score_mean": 0.15725152213028623,
    "progress_score_std": 0.02046763144084538,
    "episode_length_mean": 1000.0,
    "episode_length_std": 0.0,
    "contact_toggle_mean": 388.3333333333333,
    "contact_toggle_max": 424.0,
    "reward_repetition_risk": false,
    "one_time_repeat_violations": [],
    "terminal_goal_evidence": false,
    "unstable_contact_behavior": true,
    "event_rule_payment_stats": {
      "r_stable_landing_once": {
        "episode_payment_counts": [
          0,
          0,
          0,
          0,
          0,
          0
        ],
        "episode_paid_rate": 0.0,
        "payment_count_mean": 0.0,
        "payment_count_max": 0,
        "one_time": true
      }
    },
    "terminal_rule_names": [
      "r_stable_landing_once"
    ],
    "one_time_rule_names": [
      "r_safe_contact_once",
      "r_stable_landing_once"
    ],
    "semantic_risks": [
      "unstable_contact_behavior"
    ]
  },
  "experiment_mode": {
    "use_memory": true,
    "use_attribution": true,
    "use_hack_detector": true,
    "use_llm_edit": true,
    "use_operator_constraints": true,
    "free_rewrite": false,
    "one_shot": false
  }
}