{
  "memory_id": "iter_002_to_003",
  "env_family": "landing_control",
  "failure_modes": [
    "single_component_dominance",
    "shaping_goal_mismatch"
  ],
  "reward_attribution": {
    "episode_reward_mean": 1659.2619533254592,
    "episode_reward_std": 49.103830029449625,
    "component_stats": {
      "r_approach_region": {
        "sum": 2660.459846282268,
        "abs_sum": 2660.459846282268,
        "mean": 0.443409974380378,
        "std": 0.01390747389401093,
        "min": 0.3997824898619974,
        "max": 0.4756365269332059,
        "ratio": 0.2622762430761642,
        "trigger_rate": 1.0
      },
      "r_approach_progress": {
        "sum": 0.6213216472300255,
        "abs_sum": 0.6213216472300255,
        "mean": 0.00010355360787167092,
        "std": 0.0002066640073423674,
        "min": 0.0,
        "max": 0.003297383037695445,
        "ratio": 6.125178232067761e-05,
        "trigger_rate": 0.5821666666666667
      },
      "r_stability": {
        "sum": 7212.13627952552,
        "abs_sum": 7212.13627952552,
        "mean": 1.2020227132542534,
        "std": 0.15960943908180505,
        "min": 0.4650355668232904,
        "max": 1.479088354673852,
        "ratio": 0.7109943833922336,
        "trigger_rate": 1.0
      },
      "r_landing_quality": {
        "sum": 176.43427249773862,
        "abs_sum": 176.43427249773862,
        "mean": 0.029405712082956437,
        "std": 0.0040782303488025575,
        "min": 0.011092636874423903,
        "max": 0.03729284705547534,
        "ratio": 0.017393428510205554,
        "trigger_rate": 1.0
      },
      "r_energy": {
        "sum": -94.08,
        "abs_sum": 94.08,
        "mean": -0.01568,
        "std": 0.008230285535751478,
        "min": -0.02,
        "max": -0.0,
        "ratio": 0.009274693238872351,
        "trigger_rate": 0.784
      },
      "r_safe_contact_once": {
        "sum": 0.0,
        "abs_sum": 0.0,
        "mean": 0.0,
        "std": 0.0,
        "min": 0.0,
        "max": 0.0,
        "ratio": 0.0,
        "trigger_rate": 0.0
      },
      "r_stable_landing_once": {
        "sum": 0.0,
        "abs_sum": 0.0,
        "mean": 0.0,
        "std": 0.0,
        "min": 0.0,
        "max": 0.0,
        "ratio": 0.0,
        "trigger_rate": 0.0
      }
    },
    "dominant_component": "r_stability",
    "dominant_component_ratio": 0.7109943833922336
  },
  "edit_plan": [],
  "outcome": {
    "status": "not_applicable",
    "before": {
      "task_score": 0.057251522130286225,
      "semantic_score": 0.057251522130286225,
      "selection_score": -0.28549695573942757,
      "hack_score": 0.4,
      "true_hack_risk": true,
      "terminal_goal_evidence": false,
      "reward_repetition_risk": false,
      "high_reward_low_progress": false,
      "shaping_goal_mismatch": true,
      "unstable_contact_behavior": true,
      "benign_terminal_dominance": false,
      "success_episode_rate": 0.0,
      "terminal_reward_paid_episode_rate": 0.0,
      "safe_contact_episode_rate": 0.0,
      "stable_landing_episode_rate": 0.0
    },
    "after": {},
    "delta": {},
    "note": "No edit was generated for this iteration."
  },
  "lesson": "Final iteration; edit generation skipped.",
  "metadata": {
    "config_path": "configs/eg_rsa_deepseek_v1_active_smoke_3x100k_v5.yml",
    "iteration": 2,
    "schema_snapshot": {
      "version": 1,
      "components": [
        {
          "name": "r_approach_region",
          "type": "metric_value",
          "weight": 1.5,
          "inputs": [],
          "params": {
            "metric": "approach_region_score"
          },
          "clip": [
            0.0,
            1.0
          ],
          "enabled": true,
          "semantic_role": "dense_guidance",
          "reward_timing": "dense",
          "behavior_channel": "progress"
        },
        {
          "name": "r_approach_progress",
          "type": "metric_delta",
          "weight": 2.0,
          "inputs": [],
          "params": {
            "metric": "approach_region_score",
            "positive_only": true
          },
          "clip": [
            0.0,
            1.0
          ],
          "enabled": true,
          "semantic_role": "dense_guidance",
          "reward_timing": "dense",
          "behavior_channel": "progress"
        },
        {
          "name": "r_stability",
          "type": "metric_value",
          "weight": 1.0,
          "inputs": [],
          "params": {
            "metric": "stability"
          },
          "clip": [
            0.0,
            1.0
          ],
          "enabled": true,
          "semantic_role": "stability_quality",
          "reward_timing": "dense",
          "behavior_channel": "stability"
        },
        {
          "name": "r_landing_quality",
          "type": "metric_value",
          "weight": 2.0,
          "inputs": [],
          "params": {
            "metric": "landing_quality"
          },
          "clip": [
            0.0,
            1.0
          ],
          "enabled": true,
          "semantic_role": "stability_quality",
          "reward_timing": "dense",
          "behavior_channel": "stability"
        },
        {
          "name": "r_energy",
          "type": "action_penalty",
          "weight": 0.02,
          "inputs": [
            "action"
          ],
          "params": {},
          "clip": [
            -1.0,
            0.0
          ],
          "enabled": true,
          "semantic_role": "control_cost",
          "reward_timing": "dense",
          "behavior_channel": "control_effort"
        }
      ],
      "event_rules": [
        {
          "name": "r_safe_contact_once",
          "type": "event_bonus",
          "weight": 10.0,
          "condition": {
            "safe_contact": true,
            "duration_steps": 2
          },
          "one_time": true,
          "enabled": true,
          "semantic_role": "safety_constraint",
          "reward_timing": "sparse_event",
          "behavior_channel": "safety"
        },
        {
          "name": "r_stable_landing_once",
          "type": "event_bonus",
          "weight": 40.0,
          "condition": {
            "stable_landing_condition": true,
            "duration_steps": 5
          },
          "one_time": true,
          "enabled": true,
          "semantic_role": "terminal_success",
          "reward_timing": "sparse_terminal",
          "behavior_channel": "success"
        }
      ],
      "metadata": {
        "env": "LunarLander-v3",
        "note": "Aligned initial schema for EG-RSA. v1 adds semantic_role metadata so generic tools can reason over reward roles rather than environment-specific names.",
        "semantic_role_version": 1
      }
    },
    "validation_errors": [],
    "validation_warnings": [],
    "candidate_evaluation": {},
    "gate_result": {},
    "reflection_report": {},
    "semantic_outcome": {
      "episode_count": 6,
      "semantic_score": 0.057251522130286225,
      "success_episode_rate": 0.0,
      "terminal_reward_paid_episode_rate": 0.0,
      "terminal_reward_payment_count_mean": 0.0,
      "terminal_reward_payment_count_max": 0,
      "safe_contact_episode_rate": 0.0,
      "stable_landing_episode_rate": 0.0,
      "progress_score_mean": 0.15725152213028623,
      "progress_score_std": 0.02046763144084538,
      "episode_length_mean": 1000.0,
      "episode_length_std": 0.0,
      "contact_toggle_mean": 388.3333333333333,
      "contact_toggle_max": 424.0,
      "reward_repetition_risk": false,
      "one_time_repeat_violations": [],
      "terminal_goal_evidence": false,
      "unstable_contact_behavior": true,
      "event_rule_payment_stats": {
        "r_stable_landing_once": {
          "episode_payment_counts": [
            0,
            0,
            0,
            0,
            0,
            0
          ],
          "episode_paid_rate": 0.0,
          "payment_count_mean": 0.0,
          "payment_count_max": 0,