{
  "note": "Post-hoc oracle reward evaluation only. Not used by EG-RSA reward search.",
  "env_id": "LunarLander-v3",
  "num_episodes": 6,
  "return_mean": -121.08193975210456,
  "return_std": 20.717785056177682,
  "episode_length_mean": 1000.0,
  "episode_returns": [
    -120.21606016709431,
    -95.55099402421072,
    -158.70729861691206,
    -108.8310677157808,
    -108.24195388992042,
    -134.94426409870897
  ],
  "episode_lengths": [
    1000,
    1000,
    1000,
    1000,
    1000,
    1000
  ]
}