{
  "attribution": {
    "episode_reward_mean": 2039.2146418477435,
    "episode_reward_std": 5185.848060562662,
    "component_stats": {
      "r_distance": {
        "sum": -1156.0373883862012,
        "abs_sum": 1156.0373883862012,
        "mean": -0.5518078226187118,
        "std": 0.4513538327858694,
        "min": -1.5322553794719025,
        "max": -0.1617940106770025,
        "ratio": 0.04791298092390251,
        "trigger_rate": 1.0
      },
      "r_velocity": {
        "sum": -492.330712874357,
        "abs_sum": 492.330712874357,
        "mean": -0.23500272690900095,
        "std": 0.2620023140834578,
        "min": -1.0,
        "max": -0.0,
        "ratio": 0.020405077111848503,
        "trigger_rate": 0.9990453460620525
      },
      "r_angle": {
        "sum": -174.57548026200132,
        "abs_sum": 174.57548026200132,
        "mean": -0.08332958485059729,
        "std": 0.13092614861568042,
        "min": -0.6,
        "max": -0.005653211317257955,
        "ratio": 0.0072354335072595906,
        "trigger_rate": 1.0
      },
      "r_energy": {
        "sum": -44.91000000000001,
        "abs_sum": 44.91000000000001,
        "mean": -0.021436754176610985,
        "std": 0.013548734098427096,
        "min": -0.03,
        "max": -0.0,
        "ratio": 0.001861334239627216,
        "trigger_rate": 0.7145584725536993
      },
      "r_contact": {
        "sum": 22260.0,
        "abs_sum": 22260.0,
        "mean": 10.625298329355608,
        "std": 9.980430952584417,
        "min": 0.0,
        "max": 20.0,
        "ratio": 0.922585174217364,
        "trigger_rate": 0.5312649164677804
      }
    },
    "dominant_component": "r_contact",
    "dominant_component_ratio": 0.922585174217364
  },
  "diagnostics": {
    "hack_flags": {
      "high_reward_low_progress": false,
      "component_dominance": true,
      "repeated_event_exploitation": true,
      "shaping_goal_mismatch": true
    },
    "failure_modes": [
      "single_component_dominance",
      "repeated_event_exploitation",
      "shaping_goal_mismatch"
    ],
    "hack_score": 0.75,
    "suspected_components": [
      "r_contact"
    ],
    "dominant_component": "r_contact",
    "dominant_component_ratio": 0.922585174217364,
    "repeated_event_details": {
      "flag": true,
      "event_toggle_counts": {
        "low_vy": 34,
        "engine_on": 36,
        "near_y": 12,
        "near_goal": 11,
        "low_angle": 16,
        "left_contact": 32,
        "contact": 39,
        "right_contact": 32,
        "both_contact": 25,
        "near_x": 11,
        "low_vx": 6,
        "stable_motion": 3,
        "stable_landing_condition": 7
      },
      "max_event": "contact",
      "max_toggle_count": 39
    }
  },
  "experiment_mode": {
    "use_memory": true,
    "use_attribution": true,
    "use_hack_detector": true,
    "use_llm_edit": true,
    "use_operator_constraints": true,
    "free_rewrite": false,
    "one_shot": false
  }
}