{
  "memory_id": "iter_000_to_001",
  "env_family": "landing_control",
  "failure_modes": [
    "single_component_dominance",
    "repeated_event_exploitation",
    "shaping_goal_mismatch"
  ],
  "reward_attribution": {
    "episode_reward_mean": 2039.2146418477435,
    "episode_reward_std": 5185.848060562662,
    "component_stats": {
      "r_distance": {
        "sum": -1156.0373883862012,
        "abs_sum": 1156.0373883862012,
        "mean": -0.5518078226187118,
        "std": 0.4513538327858694,
        "min": -1.5322553794719025,
        "max": -0.1617940106770025,
        "ratio": 0.04791298092390251,
        "trigger_rate": 1.0
      },
      "r_velocity": {
        "sum": -492.330712874357,
        "abs_sum": 492.330712874357,
        "mean": -0.23500272690900095,
        "std": 0.2620023140834578,
        "min": -1.0,
        "max": -0.0,
        "ratio": 0.020405077111848503,
        "trigger_rate": 0.9990453460620525
      },
      "r_angle": {
        "sum": -174.57548026200132,
        "abs_sum": 174.57548026200132,
        "mean": -0.08332958485059729,
        "std": 0.13092614861568042,
        "min": -0.6,
        "max": -0.005653211317257955,
        "ratio": 0.0072354335072595906,
        "trigger_rate": 1.0
      },
      "r_energy": {
        "sum": -44.91000000000001,
        "abs_sum": 44.91000000000001,
        "mean": -0.021436754176610985,
        "std": 0.013548734098427096,
        "min": -0.03,
        "max": -0.0,
        "ratio": 0.001861334239627216,
        "trigger_rate": 0.7145584725536993
      },
      "r_contact": {
        "sum": 22260.0,
        "abs_sum": 22260.0,
        "mean": 10.625298329355608,
        "std": 9.980430952584417,
        "min": 0.0,
        "max": 20.0,
        "ratio": 0.922585174217364,
        "trigger_rate": 0.5312649164677804
      }
    },
    "dominant_component": "r_contact",
    "dominant_component_ratio": 0.922585174217364
  },
  "edit_plan": [
    {
      "operator": "convert_to_one_time_event",
      "target": "r_contact"
    }
  ],
  "outcome": {
    "status": "pending",
    "before": {
      "task_score": 0.08395550024470591,
      "hack_score": 0.75
    },
    "after": {},
    "delta": {},
    "note": "Pending until the edited schema is trained in the next iteration."
  },
  "lesson": "Repeated contact event exploitation (bouncing) inflates r_contact, creating single-component dominance. Converting r_contact to a one-time event resolves this.",
  "metadata": {
    "config_path": "configs/eg_rsa_deepseek_memory_10iter_500k.yml",
    "iteration": 0,
    "validation_errors": [],
    "experiment_mode": {
      "use_memory": true,
      "use_attribution": true,
      "use_hack_detector": true,
      "use_llm_edit": true,
      "use_operator_constraints": true,
      "free_rewrite": false,
      "one_shot": false
    },
    "edit_generated": true
  }
}