{
  "note": "Post-hoc oracle reward evaluation only. Not used by EG-RSA reward search.",
  "env_id": "LunarLander-v3",
  "num_episodes": 10,
  "return_mean": -129.9751263788463,
  "return_std": 93.07936802647926,
  "episode_length_mean": 89.6,
  "episode_returns": [
    -51.99809483406422,
    -156.63633926429497,
    20.72651561023612,
    -219.5640715753967,
    -24.07380898122868,
    -136.99974122716293,
    -251.12309120329758,
    -172.4698823534237,
    -53.2420645242246,
    -254.37068543560582
  ],
  "episode_lengths": [
    91,
    60,
    82,
    81,
    77,
    161,
    91,
    93,
    67,
    93
  ]
}