{
  "note": "Post-hoc oracle reward evaluation only. Not used by EG-RSA reward search.",
  "env_id": "LunarLander-v3",
  "num_episodes": 10,
  "return_mean": -106.42494121006378,
  "return_std": 14.597616875457023,
  "episode_length_mean": 67.1,
  "episode_returns": [
    -93.97578413127309,
    -96.53594186726372,
    -107.02220671306358,
    -115.87144285467747,
    -81.33587638857696,
    -119.58392296839116,
    -125.622693617128,
    -118.77228032763067,
    -87.9641070123514,
    -117.56515622028174
  ],
  "episode_lengths": [
    54,
    54,
    62,
    69,
    51,
    81,
    70,
    86,
    54,
    90
  ]
}