{
  "eval_generated_return": -452.44634700624664,
  "eval_hidden_return": -127.70134255719263,
  "eval_episode_length": 58.666666666666664,
  "component_returns": {
    "velocity_penalty": -141.0158936838309,
    "angle_penalty": -40.52952601769939,
    "distance_reward": -220.90092730471633,
    "fuel_efficiency_penalty": 0.0,
    "ground_contact_bonus": 0.0,
    "terminal": -50.0
  },
  "diagnostics": {
    "generated_private_gap": -324.745004449054,
    "action_mean": 0.0,
    "action_std": 0.0,
    "episode_length_mean": 58.666666666666664,
    "component_returns": {
      "velocity_penalty": -141.0158936838309,
      "angle_penalty": -40.52952601769939,
      "distance_reward": -220.90092730471633,
      "fuel_efficiency_penalty": 0.0,
      "ground_contact_bonus": 0.0,
      "terminal": -50.0
    }
  }
}