{
  "attribution": {
    "episode_reward_mean": 261.29715009039546,
    "episode_reward_std": 78.64966599260966,
    "component_stats": {
      "r_approach_region": {
        "sum": 838.430963056561,
        "abs_sum": 838.430963056561,
        "mean": 0.24415578423312784,
        "std": 0.03670475175745433,
        "min": 0.13757105522615054,
        "max": 0.26249999999999996,
        "ratio": 0.31147461951737787,
        "trigger_rate": 1.0
      },
      "r_approach_progress": {
        "sum": 14.450370518755603,
        "abs_sum": 14.450370518755603,
        "mean": 0.004208028689212465,
        "std": 0.005877668308179693,
        "min": 0.0,
        "max": 0.03693651380653762,
        "ratio": 0.005368269848725638,
        "trigger_rate": 0.46126965637740247
      },
      "r_stability": {
        "sum": 659.0013319113568,
        "abs_sum": 659.0013319113568,
        "mean": 0.19190487242613768,
        "std": 0.05589053166696527,
        "min": 0.05606306575386924,
        "max": 0.3481142217234126,
        "ratio": 0.24481704298018395,
        "trigger_rate": 1.0
      },
      "r_landing_quality": {
        "sum": 920.5088354172817,
        "abs_sum": 920.5088354172817,
        "mean": 0.26805731957404827,
        "std": 0.18288349368355986,
        "min": 0.028149655849336503,
        "max": 0.6962284434468252,
        "ratio": 0.34196630600179834,
        "trigger_rate": 1.0
      },
      "r_energy": {
        "sum": -39.42,
        "abs_sum": 39.42,
        "mean": -0.011479324403028538,
        "std": 0.009889974687055788,
        "min": -0.02,
        "max": -0.0,
        "ratio": 0.014644413246158627,
        "trigger_rate": 0.573966220151427
      },
      "r_safe_contact_once": {
        "sum": 60.0,
        "abs_sum": 60.0,
        "mean": 0.017472335468841003,
        "std": 0.4176338973092033,
        "min": 0.0,
        "max": 10.0,
        "ratio": 0.022289822292478882,
        "trigger_rate": 0.0017472335468841002
      },
      "r_stable_landing_once": {
        "sum": 160.0,
        "abs_sum": 160.0,
        "mean": 0.046592894583576,
        "std": 1.364384434650793,
        "min": 0.0,
        "max": 40.0,
        "ratio": 0.05943952611327702,
        "trigger_rate": 0.0011648223645894002
      }
    },
    "dominant_component": "r_landing_quality",
    "dominant_component_ratio": 0.34196630600179834
  },
  "diagnostics": {
    "hack_flags": {
      "high_reward_low_progress": false,
      "component_dominance": false,
      "repeated_event_exploitation": false,
      "shaping_goal_mismatch": false,
      "terminal_success_dominance": false,
      "unstable_contact_behavior": true,
      "reward_repetition_risk": false
    },
    "failure_modes": [],
    "hack_score": 0.0,
    "suspected_components": [],
    "dominant_component": "r_landing_quality",
    "dominant_component_ratio": 0.34196630600179834,
    "raw_component_dominance": false,
    "benign_terminal_dominance": false,
    "repeated_event_details": {
      "flag": true,
      "event_toggle_counts": {
        "landing_region": 12,
        "right_contact": 24,
        "contact": 14,
        "left_contact": 15,
        "both_contact": 23,
        "safe_contact": 11,
        "stable_both_contact": 12,
        "stable_landing_condition": 12
      },
      "max_event": "right_contact",
      "max_toggle_count": 24
    },
    "semantic_notes": [
      "contact_or_landing_toggles_observed_but_not_repeated_reward_exploitation"
    ]
  },
  "semantic_outcome": {
    "episode_count": 10,
    "semantic_score": 2.6583323344801326,
    "success_episode_rate": 0.6,
    "terminal_reward_paid_episode_rate": 0.4,
    "terminal_reward_payment_count_mean": 0.4,
    "terminal_reward_payment_count_max": 1,
    "safe_contact_episode_rate": 0.6,
    "stable_landing_episode_rate": 0.6,
    "progress_score_mean": 0.7926723344801323,
    "progress_score_std": 0.26682011437724484,
    "episode_length_mean": 343.4,
    "episode_length_std": 70.86070843563448,
    "contact_toggle_mean": 173.0,
    "contact_toggle_max": 262.0,
    "reward_repetition_risk": false,
    "one_time_repeat_violations": [],
    "terminal_goal_evidence": true,
    "unstable_contact_behavior": true,
    "event_rule_payment_stats": {
      "r_stable_landing_once": {
        "episode_payment_counts": [
          0,
          0,
          0,
          1,
          0,
          1,
          1,
          1,
          0,
          0
        ],
        "episode_paid_rate": 0.4,
        "payment_count_mean": 0.4,
        "payment_count_max": 1,
        "one_time": true
      }
    },
    "terminal_rule_names": [
      "r_stable_landing_once"
    ],
    "one_time_rule_names": [
      "r_safe_contact_once",
      "r_stable_landing_once"
    ],
    "semantic_risks": [
      "unstable_contact_behavior",
      "terminal_goal_evidence_present"
    ]
  },
  "experiment_mode": {
    "use_memory": true,
    "use_attribution": true,
    "use_hack_detector": true,
    "use_llm_edit": true,
    "use_operator_constraints": true,
    "free_rewrite": false,
    "one_shot": false
  }
}