{
  "note": "Post-hoc oracle reward evaluation only. Not used by EG-RSA reward search.",
  "env_id": "LunarLander-v3",
  "num_episodes": 10,
  "return_mean": 94.64625454235605,
  "return_std": 118.02485667235594,
  "episode_length_mean": 246.5,
  "episode_returns": [
    254.311989287658,
    21.190218777045985,
    -23.24626509597013,
    252.07661537777793,
    4.194892325733534,
    218.90972438029186,
    24.51271773533368,
    -27.02946655325526,
    224.48164739438454,
    -2.939528205439629
  ],
  "episode_lengths": [
    306,
    152,
    251,
    371,
    146,
    368,
    187,
    192,
    261,
    231
  ]
}