{
  "eval_generated_return": -136.88084285243943,
  "eval_hidden_return": -865.504401806137,
  "eval_episode_length": 133.66666666666666,
  "component_returns": {
    "progress": -2.3788210979682574,
    "stability": -58.468688421137834,
    "effort": -26.03333333333332,
    "terminal": -50.0
  },
  "diagnostics": {
    "generated_private_gap": 728.6235589536976,
    "action_mean": 2.0349127182044886,
    "action_std": 0.18355876528257303,
    "episode_length_mean": 133.66666666666666,
    "component_returns": {
      "progress": -2.3788210979682574,
      "stability": -58.468688421137834,
      "effort": -26.03333333333332,
      "terminal": -50.0
    }
  }
}