{
  "memory_id": "iter_002_to_003",
  "env_family": "landing_control",
  "failure_modes": [
    "repeated_event_exploitation",
    "shaping_goal_mismatch"
  ],
  "reward_attribution": {
    "episode_reward_mean": 2066.820334225681,
    "episode_reward_std": 1334.0054271854124,
    "component_stats": {
      "r_approach_region": {
        "sum": 7446.126507380131,
        "abs_sum": 7446.126507380131,
        "mean": 1.346983811031138,
        "std": 0.2928176429925519,
        "min": 0.39307596668686784,
        "max": 1.5,
        "ratio": 0.4462274052039905,
        "trigger_rate": 1.0
      },
      "r_approach_progress": {
        "sum": 11.54731403708875,
        "abs_sum": 11.54731403708875,
        "mean": 0.002088877358373508,
        "std": 0.007802921638766811,
        "min": 0.0,
        "max": 0.07308873715758857,
        "ratio": 0.0006920011330372469,
        "trigger_rate": 0.1248191027496382
      },
      "r_stability": {
        "sum": 3890.553033924291,
        "abs_sum": 3890.553033924291,
        "mean": 0.7037903462236417,
        "std": 0.2065852286823498,
        "min": 0.14609101013152972,
        "max": 0.981384664399553,
        "ratio": 0.2331509387351752,
        "trigger_rate": 1.0
      },
      "r_landing_quality": {
        "sum": 5262.475818463927,
        "abs_sum": 5262.475818463927,
        "mean": 0.9519674056555584,
        "std": 0.5209908445389552,
        "min": 0.0827197614859885,
        "max": 1.954690707040905,
        "ratio": 0.31536677856526557,
        "trigger_rate": 1.0
      },
      "r_energy": {
        "sum": -76.14,
        "abs_sum": 76.14,
        "mean": -0.013773516642547034,
        "std": 0.009260700413490364,
        "min": -0.02,
        "max": -0.0,
        "ratio": 0.004562876362435853,
        "trigger_rate": 0.6886758321273516
      },
      "r_safe_contact_once": {
        "sum": 0.0,
        "abs_sum": 0.0,
        "mean": 0.0,
        "std": 0.0,
        "min": 0.0,
        "max": 0.0,
        "ratio": 0.0,
        "trigger_rate": 0.0
      },
      "r_stable_landing_once": {
        "sum": 0.0,
        "abs_sum": 0.0,
        "mean": 0.0,
        "std": 0.0,
        "min": 0.0,
        "max": 0.0,
        "ratio": 0.0,
        "trigger_rate": 0.0
      }
    },
    "dominant_component": "r_approach_region",
    "dominant_component_ratio": 0.4462274052039905
  },
  "edit_plan": [
    {
      "operator": "decrease_weight",
      "target": "r_approach_region",
      "factor": 0.3,
      "note": "Aggressively reduce dominance of approach region to discourage loitering."
    }
  ],
  "outcome": {
    "status": "pending",
    "before": {
      "task_score": -0.22596077083603988,
      "hack_score": 0.5
    },
    "after": {},
    "delta": {},
    "note": "Pending until the edited schema is trained in the next iteration."
  },
  "lesson": "Shaping_goal_mismatch due to dominant approach region component; repeated event exploitation flag is a false positive. Need to rebalance toward landing completion and speed.",
  "metadata": {
    "config_path": "configs/eg_rsa_deepseek_aligned_long_5x500k.yml",
    "iteration": 2,
    "validation_errors": [
      "metric_stagnation_penalty requires non-negative params.threshold"
    ],
    "validation_warnings": [],
    "candidate_evaluation": {
      "accepted_edits": [
        {
          "operator": "decrease_weight",
          "target": "r_approach_region",
          "factor": 0.3,
          "note": "Aggressively reduce dominance of approach region to discourage loitering."
        },
        {
          "operator": "increase_weight",
          "target": "r_landing_quality",
          "factor": 2.0,
          "note": "Boost reward for high-quality landings to align with task goal."
        },
        {
          "operator": "increase_weight",
          "target": "r_stability",
          "factor": 1.5,
          "note": "Increase stability reward to maintain safe attitude during descent."
        },
        {
          "operator": "add_event_rule",
          "event_rule": {
            "name": "r_both_contact_bonus",
            "type": "event_bonus",
            "weight": 20.0,
            "condition": {
              "both_contact": true
            },
            "one_time": true,
            "enabled": true
          },
          "note": "Provide a strong one-time bonus when both legs touch ground, incentivizing landing completion."
        }
      ],
      "rejected_edits": [],
      "reports": [
        {
          "candidate_type": "terminal_event",
          "estimated_trigger_rate": 0.01609985528219971,
          "episode_trigger_rate": 0.625,
          "signal_density": "medium",
          "recommendation": "accept",
          "reason": "Event rule r_both_contact_bonus has non-zero estimated trigger signal on current rollouts."
        }
      ],
      "warnings": []
    },
    "gate_result": {
      "accepted_edits": [
        {
          "operator": "decrease_weight",
          "target": "r_approach_region",
          "factor": 0.3,
          "note": "Aggressively reduce dominance of approach region to discourage loitering."
        }
      ],
      "rejected_edits": [
        {
          "operator": "increase_weight",
          "target": "r_landing_quality",
          "factor": 2.0,
          "note": "Boost reward for high-quality landings to align with task goal.",
          "gate_reason": "multi_edit_limited_for_attribution"
        },
        {
          "operator": "increase_weight",
          "target": "r_stability",
          "factor": 1.5,
          "note": "Increase stability reward to maintain safe attitude during descent.",
          "gate_reason": "multi_edit_limited_for_attribution"
        },
        {
          "operator": "add_event_rule",
          "event_rule": {
            "name": "r_both_contact_bonus",
            "type": "event_bonus",
            "weight": 20.0,
            "condition": {
              "both_contact": true
            },
            "one_time": true,
            "enabled": true
          },
          "note": "Provide a strong one-time bonus when both legs touch ground, incentivizing landing completion.",
          "gate_reason": "multi_edit_limited_for_attribution"
        }
      ],
      "warnings": [
        "Edit plan had 4 evidence-supported edits; kept top 1 to preserve attribution."
      ]
    },
    "structural_response": {},
    "outcome_decision": {},
    "rollback_applied": false,
    "experiment_mode": {
      "use_memory": true,
      "use_attribution": true,
      "use_hack_detector": true,
      "use_llm_edit": true,
      "use_operator_constraints": true,
      "free_rewrite": false,
      "one_shot": false
    },
    "edit_generated": true,
    "edit_decision": "edit",
    "next_action": "apply_edit",
    "agent_analysis": {
      "diagnostic_analysis": {
        "observed_facts": [
          "Episode reward mean is high (2066.8) but with large standard deviation (1334.0).",
          "r_approach_region contributes 44.6% of total reward, heavily dominating other components.",
          "r_approach_progress contributes negligibly (0.07%) and triggers only 12.5% of the time.",
          "Event rules r_safe_contact_once and r_stable_landing_once never trigger (sum = 0).",
          "Leg contact toggles occur frequently (e.g., left_contact toggles up to 22 times per episode), but no event reward is collected.",
          "Detector flags repeated_event_exploitation and shaping_goal_mismatch with hack_score 0.5.",
          "Stability and landing quality components have decent magnitude but are overshadowed by approach region.",
          "Energy penalty is minimal (ratio 0.45%) and trigger rate 68.9%, indicating moderate fuel use."
        ],
        "likely_true_failures": [
          "Shaping_goal_mismatch: The reward over-emphasizes staying in the safe approach region, leading to slow, fuel-inefficient landings instead of the true objective (fast, safe landing)."
        ],