{
  "attribution": {
    "episode_reward_mean": -12.690068047111012,
    "episode_reward_std": 61.459480374310516,
    "component_stats": {
      "r_distance": {
        "sum": -330.4873769633421,
        "abs_sum": 330.4873769633421,
        "mean": -0.9335801609133958,
        "std": 0.40593947771004196,
        "min": -1.4394692717462547,
        "max": -0.09559983490623476,
        "ratio": 0.3229149124004179,
        "trigger_rate": 1.0
      },
      "r_velocity": {
        "sum": -180.8122022734187,
        "abs_sum": 180.8122022734187,
        "mean": -0.5107689329757591,
        "std": 0.24123161903490054,
        "min": -0.9829799796264966,
        "max": -0.061283385973201786,
        "ratio": 0.1766692482918159,
        "trigger_rate": 1.0
      },
      "r_angle": {
        "sum": -32.150760998794254,
        "abs_sum": 32.150760998794254,
        "mean": -0.09082135875365609,
        "std": 0.11571389309442486,
        "min": -0.6,
        "max": -0.009057891718111931,
        "ratio": 0.03141408990239283,
        "trigger_rate": 1.0
      },
      "r_energy": {
        "sum": 0.0,
        "abs_sum": 0.0,
        "mean": 0.0,
        "std": 0.0,
        "min": -0.0,
        "max": -0.0,
        "ratio": 0.0,
        "trigger_rate": 0.0
      },
      "r_contact_one_time": {
        "sum": 480.0,
        "abs_sum": 480.0,
        "mean": 1.3559322033898304,
        "std": 5.0279311776919755,
        "min": 0.0,
        "max": 20.0,
        "ratio": 0.46900174940537354,
        "trigger_rate": 0.06779661016949153
      }
    },
    "dominant_component": "r_contact_one_time",
    "dominant_component_ratio": 0.46900174940537354
  },
  "diagnostics": {
    "hack_flags": {
      "high_reward_low_progress": true,
      "component_dominance": false,
      "repeated_event_exploitation": true,
      "shaping_goal_mismatch": true
    },
    "failure_modes": [
      "high_reward_low_progress",
      "repeated_event_exploitation",
      "shaping_goal_mismatch"
    ],
    "hack_score": 0.75,
    "suspected_components": [],
    "dominant_component": "r_contact_one_time",
    "dominant_component_ratio": 0.46900174940537354,
    "repeated_event_details": {
      "flag": true,
      "event_toggle_counts": {
        "low_vy": 6,
        "near_y": 5,
        "near_goal": 3,
        "low_angle": 9,
        "left_contact": 4,
        "contact": 8,
        "right_contact": 8,
        "both_contact": 4,
        "low_vx": 1,
        "near_x": 2
      },
      "max_event": "low_angle",
      "max_toggle_count": 9
    }
  },
  "experiment_mode": {
    "use_memory": true,
    "use_attribution": true,
    "use_hack_detector": true,
    "use_llm_edit": true,
    "use_operator_constraints": true,
    "free_rewrite": false,
    "one_shot": false
  }
}