{
  "memory_id": "iter_001_to_002",
  "env_family": "landing_control",
  "failure_modes": [
    "high_reward_low_progress",
    "repeated_event_exploitation",
    "shaping_goal_mismatch"
  ],
  "reward_attribution": {
    "episode_reward_mean": 42.311087940899725,
    "episode_reward_std": 103.84866666195079,
    "component_stats": {
      "r_distance": {
        "sum": -286.99688268667376,
        "abs_sum": 286.99688268667376,
        "mean": -0.7653250204977967,
        "std": 0.2871959453810846,
        "min": -1.0,
        "max": -0.09534491663545955,
        "ratio": 0.12045740534314246,
        "trigger_rate": 1.0
      },
      "r_velocity": {
        "sum": -184.16973164527337,
        "abs_sum": 184.16973164527337,
        "mean": -0.49111928438739566,
        "std": 0.2479770786694298,
        "min": -0.9593336699047801,
        "max": -0.020419005304624527,
        "ratio": 0.07729912537395854,
        "trigger_rate": 1.0
      },
      "r_angle": {
        "sum": -35.98794596355431,
        "abs_sum": 35.98794596355431,
        "mean": -0.0959678559028115,
        "std": 0.11282738023354509,
        "min": -0.6,
        "max": -0.00043984045763316714,
        "ratio": 0.015104744531778354,
        "trigger_rate": 1.0
      },
      "r_energy": {
        "sum": -1.29,
        "abs_sum": 1.29,
        "mean": -0.00344,
        "std": 0.009558577299996061,
        "min": -0.03,
        "max": -0.0,
        "ratio": 0.0005414346366343618,
        "trigger_rate": 0.11466666666666667
      },
      "r_contact": {
        "sum": 720.0,
        "abs_sum": 720.0,
        "mean": 1.92,
        "std": 5.89182484464703,
        "min": 0.0,
        "max": 20.0,
        "ratio": 0.30219607626103917,
        "trigger_rate": 0.096
      },
      "reward": {
        "sum": 211.5554397044986,
        "abs_sum": 1154.1145017158078,
        "mean": 0.5641478392119963,
        "std": 6.0007607265768845,
        "min": -1.7291374931960595,
        "max": 19.75647607521362,
        "ratio": 0.4844012138534465,
        "trigger_rate": 1.0
      }
    },
    "dominant_component": "reward",
    "dominant_component_ratio": 0.4844012138534465
  },
  "edit_plan": [
    {
      "operator": "clip_component",
      "target": "r_distance",
      "clip": [
        -1.0,
        1.0
      ]
    }
  ],
  "outcome": {
    "note": "Outcome is measured after training the edited schema in the next iteration.",
    "hack_score_before": 0.75,
    "task_score_before": 0.06439021050606514
  },
  "lesson": "Fallback edit policy generated a conservative edit plan from diagnostics.",
  "metadata": {
    "config_path": "configs/eg_rsa_minimal.yml",
    "iteration": 1,
    "validation_errors": [
      "target not found: reward",
      "No valid edit remained; used safe fallback edit plan."
    ],
    "experiment_mode": {
      "use_memory": true,
      "use_attribution": true,
      "use_hack_detector": true,
      "use_llm_edit": true,
      "use_operator_constraints": true,
      "free_rewrite": false,
      "one_shot": false
    }
  }
}