{
  "note": "Post-hoc oracle reward evaluation only. Not used by EG-RSA reward search.",
  "env_id": "LunarLander-v3",
  "num_episodes": 5,
  "return_mean": -108.56658059885163,
  "return_std": 9.409789277477467,
  "episode_length_mean": 57.6,
  "episode_returns": [
    -104.22845621610418,
    -120.22300033041188,
    -107.87456894060321,
    -116.77725169037728,
    -93.72962581676148
  ],
  "episode_lengths": [
    54,
    53,
    62,
    69,
    50
  ]
}