{
  "attribution": {
    "episode_reward_mean": 2251.5897939124206,
    "episode_reward_std": 1196.5268770200346,
    "component_stats": {
      "r_approach_region": {
        "sum": 8634.602598668616,
        "abs_sum": 8634.602598668616,
        "mean": 1.3493674947130203,
        "std": 0.2977243157305069,
        "min": 0.39314385196029256,
        "max": 1.5,
        "ratio": 0.4752193970056926,
        "trigger_rate": 1.0
      },
      "r_approach_progress": {
        "sum": 12.615118865787647,
        "abs_sum": 12.615118865787647,
        "mean": 0.001971420357210134,
        "std": 0.006881244842288004,
        "min": 0.0,
        "max": 0.06120669983707394,
        "ratio": 0.0006942935835262545,
        "trigger_rate": 0.1875293014533521
      },
      "r_stability": {
        "sum": 4180.972179517399,
        "abs_sum": 4180.972179517399,
        "mean": 0.6533789935173306,
        "std": 0.20441085535397194,
        "min": 0.15019922986008907,
        "max": 0.9738986256977046,
        "ratio": 0.2301066036732478,
        "trigger_rate": 1.0
      },
      "r_landing_quality": {
        "sum": 5263.028454247562,
        "abs_sum": 5263.028454247562,
        "mean": 0.8224767079618006,
        "std": 0.4205294265326128,
        "min": 0.09423459755267863,
        "max": 1.845344780558336,
        "ratio": 0.2896593305680306,
        "trigger_rate": 1.0
      },
      "r_energy": {
        "sum": -78.5,
        "abs_sum": 78.5,
        "mean": -0.012267541803406782,
        "std": 0.009739520222772921,
        "min": -0.02,
        "max": -0.0,
        "ratio": 0.004320375169402579,
        "trigger_rate": 0.6133770901703391
      },
      "r_safe_contact_once": {
        "sum": 0.0,
        "abs_sum": 0.0,
        "mean": 0.0,
        "std": 0.0,
        "min": 0.0,
        "max": 0.0,
        "ratio": 0.0,
        "trigger_rate": 0.0
      },
      "r_stable_landing_once": {
        "sum": 0.0,
        "abs_sum": 0.0,
        "mean": 0.0,
        "std": 0.0,
        "min": 0.0,
        "max": 0.0,
        "ratio": 0.0,
        "trigger_rate": 0.0
      }
    },
    "dominant_component": "r_approach_region",
    "dominant_component_ratio": 0.4752193970056926
  },
  "diagnostics": {
    "hack_flags": {
      "high_reward_low_progress": false,
      "component_dominance": false,
      "repeated_event_exploitation": true,
      "shaping_goal_mismatch": true
    },
    "failure_modes": [
      "repeated_event_exploitation",
      "shaping_goal_mismatch"
    ],
    "hack_score": 0.5,
    "suspected_components": [],
    "dominant_component": "r_approach_region",
    "dominant_component_ratio": 0.4752193970056926,
    "repeated_event_details": {
      "flag": true,
      "event_toggle_counts": {
        "landing_region": 20,
        "right_contact": 26,
        "contact": 27,
        "left_contact": 13,
        "both_contact": 12
      },
      "max_event": "contact",
      "max_toggle_count": 27
    }
  },
  "experiment_mode": {
    "use_memory": true,
    "use_attribution": true,
    "use_hack_detector": true,
    "use_llm_edit": true,
    "use_operator_constraints": true,
    "free_rewrite": false,
    "one_shot": false
  }
}