{
  "note": "Post-hoc oracle reward evaluation only. Not used by EG-RSA reward search.",
  "env_id": "LunarLander-v2",
  "num_episodes": 8,
  "return_mean": -9.276864654161576,
  "return_std": 40.99058426276173,
  "episode_length_mean": 889.0,
  "episode_returns": [
    -35.133813015563334,
    33.49943250971518,
    -67.11452587597822,
    -7.099951006359518,
    36.59952156285989,
    -69.61411244624986,
    2.609815768756433,
    32.03871526952682
  ],
  "episode_lengths": [
    1000,
    112,
    1000,
    1000,
    1000,
    1000,
    1000,
    1000
  ]
}