{
  "eval_generated_return": -78.96601859065703,
  "eval_hidden_return": -118.00238434201296,
  "eval_episode_length": 73.0,
  "component_returns": {
    "distance_penalty": -11.909990695817395,
    "velocity_penalty": -9.581753540784119,
    "angle_penalty": -6.424274354055524,
    "fuel_efficiency": -1.05,
    "touchdown_bonus": 0.0,
    "terminal": -50.0
  },
  "diagnostics": {
    "generated_private_gap": 39.03636575135593,
    "action_mean": 0.06712328767123288,
    "action_std": 0.4215284629465994,
    "episode_length_mean": 73.0,
    "component_returns": {
      "distance_penalty": -11.909990695817395,
      "velocity_penalty": -9.581753540784119,
      "angle_penalty": -6.424274354055524,
      "fuel_efficiency": -1.05,
      "touchdown_bonus": 0.0,
      "terminal": -50.0
    },
    "ppo_n_envs": 1,
    "ppo_vec_env_type": "dummy",
    "ppo_total_timesteps": 300000,
    "ppo_n_steps": 1024,
    "ppo_batch_size": 64,
    "ppo_n_epochs": 4,
    "ppo_gae_lambda": 0.98,
    "ppo_gamma": 0.999,
    "ppo_ent_coef": 0.01,
    "ppo_learning_rate": 0.0003,
    "ppo_clip_range": 0.2,
    "ppo_vf_coef": 0.5,
    "ppo_max_grad_norm": 0.5
  }
}