{
  "eval_generated_return": -83.0888201355818,
  "eval_hidden_return": -115.27432737399424,
  "eval_episode_length": 69.0,
  "component_returns": {
    "distance_penalty": -130.86446156868115,
    "velocity_penalty": -71.01762864841058,
    "angle_penalty": -7.498989041765162,
    "shaping_bonus": 1.2922591232750613,
    "engine_usage_penalty": 0.0,
    "terminal": 150.0,
    "crash_penalty": -25.0
  },
  "diagnostics": {
    "generated_private_gap": 32.18550723841244,
    "action_mean": 1.9043478260869566,
    "action_std": 1.0589076655848726,
    "episode_length_mean": 69.0,
    "component_returns": {
      "distance_penalty": -130.86446156868115,
      "velocity_penalty": -71.01762864841058,
      "angle_penalty": -7.498989041765162,
      "shaping_bonus": 1.2922591232750613,
      "engine_usage_penalty": 0.0,
      "terminal": 150.0,
      "crash_penalty": -25.0
    },
    "n_envs": 16,
    "vec_env_type": "dummy",
    "n_steps": 1024,
    "batch_size": 64,
    "n_epochs": 4,
    "gae_lambda": 0.98,
    "gamma": 0.999,
    "ent_coef": 0.01
  }
}