{
  "attribution": {
    "episode_reward_mean": 1850.4374620051785,
    "episode_reward_std": 266.4852334040076,
    "component_stats": {
      "r_approach_region": {
        "sum": 3492.1818721150457,
        "abs_sum": 3492.1818721150457,
        "mean": 0.5820303120191743,
        "std": 0.12921170802133566,
        "min": 0.19987514665502637,
        "max": 0.75,
        "ratio": 0.2838981886852629,
        "trigger_rate": 1.0
      },
      "r_approach_progress": {
        "sum": 8.610456262124941,
        "abs_sum": 8.610456262124941,
        "mean": 0.0014350760436874902,
        "std": 0.0027848535220736832,
        "min": 0.0,
        "max": 0.014860329702391262,
        "ratio": 0.0006999901568959348,
        "trigger_rate": 0.4088333333333333
      },
      "r_stability": {
        "sum": 4408.524979688226,
        "abs_sum": 4408.524979688226,
        "mean": 0.734754163281371,
        "std": 0.15890574277760763,
        "min": 0.2008183380567554,
        "max": 0.9788010189837855,
        "ratio": 0.35839263312743963,
        "trigger_rate": 1.0
      },
      "r_landing_quality": {
        "sum": 3792.407463965668,
        "abs_sum": 3792.407463965668,
        "mean": 0.6320679106609446,
        "std": 0.2944849809097279,
        "min": 0.07983325241432837,
        "max": 1.6310271203633402,
        "ratio": 0.3083051367895238,
        "trigger_rate": 1.0
      },
      "r_energy": {
        "sum": -599.0999999999999,
        "abs_sum": 599.0999999999999,
        "mean": -0.09984999999999998,
        "std": 0.0038700775186034713,
        "min": -0.1,
        "max": -0.0,
        "ratio": 0.048704051240701755,
        "trigger_rate": 0.9985
      },
      "r_safe_contact_once": {
        "sum": 0.0,
        "abs_sum": 0.0,
        "mean": 0.0,
        "std": 0.0,
        "min": 0.0,
        "max": 0.0,
        "ratio": 0.0,
        "trigger_rate": 0.0
      },
      "r_stable_landing_once": {
        "sum": 0.0,
        "abs_sum": 0.0,
        "mean": 0.0,
        "std": 0.0,
        "min": 0.0,
        "max": 0.0,
        "ratio": 0.0,
        "trigger_rate": 0.0
      }
    },
    "dominant_component": "r_stability",
    "dominant_component_ratio": 0.35839263312743963
  },
  "diagnostics": {
    "hack_flags": {
      "high_reward_low_progress": false,
      "component_dominance": false,
      "repeated_event_exploitation": false,
      "shaping_goal_mismatch": true,
      "terminal_success_dominance": false,
      "unstable_contact_behavior": true,
      "reward_repetition_risk": false
    },
    "failure_modes": [
      "shaping_goal_mismatch"
    ],
    "hack_score": 0.2,
    "suspected_components": [],
    "dominant_component": "r_stability",
    "dominant_component_ratio": 0.35839263312743963,
    "raw_component_dominance": false,
    "benign_terminal_dominance": false,
    "repeated_event_details": {
      "flag": false,
      "event_toggle_counts": {},
      "max_event": null,
      "max_toggle_count": 0
    },
    "semantic_notes": [
      "contact_or_landing_toggles_observed_but_not_repeated_reward_exploitation"
    ]
  },
  "semantic_outcome": {
    "episode_count": 6,
    "semantic_score": 0.17366830198547414,
    "success_episode_rate": 0.0,
    "terminal_reward_paid_episode_rate": 0.0,
    "terminal_reward_payment_count_mean": 0.0,
    "terminal_reward_payment_count_max": 0,
    "safe_contact_episode_rate": 0.0,
    "stable_landing_episode_rate": 0.0,
    "progress_score_mean": 0.27366830198547415,
    "progress_score_std": 0.05655437178285032,
    "episode_length_mean": 1000.0,
    "episode_length_std": 0.0,
    "contact_toggle_mean": 9.833333333333334,
    "contact_toggle_max": 13.0,
    "reward_repetition_risk": false,
    "one_time_repeat_violations": [],
    "terminal_goal_evidence": false,
    "unstable_contact_behavior": true,
    "event_rule_payment_stats": {
      "r_stable_landing_once": {
        "episode_payment_counts": [
          0,
          0,
          0,
          0,
          0,
          0
        ],
        "episode_paid_rate": 0.0,
        "payment_count_mean": 0.0,
        "payment_count_max": 0,
        "one_time": true
      }
    },
    "terminal_rule_names": [
      "r_stable_landing_once"
    ],
    "one_time_rule_names": [
      "r_safe_contact_once",
      "r_stable_landing_once"
    ],
    "semantic_risks": [
      "unstable_contact_behavior"
    ]
  },
  "experiment_mode": {
    "use_memory": true,
    "use_attribution": true,
    "use_hack_detector": true,
    "use_llm_edit": true,
    "use_operator_constraints": true,
    "free_rewrite": false,
    "one_shot": false
  }
}