{
  "note": "Post-hoc oracle reward evaluation only. Not used by EG-RSA reward search.",
  "env_id": "LunarLander-v2",
  "num_episodes": 6,
  "return_mean": -66.09772842622179,
  "return_std": 19.737978584650318,
  "episode_length_mean": 1000.0,
  "episode_returns": [
    -64.55374756704678,
    -74.15043702713868,
    -92.39440738190788,
    -28.130931786844982,
    -60.804928152920475,
    -76.55191864147193
  ],
  "episode_lengths": [
    1000,
    1000,
    1000,
    1000,
    1000,
    1000
  ]
}