{
  "attribution": {
    "episode_reward_mean": 2638.3806694464774,
    "episode_reward_std": 86.10578784890541,
    "component_stats": {
      "r_approach_region": {
        "sum": 7790.613754501219,
        "abs_sum": 7790.613754501219,
        "mean": 0.7790613754501219,
        "std": 0.2039337801297703,
        "min": 0.2385679754269917,
        "max": 0.8999999999999999,
        "ratio": 0.2908785487840092,
        "trigger_rate": 1.0
      },
      "r_approach_progress": {
        "sum": 14.341237216802037,
        "abs_sum": 14.341237216802037,
        "mean": 0.0014341237216802037,
        "std": 0.0022199188570115685,
        "min": 0.0,
        "max": 0.010311219398998261,
        "ratio": 0.0005354595158796545,
        "trigger_rate": 0.3263
      },
      "r_stability": {
        "sum": 7261.60828424549,
        "abs_sum": 7261.60828424549,
        "mean": 0.726160828424549,
        "std": 0.13187116191891665,
        "min": 0.24505681825478162,
        "max": 0.9804966365186775,
        "ratio": 0.27112704417400557,
        "trigger_rate": 1.0
      },
      "r_landing_quality": {
        "sum": 11516.863418501278,
        "abs_sum": 11516.863418501278,
        "mean": 1.1516863418501277,
        "std": 0.5329577720766512,
        "min": 0.09231135630251146,
        "max": 1.960993273037355,
        "ratio": 0.4300057252590331,
        "trigger_rate": 1.0
      },
      "r_energy": {
        "sum": -199.61999999999998,
        "abs_sum": 199.61999999999998,
        "mean": -0.019961999999999997,
        "std": 0.0008709512041440667,
        "min": -0.02,
        "max": -0.0,
        "ratio": 0.0074532222669510895,
        "trigger_rate": 0.9981
      },
      "r_safe_contact_once": {
        "sum": 0.0,
        "abs_sum": 0.0,
        "mean": 0.0,
        "std": 0.0,
        "min": 0.0,
        "max": 0.0,
        "ratio": 0.0,
        "trigger_rate": 0.0
      },
      "r_stable_landing_once": {
        "sum": 0.0,
        "abs_sum": 0.0,
        "mean": 0.0,
        "std": 0.0,
        "min": 0.0,
        "max": 0.0,
        "ratio": 0.0,
        "trigger_rate": 0.0
      }
    },
    "dominant_component": "r_landing_quality",
    "dominant_component_ratio": 0.4300057252590331
  },
  "diagnostics": {
    "hack_flags": {
      "high_reward_low_progress": false,
      "component_dominance": false,
      "repeated_event_exploitation": true,
      "shaping_goal_mismatch": true,
      "terminal_success_dominance": false,
      "unstable_contact_behavior": true,
      "reward_repetition_risk": false
    },
    "failure_modes": [
      "repeated_event_exploitation",
      "shaping_goal_mismatch"
    ],
    "hack_score": 0.4,
    "suspected_components": [],
    "dominant_component": "r_landing_quality",
    "dominant_component_ratio": 0.4300057252590331,
    "raw_component_dominance": false,
    "benign_terminal_dominance": false,
    "repeated_event_details": {
      "flag": true,
      "event_toggle_counts": {
        "landing_region": 16
      },
      "max_event": "landing_region",
      "max_toggle_count": 16
    },
    "semantic_notes": []
  },
  "semantic_outcome": {
    "episode_count": 10,
    "semantic_score": 0.6566474581534946,
    "success_episode_rate": 0.0,
    "terminal_reward_paid_episode_rate": 0.0,
    "terminal_reward_payment_count_mean": 0.0,
    "terminal_reward_payment_count_max": 0,
    "safe_contact_episode_rate": 0.0,
    "stable_landing_episode_rate": 0.0,
    "progress_score_mean": 0.7566474581534945,
    "progress_score_std": 0.08437500238111578,
    "episode_length_mean": 1000.0,
    "episode_length_std": 0.0,
    "contact_toggle_mean": 14.8,
    "contact_toggle_max": 24.0,
    "reward_repetition_risk": false,
    "one_time_repeat_violations": [],
    "terminal_goal_evidence": false,
    "unstable_contact_behavior": true,
    "event_rule_payment_stats": {
      "r_stable_landing_once": {
        "episode_payment_counts": [
          0,
          0,
          0,
          0,
          0,
          0,
          0,
          0,
          0,
          0
        ],
        "episode_paid_rate": 0.0,
        "payment_count_mean": 0.0,
        "payment_count_max": 0,
        "one_time": true
      }
    },
    "terminal_rule_names": [
      "r_stable_landing_once"
    ],
    "one_time_rule_names": [
      "r_safe_contact_once",
      "r_stable_landing_once"
    ],
    "semantic_risks": [
      "unstable_contact_behavior"
    ]
  },
  "experiment_mode": {
    "use_memory": true,
    "use_attribution": true,
    "use_hack_detector": true,
    "use_llm_edit": true,
    "use_operator_constraints": true,
    "free_rewrite": false,
    "one_shot": false
  }
}