{
  "note": "Post-hoc oracle reward evaluation only. Not used by EG-RSA reward search.",
  "env_id": "LunarLander-v3",
  "num_episodes": 10,
  "return_mean": -12.2229714935358,
  "return_std": 25.53344782683582,
  "episode_length_mean": 1000.0,
  "episode_returns": [
    18.99737019446889,
    4.044026547158424,
    -51.07291750433843,
    -20.04681977765172,
    0.8909003423562567,
    -39.55043142395007,
    7.689218684353491,
    -54.22446148176173,
    4.981876776675956,
    6.061522707330942
  ],
  "episode_lengths": [
    1000,
    1000,
    1000,
    1000,
    1000,
    1000,
    1000,
    1000,
    1000,
    1000
  ]
}